identifiant_activite,identifiant_client,identifiant_institution,mois,recettes_reelles,charges_reelles,revenu_net_reel,indice_saison,effet_evenement,effet_macro
ACT-000003,CLT-000003,INS-001,2021-01,747748,701164,46585,1.1472,1.0000,1.0000
ACT-000003,CLT-000003,INS-001,2021-02,934299,876092,58207,1.0850,1.0000,1.0000
ACT-000003,CLT-000003,INS-001,2021-03,750004,703279,46725,1.0000,1.0000,1.0000
ACT-000003,CLT-000003,INS-001,2021-04,678015,635775,42240,0.9150,1.0000,1.0000
ACT-000003,CLT-000003,INS-001,2021-05,692564,649418,43147,0.8528,1.0000,1.0000
ACT-000003,CLT-000003,INS-001,2021-06,616921,578487,38434,0.8300,1.0000,1.0000
ACT-000003,CLT-000003,INS-001,2021-07,631206,591882,39324,0.8528,1.0000,1.0000
ACT-000003,CLT-000003,INS-001,2021-08,847246,794463,52783,0.9150,1.2019,1.0000
ACT-000003,CLT-000003,INS-001,2021-09,710684,666408,44276,1.0000,1.2019,1.0000
ACT-000003,CLT-000003,INS-001,2021-10,887755,832448,55307,1.0850,1.2019,1.0000
ACT-000003,CLT-000003,INS-001,2021-11,840008,787675,52332,1.1472,1.2019,1.0000
ACT-000003,CLT-000003,INS-001,2021-12,860975,807337,53639,1.1700,1.2019,1.0000
ACT-000003,CLT-000003,INS-001,2022-01,889057,833669,55388,1.1472,1.2019,1.0000
ACT-000003,CLT-000003,INS-001,2022-02,918391,861176,57216,1.0850,1.0000,1.0000
ACT-000003,CLT-000003,INS-001,2022-03,818957,767936,51021,1.0000,1.0000,1.0000
ACT-000003,CLT-000003,INS-001,2022-04,683461,640881,42580,0.9150,1.0000,1.0000
ACT-000003,CLT-000003,INS-001,2022-05,334101,313287,20814,0.8528,0.4497,1.0000
ACT-000003,CLT-000003,INS-001,2022-06,323017,302893,20124,0.8300,0.4497,1.0000
ACT-000003,CLT-000003,INS-001,2022-07,366037,343233,22804,0.8528,0.4497,1.0000
ACT-000003,CLT-000003,INS-001,2022-08,357147,334896,22250,0.9150,0.4497,1.0000
ACT-000003,CLT-000003,INS-001,2022-09,655623,614778,40845,1.0000,1.0000,1.0000
ACT-000003,CLT-000003,INS-001,2022-10,835131,830089,5043,1.0850,1.0844,1.0000
ACT-000003,CLT-000003,INS-001,2022-11,1092643,1086046,6597,1.1472,1.0844,1.0000
ACT-000003,CLT-000003,INS-001,2022-12,1221912,1214534,7378,1.1700,1.0844,1.0000
ACT-000003,CLT-000003,INS-001,2023-01,1001637,958020,43617,1.1472,1.0844,1.0000
ACT-000003,CLT-000003,INS-001,2023-02,723435,691932,31503,1.0850,1.0844,1.0000
ACT-000003,CLT-000003,INS-001,2023-03,776988,743153,33835,1.0000,1.0844,1.0000
ACT-000003,CLT-000003,INS-001,2023-04,527633,504657,22976,0.9150,0.5511,1.0000
ACT-000003,CLT-000003,INS-001,2023-05,693828,663615,30213,0.8528,1.0000,1.0000
ACT-000003,CLT-000003,INS-001,2023-06,732086,686477,45609,0.8300,1.0000,1.0000
ACT-000003,CLT-000003,INS-001,2023-07,823340,772046,51294,0.8528,1.0000,1.0000
ACT-000003,CLT-000003,INS-001,2023-08,784982,736078,48904,0.9150,1.0000,1.0000
ACT-000003,CLT-000003,INS-001,2023-09,874500,820019,54481,1.0000,1.0000,1.0000
ACT-000003,CLT-000003,INS-001,2023-10,910733,853994,56739,1.0850,1.0000,1.0000
ACT-000003,CLT-000003,INS-001,2023-11,1046165,980989,65176,1.1472,1.0000,1.0000
ACT-000003,CLT-000003,INS-001,2023-12,1205804,1130682,75122,1.1700,1.0000,1.0000
ACT-000003,CLT-000003,INS-001,2024-01,1127832,1078719,49113,1.1472,1.0000,1.0239
ACT-000003,CLT-000003,INS-001,2024-02,1649218,1577402,71817,1.0850,1.0000,1.0239
ACT-000003,CLT-000003,INS-001,2024-03,980004,937329,42675,1.0000,1.0000,1.0239
ACT-000003,CLT-000003,INS-001,2024-04,1327464,1269658,57806,0.9150,1.0000,1.0239
ACT-000003,CLT-000003,INS-001,2024-05,884308,845800,38508,0.8528,1.0000,1.0239
ACT-000003,CLT-000003,INS-001,2024-06,743660,711277,32383,0.8300,1.0000,1.0239
ACT-000003,CLT-000003,INS-001,2024-07,874505,836424,38081,0.8528,1.0000,1.0239
ACT-000003,CLT-000003,INS-001,2024-08,743458,711083,32375,0.9150,1.0000,1.0239
ACT-000004,CLT-000003,INS-001,2021-01,144335,99331,45004,1.2111,1.0000,1.0000
ACT-000004,CLT-000003,INS-001,2021-02,166047,114274,51773,1.1219,1.0000,1.0000
ACT-000004,CLT-000003,INS-001,2021-03,143755,98932,44823,1.0000,1.0000,1.0000
ACT-000004,CLT-000003,INS-001,2021-04,102218,70346,31872,0.8781,1.0000,1.0000
ACT-000004,CLT-000003,INS-001,2021-05,106007,72954,33053,0.7889,1.0000,1.0000
ACT-000004,CLT-000003,INS-001,2021-06,115775,79677,36099,0.7563,1.0000,1.0000
ACT-000004,CLT-000003,INS-001,2021-07,105384,72525,32859,0.7889,1.0000,1.0000
ACT-000004,CLT-000003,INS-001,2021-08,110680,76170,34510,0.8782,1.2019,1.0000
ACT-000004,CLT-000003,INS-001,2021-09,193473,133148,60325,1.0000,1.2019,1.0000
ACT-000004,CLT-000003,INS-001,2021-10,183054,125978,57076,1.1219,1.2019,1.0000
ACT-000004,CLT-000003,INS-001,2021-11,220192,151536,68656,1.2111,1.2019,1.0000
ACT-000004,CLT-000003,INS-001,2021-12,182552,125632,56920,1.2437,1.2019,1.0000
ACT-000004,CLT-000003,INS-001,2022-01,122801,84511,38289,1.2111,1.2019,1.0000
ACT-000004,CLT-000003,INS-001,2022-02,100630,69253,31376,1.1219,1.0000,1.0000
ACT-000004,CLT-000003,INS-001,2022-03,79278,54559,24719,1.0000,1.0000,1.0000
ACT-000004,CLT-000003,INS-001,2022-04,52426,36079,16346,0.8781,1.0000,1.0000
ACT-000004,CLT-000003,INS-001,2022-05,25665,17662,8002,0.7889,0.4497,1.0000
ACT-000004,CLT-000003,INS-001,2022-06,36363,25025,11338,0.7563,0.4497,1.0000
ACT-000004,CLT-000003,INS-001,2022-07,38789,26695,12094,0.7889,0.4497,1.0000
ACT-000004,CLT-000003,INS-001,2022-08,44941,30928,14012,0.8782,0.4497,1.0000
ACT-000004,CLT-000003,INS-001,2022-09,99023,68148,30875,1.0000,1.0000,1.0000
ACT-000004,CLT-000003,INS-001,2022-10,208542,152130,56412,1.1219,1.0844,1.0000
ACT-000004,CLT-000003,INS-001,2022-11,185838,135567,50271,1.2111,1.0844,1.0000
ACT-000004,CLT-000003,INS-001,2022-12,163513,119282,44232,1.2437,1.0844,1.0000
ACT-000004,CLT-000003,INS-001,2023-01,171904,120671,51234,1.2111,1.0844,1.0000
ACT-000004,CLT-000003,INS-001,2023-02,187051,131303,55748,1.1219,1.0844,1.0000
ACT-000004,CLT-000003,INS-001,2023-03,164469,115451,49018,1.0000,1.0844,1.0000
ACT-000004,CLT-000003,INS-001,2023-04,71447,50154,21294,0.8781,0.5511,1.0000
ACT-000004,CLT-000003,INS-001,2023-05,128011,89859,38152,0.7889,1.0000,1.0000
ACT-000004,CLT-000003,INS-001,2023-06,109369,75267,34101,0.7563,1.0000,1.0000
ACT-000004,CLT-000003,INS-001,2023-07,131345,90392,40953,0.7889,1.0000,1.0000
ACT-000004,CLT-000003,INS-001,2023-08,185564,127705,57859,0.8782,1.0000,1.0000
ACT-000004,CLT-000003,INS-001,2023-09,180600,124289,56311,1.0000,1.0000,1.0000
ACT-000004,CLT-000003,INS-001,2023-10,129246,88947,40299,1.1219,1.0000,1.0000
ACT-000004,CLT-000003,INS-001,2023-11,177661,122266,55395,1.2111,1.0000,1.0000
ACT-000004,CLT-000003,INS-001,2023-12,180348,124115,56232,1.2437,1.0000,1.0000
ACT-000004,CLT-000003,INS-001,2024-01,213130,149610,63521,1.2111,1.0000,1.0239
ACT-000004,CLT-000003,INS-001,2024-02,200172,140514,59658,1.1219,1.0000,1.0239
ACT-000004,CLT-000003,INS-001,2024-03,139725,98082,41643,1.0000,1.0000,1.0239
ACT-000004,CLT-000003,INS-001,2024-04,115216,80877,34338,0.8781,1.0000,1.0239
ACT-000004,CLT-000003,INS-001,2024-05,160214,112464,47750,0.7889,1.0000,1.0239
ACT-000004,CLT-000003,INS-001,2024-06,137501,96520,40980,0.7563,1.0000,1.0239
ACT-000004,CLT-000003,INS-001,2024-07,150312,105513,44798,0.7889,1.0000,1.0239
ACT-000004,CLT-000003,INS-001,2024-08,209144,146811,62332,0.8782,1.0000,1.0239
ACT-000005,CLT-000004,INS-001,2021-01,154404,109457,44947,1.5492,1.0000,1.0000
ACT-000005,CLT-000004,INS-001,2021-02,111642,79143,32499,1.3171,1.0000,1.0000
ACT-000005,CLT-000004,INS-001,2021-03,99861,70791,29070,1.0000,1.0000,1.0000
ACT-000005,CLT-000004,INS-001,2021-04,56457,40023,16435,0.6829,1.0000,1.0000
ACT-000005,CLT-000004,INS-001,2021-05,38660,27406,11254,0.4508,1.0000,1.0000
ACT-000006,CLT-000004,INS-001,2021-01,242459,163369,79090,0.6523,1.0000,1.0000
ACT-000006,CLT-000004,INS-001,2021-02,138226,93137,45089,0.3979,1.0000,1.0000
ACT-000006,CLT-000004,INS-001,2021-03,98787,66562,32224,0.3047,1.0000,1.0000
ACT-000006,CLT-000004,INS-001,2021-04,161185,108607,52579,0.3979,1.0000,1.0000
ACT-000006,CLT-000004,INS-001,2021-05,184110,124053,60057,0.6524,1.0000,1.0000
ACT-000008,CLT-000006,INS-001,2021-01,221185,214328,6857,1.1079,1.0000,1.0000
ACT-000008,CLT-000006,INS-001,2021-02,225562,218569,6992,1.0000,1.0000,1.0000
ACT-000008,CLT-000006,INS-001,2021-03,152964,148222,4742,0.8920,1.0000,1.0000
ACT-000008,CLT-000006,INS-001,2021-04,130675,126624,4051,0.8130,1.0000,1.0000
ACT-000008,CLT-000006,INS-001,2021-05,132822,128705,4117,0.7841,1.0000,1.0000
ACT-000008,CLT-000006,INS-001,2021-06,157499,152616,4882,0.8130,1.0000,1.0000
ACT-000008,CLT-000006,INS-001,2021-07,180541,174944,5597,0.8921,1.0000,1.0000
ACT-000008,CLT-000006,INS-001,2021-08,213642,207020,6623,1.0000,1.0000,1.0000
ACT-000008,CLT-000006,INS-001,2021-09,208565,202100,6466,1.1079,1.0000,1.0000
ACT-000008,CLT-000006,INS-001,2021-10,222321,215429,6892,1.1870,1.0000,1.0000
ACT-000008,CLT-000006,INS-001,2021-11,202739,196454,6285,1.2159,1.0000,1.0000
ACT-000008,CLT-000006,INS-001,2021-12,219531,212725,6805,1.1870,1.0000,1.0000
ACT-000008,CLT-000006,INS-001,2022-01,214124,207486,6638,1.1079,1.0000,1.0000
ACT-000008,CLT-000006,INS-001,2022-02,188338,182499,5838,1.0000,1.0000,1.0000
ACT-000008,CLT-000006,INS-001,2022-03,189541,183665,5876,0.8920,1.2442,1.0000
ACT-000008,CLT-000006,INS-001,2022-04,199443,193260,6183,0.8130,1.5168,1.0000
ACT-000008,CLT-000006,INS-001,2022-05,266939,258663,8275,0.7841,1.5168,1.0000
ACT-000008,CLT-000006,INS-001,2022-06,300349,291038,9311,0.8130,1.5168,1.0000
ACT-000008,CLT-000006,INS-001,2022-07,337443,326983,10461,0.8921,1.6674,1.0000
ACT-000008,CLT-000006,INS-001,2022-08,367873,356469,11404,1.0000,1.6674,1.0000
ACT-000008,CLT-000006,INS-001,2022-09,321230,311272,9958,1.1079,1.3678,1.0000
ACT-000008,CLT-000006,INS-001,2022-10,290546,298432,-7885,1.1870,1.0993,1.0000
ACT-000008,CLT-000006,INS-001,2022-11,254039,260934,-6895,1.2159,1.0000,1.0000
ACT-000008,CLT-000006,INS-001,2022-12,217951,223866,-5915,1.1870,1.0000,1.0000
ACT-000008,CLT-000006,INS-001,2023-01,222464,219879,2585,1.1079,1.0000,1.0000
ACT-000008,CLT-000006,INS-001,2023-02,169623,167652,1971,1.0000,1.0000,1.0000
ACT-000008,CLT-000006,INS-001,2023-03,177626,175562,2064,0.8920,1.0000,1.0000
ACT-000008,CLT-000006,INS-001,2023-04,170778,168794,1984,0.8130,1.0000,1.0000
ACT-000008,CLT-000006,INS-001,2023-05,155764,153954,1810,0.7841,1.0000,1.0000
ACT-000008,CLT-000006,INS-001,2023-06,178924,173377,5547,0.8130,1.0000,1.0000
ACT-000008,CLT-000006,INS-001,2023-07,185288,179544,5744,0.8921,1.0000,1.0000
ACT-000008,CLT-000006,INS-001,2023-08,201620,195370,6250,1.0000,1.0000,1.0000
ACT-000008,CLT-000006,INS-001,2023-09,251846,244038,7807,1.1079,1.0000,1.0000
ACT-000008,CLT-000006,INS-001,2023-10,261186,253089,8097,1.1870,1.0000,1.0000
ACT-000008,CLT-000006,INS-001,2023-11,229143,222039,7103,1.2159,1.0000,1.0000
ACT-000008,CLT-000006,INS-001,2023-12,201177,194941,6236,1.1870,1.0000,1.0000
ACT-000008,CLT-000006,INS-001,2024-01,261643,258603,3040,1.1079,1.2116,1.0239
ACT-000008,CLT-000006,INS-001,2024-02,194114,191858,2256,1.0000,1.2116,1.0239
ACT-000008,CLT-000006,INS-001,2024-03,121569,120156,1413,0.8920,0.7788,1.0239
ACT-000008,CLT-000006,INS-001,2024-04,113309,111992,1317,0.8130,0.7788,1.0239
ACT-000008,CLT-000006,INS-001,2024-05,158346,156506,1840,0.7841,1.2116,1.0239
ACT-000008,CLT-000006,INS-001,2024-06,204605,202227,2378,0.8130,1.2116,1.0239
ACT-000008,CLT-000006,INS-001,2024-07,285680,282361,3320,0.8921,1.2116,1.0239
ACT-000008,CLT-000006,INS-001,2024-08,260373,257348,3026,1.0000,1.2116,1.0239
ACT-000008,CLT-000006,INS-001,2024-09,271686,268529,3157,1.1079,1.2116,1.0239
ACT-000008,CLT-000006,INS-001,2024-10,233807,231090,2717,1.1870,1.0000,1.0239
ACT-000008,CLT-000006,INS-001,2024-11,241026,238225,2801,1.2159,1.0000,1.0239
ACT-000008,CLT-000006,INS-001,2024-12,251565,248641,2923,1.1870,1.0000,1.0239
ACT-000008,CLT-000006,INS-001,2025-01,175700,212817,-37117,1.1079,0.6874,1.0000
ACT-000008,CLT-000006,INS-001,2025-02,150961,182852,-31891,1.0000,0.6874,1.0000
ACT-000008,CLT-000006,INS-001,2025-03,126680,153441,-26761,0.8920,0.6874,1.0000
ACT-000008,CLT-000006,INS-001,2025-04,137484,166527,-29043,0.8130,0.6874,1.0000
ACT-000008,CLT-000006,INS-001,2025-05,104895,127054,-22159,0.7841,0.6874,1.0000
ACT-000008,CLT-000006,INS-001,2025-06,107597,130326,-22730,0.8130,0.6874,1.0000
ACT-000008,CLT-000006,INS-001,2025-07,193889,234848,-40959,0.8921,1.0000,1.0000
ACT-000008,CLT-000006,INS-001,2025-08,220662,267277,-46615,1.0000,1.0000,1.0000
ACT-000008,CLT-000006,INS-001,2025-09,286762,347340,-60578,1.1079,1.0000,1.0000
ACT-000008,CLT-000006,INS-001,2025-10,310352,375914,-65562,1.1870,1.0766,1.0000
ACT-000008,CLT-000006,INS-001,2025-11,298875,362013,-63137,1.2159,1.0766,1.0000
ACT-000008,CLT-000006,INS-001,2025-12,287168,347833,-60664,1.1870,1.0766,1.0000
ACT-000010,CLT-000008,INS-001,2021-01,361688,271374,90313,1.1004,1.0000,1.0000
ACT-000010,CLT-000008,INS-001,2021-02,463867,348039,115828,1.0000,1.0000,1.0000
ACT-000010,CLT-000008,INS-001,2021-03,563137,422522,140615,0.8996,1.0000,1.0000
ACT-000010,CLT-000008,INS-001,2021-04,483426,362714,120711,0.8261,1.0000,1.0000
ACT-000010,CLT-000008,INS-001,2021-05,294674,221094,73580,0.7992,1.0000,1.0000
ACT-000010,CLT-000008,INS-001,2021-06,276157,207200,68956,0.8261,1.0000,1.0000
ACT-000010,CLT-000008,INS-001,2021-07,431748,323940,107807,0.8996,1.0000,1.0000
ACT-000010,CLT-000008,INS-001,2021-08,560589,420610,139979,1.0000,1.0000,1.0000
ACT-000010,CLT-000008,INS-001,2021-09,458671,344141,114530,1.1004,1.0000,1.0000
ACT-000010,CLT-000008,INS-001,2021-10,464270,348342,115928,1.1739,1.0000,1.0000
ACT-000010,CLT-000008,INS-001,2021-11,584034,438201,145833,1.2008,1.0000,1.0000
ACT-000010,CLT-000008,INS-001,2021-12,426752,320192,106560,1.1739,1.0000,1.0000
ACT-000010,CLT-000008,INS-001,2022-01,397845,298503,99342,1.1004,1.0000,1.0000
ACT-000010,CLT-000008,INS-001,2022-02,346281,259815,86466,1.0000,1.0000,1.0000
ACT-000010,CLT-000008,INS-001,2022-03,366339,274864,91475,0.8996,1.0000,1.0000
ACT-000010,CLT-000008,INS-001,2022-04,311216,233505,77711,0.8261,1.0000,1.0000
ACT-000010,CLT-000008,INS-001,2022-05,306263,229789,76474,0.7992,1.0000,1.0000
ACT-000010,CLT-000008,INS-001,2022-06,348085,261168,86917,0.8261,1.0000,1.0000
ACT-000010,CLT-000008,INS-001,2022-07,256152,192191,63961,0.8996,1.0000,1.0000
ACT-000010,CLT-000008,INS-001,2022-08,232676,174577,58099,1.0000,1.0000,1.0000
ACT-000010,CLT-000008,INS-001,2022-09,398457,298962,99495,1.1004,1.0000,1.0000
ACT-000010,CLT-000008,INS-001,2022-10,519560,413215,106345,1.1739,1.0000,1.0000
ACT-000010,CLT-000008,INS-001,2022-11,499825,397520,102305,1.2008,1.0000,1.0000
ACT-000010,CLT-000008,INS-001,2022-12,417701,332205,85496,1.1739,1.0000,1.0000
ACT-000010,CLT-000008,INS-001,2023-01,249216,190727,58490,1.1004,1.0000,1.0000
ACT-000010,CLT-000008,INS-001,2023-02,338280,258888,79392,1.0000,1.0000,1.0000
ACT-000010,CLT-000008,INS-001,2023-03,219951,168330,51621,0.8996,1.0000,1.0000
ACT-000010,CLT-000008,INS-001,2023-04,216689,165833,50856,0.8261,1.0000,1.0000
ACT-000010,CLT-000008,INS-001,2023-05,274518,210090,64428,0.7992,1.0000,1.0000
ACT-000010,CLT-000008,INS-001,2023-06,317607,238301,79306,0.8261,1.0000,1.0000
ACT-000010,CLT-000008,INS-001,2023-07,356507,267487,89020,0.8996,1.0000,1.0000
ACT-000010,CLT-000008,INS-001,2023-08,351950,264068,87882,1.0000,1.0000,1.0000
ACT-000010,CLT-000008,INS-001,2023-09,455491,341755,113736,1.1004,1.0000,1.0000
ACT-000010,CLT-000008,INS-001,2023-10,416798,312724,104074,1.1739,1.0000,1.0000
ACT-000010,CLT-000008,INS-001,2023-11,335280,251560,83719,1.2008,1.0000,1.0000
ACT-000010,CLT-000008,INS-001,2023-12,253632,190300,63332,1.1739,1.0000,1.0000
ACT-000010,CLT-000008,INS-001,2024-01,333612,255315,78297,1.1004,1.0000,1.0239
ACT-000010,CLT-000008,INS-001,2024-02,240224,183845,56379,1.0000,1.0000,1.0239
ACT-000010,CLT-000008,INS-001,2024-03,129713,99270,30443,0.8996,0.4468,1.0239
ACT-000010,CLT-000008,INS-001,2024-04,126726,96984,29742,0.8261,0.4468,1.0239
ACT-000010,CLT-000008,INS-001,2024-05,158547,121337,37210,0.7992,0.4468,1.0239
ACT-000010,CLT-000008,INS-001,2024-06,314339,240566,73774,0.8261,1.0000,1.0239
ACT-000010,CLT-000008,INS-001,2024-07,413568,316506,97062,0.8996,1.0000,1.0239
ACT-000010,CLT-000008,INS-001,2024-08,493869,377961,115908,1.0000,1.0000,1.0239
ACT-000010,CLT-000008,INS-001,2024-09,389017,297717,91300,1.1004,1.0000,1.0239
ACT-000010,CLT-000008,INS-001,2024-10,275576,210900,64676,1.1739,1.0000,1.0239
ACT-000010,CLT-000008,INS-001,2024-11,551024,421702,129322,1.2008,1.0000,1.0239
ACT-000010,CLT-000008,INS-001,2024-12,866327,663006,203322,1.1739,1.0000,1.0239
ACT-000010,CLT-000008,INS-001,2025-01,313723,294233,19490,1.1004,1.0000,1.0000
ACT-000010,CLT-000008,INS-001,2025-02,181423,170152,11271,1.0000,0.6993,1.0000
ACT-000010,CLT-000008,INS-001,2025-03,163951,153765,10185,0.8996,0.6993,1.0000
ACT-000010,CLT-000008,INS-001,2025-04,180163,168970,11193,0.8261,0.6993,1.0000
ACT-000010,CLT-000008,INS-001,2025-05,354332,332320,22013,0.7992,1.0000,1.0000
ACT-000010,CLT-000008,INS-001,2025-06,272570,255637,16933,0.8261,1.0000,1.0000
ACT-000010,CLT-000008,INS-001,2025-07,258363,242312,16051,0.8996,1.0000,1.0000
ACT-000010,CLT-000008,INS-001,2025-08,271514,254646,16868,1.0000,1.0000,1.0000
ACT-000010,CLT-000008,INS-001,2025-09,284448,266777,17671,1.1004,1.0000,1.0000
ACT-000010,CLT-000008,INS-001,2025-10,264084,247678,16406,1.1739,1.0000,1.0000
ACT-000010,CLT-000008,INS-001,2025-11,200045,187617,12428,1.2008,1.0000,1.0000
ACT-000010,CLT-000008,INS-001,2025-12,218295,204734,13562,1.1739,1.0000,1.0000
ACT-000011,CLT-000009,INS-001,2021-01,425209,336425,88784,1.1933,1.0000,1.0000
ACT-000011,CLT-000009,INS-001,2021-02,401119,317365,83754,1.1116,1.0000,1.0000
ACT-000011,CLT-000009,INS-001,2021-03,448046,354494,93552,1.0000,1.0000,1.0000
ACT-000011,CLT-000009,INS-001,2021-04,347106,274630,72476,0.8884,1.0000,1.0000
ACT-000011,CLT-000009,INS-001,2021-05,364047,288034,76013,0.8067,1.0000,1.0000
ACT-000011,CLT-000009,INS-001,2021-06,385862,305294,80568,0.7768,1.0000,1.0000
ACT-000011,CLT-000009,INS-001,2021-07,392862,310833,82030,0.8067,1.0000,1.0000
ACT-000011,CLT-000009,INS-001,2021-08,431489,341394,90095,0.8884,1.0000,1.0000
ACT-000011,CLT-000009,INS-001,2021-09,547709,433348,114362,1.0000,1.0000,1.0000
ACT-000011,CLT-000009,INS-001,2021-10,407328,322278,85050,1.1116,1.0000,1.0000
ACT-000011,CLT-000009,INS-001,2021-11,468857,370959,97897,1.1933,1.0000,1.0000
ACT-000011,CLT-000009,INS-001,2021-12,611305,483665,127641,1.2232,1.0000,1.0000
ACT-000011,CLT-000009,INS-001,2022-01,462112,365623,96489,1.1933,1.1031,1.0000
ACT-000011,CLT-000009,INS-001,2022-02,522419,413338,109081,1.1116,1.1031,1.0000
ACT-000012,CLT-000009,INS-001,2021-01,143378,117384,25994,1.2712,1.0000,1.0000
ACT-000012,CLT-000009,INS-001,2021-02,117662,96330,21332,1.1565,1.0000,1.0000
ACT-000012,CLT-000009,INS-001,2021-03,72643,59473,13170,1.0000,1.0000,1.0000
ACT-000012,CLT-000009,INS-001,2021-04,94894,77690,17204,0.8434,1.0000,1.0000
ACT-000012,CLT-000009,INS-001,2021-05,88436,72402,16033,0.7288,1.0000,1.0000
ACT-000012,CLT-000009,INS-001,2021-06,62003,50761,11241,0.6869,1.0000,1.0000
ACT-000012,CLT-000009,INS-001,2021-07,77546,63487,14059,0.7288,1.0000,1.0000
ACT-000012,CLT-000009,INS-001,2021-08,94463,77337,17126,0.8435,1.0000,1.0000
ACT-000012,CLT-000009,INS-001,2021-09,141797,116089,25708,1.0000,1.0000,1.0000
ACT-000012,CLT-000009,INS-001,2021-10,117555,96242,21313,1.1565,1.0000,1.0000
ACT-000012,CLT-000009,INS-001,2021-11,163209,133619,29590,1.2712,1.0000,1.0000
ACT-000012,CLT-000009,INS-001,2021-12,279154,228543,50611,1.3131,1.0000,1.0000
ACT-000012,CLT-000009,INS-001,2022-01,253231,207321,45911,1.2712,1.1031,1.0000
ACT-000012,CLT-000009,INS-001,2022-02,161128,131915,29212,1.1565,1.1031,1.0000
ACT-000013,CLT-000010,INS-001,2021-01,997804,886948,110856,1.2013,1.0000,1.0000
ACT-000013,CLT-000010,INS-001,2021-02,966261,858909,107352,1.1162,1.0000,1.0000
ACT-000013,CLT-000010,INS-001,2021-03,706429,627944,78484,1.0000,1.0000,1.0000
ACT-000013,CLT-000010,INS-001,2021-04,775202,689077,86125,0.8838,1.0000,1.0000
ACT-000013,CLT-000010,INS-001,2021-05,551058,489835,61223,0.7987,1.0000,1.0000
ACT-000013,CLT-000010,INS-001,2021-06,404226,359316,44909,0.7676,1.0000,1.0000
ACT-000013,CLT-000010,INS-001,2021-07,385755,342898,42857,0.7987,0.8885,1.0000
ACT-000013,CLT-000010,INS-001,2021-08,542214,481974,60240,0.8838,0.8885,1.0000
ACT-000013,CLT-000010,INS-001,2021-09,528218,469533,58685,1.0000,0.8885,1.0000
ACT-000013,CLT-000010,INS-001,2021-10,741899,659474,82425,1.1162,0.8885,1.0000
ACT-000013,CLT-000010,INS-001,2021-11,701593,623646,77947,1.2013,0.8885,1.0000
ACT-000013,CLT-000010,INS-001,2021-12,784246,697116,87130,1.2324,0.8885,1.0000
ACT-000013,CLT-000010,INS-001,2022-01,703745,625559,78186,1.2013,0.8885,1.0000
ACT-000013,CLT-000010,INS-001,2022-02,607264,539797,67467,1.1162,0.8885,1.0000
ACT-000013,CLT-000010,INS-001,2022-03,567416,504376,63040,1.0000,1.0000,1.0000
ACT-000013,CLT-000010,INS-001,2022-04,675844,600757,75086,0.8838,1.0000,1.0000
ACT-000013,CLT-000010,INS-001,2022-05,603254,536233,67022,0.7987,1.0000,1.0000
ACT-000013,CLT-000010,INS-001,2022-06,690048,613383,76664,0.7676,1.0000,1.0000
ACT-000013,CLT-000010,INS-001,2022-07,583344,518535,64810,0.7987,1.0000,1.0000
ACT-000013,CLT-000010,INS-001,2022-08,719888,639908,79980,0.8838,1.0000,1.0000
ACT-000013,CLT-000010,INS-001,2022-09,825826,734077,91749,1.0000,1.0000,1.0000
ACT-000013,CLT-000010,INS-001,2022-10,1111471,1047266,64205,1.1162,1.0000,1.0000
ACT-000013,CLT-000010,INS-001,2022-11,1135508,1069914,65594,1.2013,1.0000,1.0000
ACT-000013,CLT-000010,INS-001,2022-12,1287545,1213169,74376,1.2324,1.0000,1.0000
ACT-000013,CLT-000010,INS-001,2023-01,1115447,1011351,104096,1.2013,1.0000,1.0000
ACT-000013,CLT-000010,INS-001,2023-02,934136,846961,87175,1.1162,1.0000,1.0000
ACT-000013,CLT-000010,INS-001,2023-03,761011,689992,71019,1.0000,1.0000,1.0000
ACT-000013,CLT-000010,INS-001,2023-04,713358,646786,66572,0.8838,1.0000,1.0000
ACT-000013,CLT-000010,INS-001,2023-05,748255,678426,69829,0.7987,1.0000,1.0000
ACT-000013,CLT-000010,INS-001,2023-06,832140,739689,92451,0.7676,1.1309,1.0000
ACT-000013,CLT-000010,INS-001,2023-07,735707,653970,81737,0.7987,1.1309,1.0000
ACT-000013,CLT-000010,INS-001,2023-08,759392,675024,84368,0.8838,1.1309,1.0000
ACT-000013,CLT-000010,INS-001,2023-09,870949,774187,96762,1.0000,1.1309,1.0000
ACT-000013,CLT-000010,INS-001,2023-10,1089133,968131,121003,1.1162,1.1309,1.0000
ACT-000013,CLT-000010,INS-001,2023-11,1204279,1070484,133795,1.2013,1.1309,1.0000
ACT-000013,CLT-000010,INS-001,2023-12,1203149,1069479,133670,1.2324,1.1309,1.0000
ACT-000013,CLT-000010,INS-001,2024-01,1006463,912538,93925,1.2013,1.1309,1.0239
ACT-000013,CLT-000010,INS-001,2024-02,947406,858992,88414,1.1162,1.1309,1.0239
ACT-000013,CLT-000010,INS-001,2024-03,779219,706500,72718,1.0000,1.1309,1.0239
ACT-000013,CLT-000010,INS-001,2024-04,458634,415833,42801,0.8838,0.7087,1.0239
ACT-000013,CLT-000010,INS-001,2024-05,492120,446194,45926,0.7987,0.7087,1.0239
ACT-000013,CLT-000010,INS-001,2024-06,410279,371991,38288,0.7676,0.7087,1.0239
ACT-000013,CLT-000010,INS-001,2024-07,561572,509165,52407,0.7987,1.0000,1.0239
ACT-000013,CLT-000010,INS-001,2024-08,534330,484466,49865,0.8838,1.0000,1.0239
ACT-000013,CLT-000010,INS-001,2024-09,701056,635632,65424,1.0000,1.0000,1.0239
ACT-000013,CLT-000010,INS-001,2024-10,902793,818543,84250,1.1162,1.0000,1.0239
ACT-000013,CLT-000010,INS-001,2024-11,325435,295065,30370,1.2013,0.3085,1.0239
ACT-000013,CLT-000010,INS-001,2024-12,289038,262065,26974,1.2324,0.3085,1.0239
ACT-000013,CLT-000010,INS-001,2025-01,238570,265081,-26511,1.2013,0.3085,1.0000
ACT-000013,CLT-000010,INS-001,2025-02,216599,240668,-24070,1.1162,0.3085,1.0000
ACT-000013,CLT-000010,INS-001,2025-03,200138,222379,-22240,1.0000,0.3085,1.0000
ACT-000013,CLT-000010,INS-001,2025-04,176366,195964,-19599,0.8838,0.3085,1.0000
ACT-000013,CLT-000010,INS-001,2025-05,146347,162610,-16263,0.7987,0.3085,1.0000
ACT-000013,CLT-000010,INS-001,2025-06,174520,193913,-19394,0.7676,0.3085,1.0000
ACT-000013,CLT-000010,INS-001,2025-07,189502,210561,-21058,0.7987,0.3085,1.0000
ACT-000013,CLT-000010,INS-001,2025-08,139011,154459,-15448,0.8838,0.3085,1.0000
ACT-000013,CLT-000010,INS-001,2025-09,635973,706645,-70672,1.0000,1.0000,1.0000
ACT-000013,CLT-000010,INS-001,2025-10,583231,648042,-64812,1.1162,1.0000,1.0000
ACT-000013,CLT-000010,INS-001,2025-11,614276,682538,-68261,1.2013,1.0000,1.0000
ACT-000013,CLT-000010,INS-001,2025-12,822506,913907,-91401,1.2324,1.0000,1.0000
ACT-000014,CLT-000010,INS-001,2021-01,30540,24380,6160,1.0000,1.0000,1.0000
ACT-000014,CLT-000010,INS-001,2021-02,24410,19487,4924,0.7265,1.0000,1.0000
ACT-000014,CLT-000010,INS-001,2021-03,12480,9963,2517,0.5264,1.0000,1.0000
ACT-000014,CLT-000010,INS-001,2021-04,12018,9594,2424,0.4531,1.0000,1.0000
ACT-000014,CLT-000010,INS-001,2021-05,20277,16187,4090,0.5264,1.0000,1.0000
ACT-000014,CLT-000010,INS-001,2021-06,31858,25432,6426,0.7266,1.0000,1.0000
ACT-000014,CLT-000010,INS-001,2021-07,47248,37718,9530,1.0000,0.8885,1.0000
ACT-000014,CLT-000010,INS-001,2021-08,38698,30893,7805,1.2734,0.8885,1.0000
ACT-000014,CLT-000010,INS-001,2021-09,34522,27559,6963,1.4736,0.8885,1.0000
ACT-000014,CLT-000010,INS-001,2021-10,36903,29460,7443,1.5469,0.8885,1.0000
ACT-000014,CLT-000010,INS-001,2021-11,36366,29031,7335,1.4736,0.8885,1.0000
ACT-000014,CLT-000010,INS-001,2021-12,55113,43997,11116,1.2734,0.8885,1.0000
ACT-000014,CLT-000010,INS-001,2022-01,58347,46578,11769,1.0000,0.8885,1.0000
ACT-000014,CLT-000010,INS-001,2022-02,26113,20846,5267,0.7265,0.8885,1.0000
ACT-000014,CLT-000010,INS-001,2022-03,20182,16112,4071,0.5264,1.0000,1.0000
ACT-000014,CLT-000010,INS-001,2022-04,12605,10063,2543,0.4531,1.0000,1.0000
ACT-000014,CLT-000010,INS-001,2022-05,15605,12457,3147,0.5264,1.0000,1.0000
ACT-000014,CLT-000010,INS-001,2022-06,13195,10533,2661,0.7266,1.0000,1.0000
ACT-000014,CLT-000010,INS-001,2022-07,16704,13335,3369,1.0000,1.0000,1.0000
ACT-000014,CLT-000010,INS-001,2022-08,27355,21837,5517,1.2734,1.0000,1.0000
ACT-000014,CLT-000010,INS-001,2022-09,35809,28586,7223,1.4736,1.0000,1.0000
ACT-000014,CLT-000010,INS-001,2022-10,38159,32290,5869,1.5469,1.0000,1.0000
ACT-000014,CLT-000010,INS-001,2022-11,33956,28734,5223,1.4736,1.0000,1.0000
ACT-000014,CLT-000010,INS-001,2022-12,31867,26966,4901,1.2734,1.0000,1.0000
ACT-000014,CLT-000010,INS-001,2023-01,33590,27351,6239,1.0000,1.0000,1.0000
ACT-000014,CLT-000010,INS-001,2023-02,25938,21121,4818,0.7265,1.0000,1.0000
ACT-000014,CLT-000010,INS-001,2023-03,27166,22121,5046,0.5264,1.0000,1.0000
ACT-000014,CLT-000010,INS-001,2023-04,23763,19350,4414,0.4531,1.0000,1.0000
ACT-000014,CLT-000010,INS-001,2023-05,20517,16706,3811,0.5264,1.0000,1.0000
ACT-000014,CLT-000010,INS-001,2023-06,23461,20977,2485,0.7266,1.1309,0.7944
ACT-000014,CLT-000010,INS-001,2023-07,50871,45483,5387,1.0000,1.1309,0.7944
ACT-000014,CLT-000010,INS-001,2023-08,43418,38820,4598,1.2734,1.1309,0.7944
ACT-000014,CLT-000010,INS-001,2023-09,38045,34016,4029,1.4736,1.1309,0.7944
ACT-000014,CLT-000010,INS-001,2023-10,46969,41995,4974,1.5469,1.1309,0.7944
ACT-000014,CLT-000010,INS-001,2023-11,54169,48432,5737,1.4736,1.1309,0.7944
ACT-000014,CLT-000010,INS-001,2023-12,38239,34189,4050,1.2734,1.1309,0.7944
ACT-000014,CLT-000010,INS-001,2024-01,56798,46248,10549,1.0000,1.1309,1.0239
ACT-000014,CLT-000010,INS-001,2024-02,38224,31125,7099,0.7265,1.1309,1.0239
ACT-000014,CLT-000010,INS-001,2024-03,29639,24134,5505,0.5264,1.1309,1.0239
ACT-000014,CLT-000010,INS-001,2024-04,8273,6736,1537,0.4531,0.7087,1.0239
ACT-000014,CLT-000010,INS-001,2024-05,10820,8811,2010,0.5264,0.7087,1.0239
ACT-000014,CLT-000010,INS-001,2024-06,28788,23441,5347,0.7266,0.7087,1.0239
ACT-000014,CLT-000010,INS-001,2024-07,35891,29224,6666,1.0000,1.0000,1.0239
ACT-000014,CLT-000010,INS-001,2024-08,41977,34181,7797,1.2734,1.0000,1.0239
ACT-000014,CLT-000010,INS-001,2024-09,58914,47971,10942,1.4736,1.0000,1.0239
ACT-000014,CLT-000010,INS-001,2024-10,43013,35024,7989,1.5469,1.0000,1.0239
ACT-000014,CLT-000010,INS-001,2024-11,9826,8001,1825,1.4736,0.3085,1.0239
ACT-000014,CLT-000010,INS-001,2024-12,9815,7992,1823,1.2734,0.3085,1.0239
ACT-000014,CLT-000010,INS-001,2025-01,9411,9391,20,1.0000,0.3085,1.0000
ACT-000014,CLT-000010,INS-001,2025-02,5057,5046,11,0.7265,0.3085,1.0000
ACT-000014,CLT-000010,INS-001,2025-03,4821,4811,10,0.5264,0.3085,1.0000
ACT-000014,CLT-000010,INS-001,2025-04,6983,6968,15,0.4531,0.3085,1.0000
ACT-000014,CLT-000010,INS-001,2025-05,6129,6116,13,0.5264,0.3085,1.0000
ACT-000014,CLT-000010,INS-001,2025-06,9407,9387,20,0.7266,0.3085,1.0000
ACT-000014,CLT-000010,INS-001,2025-07,11463,11438,24,1.0000,0.3085,1.0000
ACT-000014,CLT-000010,INS-001,2025-08,17041,17005,36,1.2734,0.3085,1.0000
ACT-000014,CLT-000010,INS-001,2025-09,75763,75602,161,1.4736,1.0000,1.0000
ACT-000014,CLT-000010,INS-001,2025-10,52152,52041,111,1.5469,1.0000,1.0000
ACT-000014,CLT-000010,INS-001,2025-11,50392,50285,107,1.4736,1.0000,1.0000
ACT-000014,CLT-000010,INS-001,2025-12,49913,49807,106,1.2734,1.0000,1.0000
ACT-000017,CLT-000012,INS-001,2021-01,90668,75282,15386,1.0910,1.0000,1.0000
ACT-000017,CLT-000012,INS-001,2021-02,77358,64230,13128,1.0000,1.0000,1.0000
ACT-000017,CLT-000012,INS-001,2021-03,73850,61318,12532,0.9090,1.0000,1.0000
ACT-000017,CLT-000012,INS-001,2021-04,77625,64452,13173,0.8424,1.0000,1.0000
ACT-000017,CLT-000012,INS-001,2021-05,91499,75971,15527,0.8180,1.0000,1.0000
ACT-000017,CLT-000012,INS-001,2021-06,109895,91246,18649,0.8424,1.0000,1.0000
ACT-000017,CLT-000012,INS-001,2021-07,109030,90528,18502,0.9090,1.0000,1.0000
ACT-000017,CLT-000012,INS-001,2021-08,94227,78237,15990,1.0000,1.0000,1.0000
ACT-000017,CLT-000012,INS-001,2021-09,105137,87295,17842,1.0910,1.0000,1.0000
ACT-000017,CLT-000012,INS-001,2021-10,110871,92056,18815,1.1576,1.0000,1.0000
ACT-000017,CLT-000012,INS-001,2021-11,122205,101467,20738,1.1820,1.0000,1.0000
ACT-000017,CLT-000012,INS-001,2021-12,118380,98291,20089,1.1576,1.0000,1.0000
ACT-000017,CLT-000012,INS-001,2022-01,106703,88596,18108,1.0910,1.0000,1.0000
ACT-000017,CLT-000012,INS-001,2022-02,87300,72485,14815,1.0000,1.0000,1.0000
ACT-000017,CLT-000012,INS-001,2022-03,83869,69636,14233,0.9090,1.0000,1.0000
ACT-000017,CLT-000012,INS-001,2022-04,71911,59708,12203,0.8424,1.0000,1.0000
ACT-000017,CLT-000012,INS-001,2022-05,72291,60024,12268,0.8180,1.0000,1.0000
ACT-000017,CLT-000012,INS-001,2022-06,76694,63679,13015,0.8424,1.0000,1.0000
ACT-000017,CLT-000012,INS-001,2022-07,69821,57972,11849,0.9090,1.0000,1.0000
ACT-000017,CLT-000012,INS-001,2022-08,79946,66379,13567,1.0000,1.0000,1.0000
ACT-000017,CLT-000012,INS-001,2022-09,78135,64875,13259,1.0910,1.0000,1.0000
ACT-000017,CLT-000012,INS-001,2022-10,92127,81082,11044,1.1576,1.0000,1.0000
ACT-000017,CLT-000012,INS-001,2022-11,60910,53608,7302,1.1820,0.6742,1.0000
ACT-000017,CLT-000012,INS-001,2022-12,60584,53321,7263,1.1576,0.6742,1.0000
ACT-000017,CLT-000012,INS-001,2023-01,59457,50354,9103,1.0910,0.6742,1.0000
ACT-000017,CLT-000012,INS-001,2023-02,45194,38275,6919,1.0000,0.6742,1.0000
ACT-000017,CLT-000012,INS-001,2023-03,69034,58465,10569,0.9090,0.8419,1.0000
ACT-000017,CLT-000012,INS-001,2023-04,59006,49973,9033,0.8424,0.8419,1.0000
ACT-000017,CLT-000012,INS-001,2023-05,53537,45341,8196,0.8180,0.8419,1.0000
ACT-000017,CLT-000012,INS-001,2023-06,101622,84376,17245,0.8424,1.2488,1.0000
ACT-000017,CLT-000012,INS-001,2023-07,108696,90251,18446,0.9090,1.2488,1.0000
ACT-000017,CLT-000012,INS-001,2023-08,112530,93434,19096,1.0000,1.2488,1.0000
ACT-000017,CLT-000012,INS-001,2023-09,79265,65813,13451,1.0910,1.0000,1.0000
ACT-000017,CLT-000012,INS-001,2023-10,81328,67527,13801,1.1576,1.0000,1.0000
ACT-000017,CLT-000012,INS-001,2023-11,85420,70924,14496,1.1820,1.0000,1.0000
ACT-000017,CLT-000012,INS-001,2023-12,66727,55404,11324,1.1576,1.0000,1.0000
ACT-000017,CLT-000012,INS-001,2024-01,75369,63830,11538,1.0910,1.0000,1.0239
ACT-000017,CLT-000012,INS-001,2024-02,49209,41675,7534,1.0000,1.0000,1.0239
ACT-000017,CLT-000012,INS-001,2024-03,56710,48028,8682,0.9090,1.0000,1.0239
ACT-000017,CLT-000012,INS-001,2024-04,61202,51832,9370,0.8424,1.0000,1.0239
ACT-000017,CLT-000012,INS-001,2024-05,57706,48872,8834,0.8180,1.0000,1.0239
ACT-000017,CLT-000012,INS-001,2024-06,55531,47029,8501,0.8424,1.0000,1.0239
ACT-000017,CLT-000012,INS-001,2024-07,59941,50764,9177,0.9090,1.0000,1.0239
ACT-000017,CLT-000012,INS-001,2024-08,70233,59480,10752,1.0000,1.0000,1.0239
ACT-000017,CLT-000012,INS-001,2024-09,75275,63751,11524,1.0910,1.0000,1.0239
ACT-000017,CLT-000012,INS-001,2024-10,83527,70739,12787,1.1576,1.0000,1.0239
ACT-000017,CLT-000012,INS-001,2024-11,80987,68588,12399,1.1820,1.0000,1.0239
ACT-000017,CLT-000012,INS-001,2024-12,72068,61034,11033,1.1576,1.0000,1.0239
ACT-000017,CLT-000012,INS-001,2025-01,64184,66615,-2431,1.0910,1.0000,1.0000
ACT-000017,CLT-000012,INS-001,2025-02,58629,60849,-2221,1.0000,1.0000,1.0000
ACT-000017,CLT-000012,INS-001,2025-03,51178,53117,-1938,0.9090,1.0000,1.0000
ACT-000017,CLT-000012,INS-001,2025-04,45746,47479,-1733,0.8424,1.0000,1.0000
ACT-000017,CLT-000012,INS-001,2025-05,55257,57350,-2093,0.8180,1.0000,1.0000
ACT-000017,CLT-000012,INS-001,2025-06,56548,58690,-2142,0.8424,1.0000,1.0000
ACT-000017,CLT-000012,INS-001,2025-07,63922,66343,-2421,0.9090,1.0000,1.0000
ACT-000017,CLT-000012,INS-001,2025-08,68353,70942,-2589,1.0000,1.0000,1.0000
ACT-000017,CLT-000012,INS-001,2025-09,87191,90493,-3302,1.0910,1.0000,1.0000
ACT-000017,CLT-000012,INS-001,2025-10,82094,85204,-3109,1.1576,1.0000,1.0000
ACT-000017,CLT-000012,INS-001,2025-11,61180,63497,-2317,1.1820,0.7270,1.0000
ACT-000017,CLT-000012,INS-001,2025-12,57127,59290,-2164,1.1576,0.7270,1.0000
ACT-000018,CLT-000013,INS-001,2021-01,156686,111341,45345,0.9426,1.0000,1.0000
ACT-000018,CLT-000013,INS-001,2021-02,166471,118294,48177,0.9006,1.0000,1.0000
ACT-000018,CLT-000013,INS-001,2021-03,158130,112367,45763,0.8852,1.0000,1.0000
ACT-000018,CLT-000013,INS-001,2021-04,165403,117535,47867,0.9006,1.0000,1.0000
ACT-000018,CLT-000013,INS-001,2021-05,161641,114862,46779,0.9426,1.0000,1.0000
ACT-000018,CLT-000013,INS-001,2021-06,173126,123023,50103,1.0000,1.0000,1.0000
ACT-000018,CLT-000013,INS-001,2021-07,182623,129772,52851,1.0574,1.0000,1.0000
ACT-000018,CLT-000013,INS-001,2021-08,189340,134545,54795,1.0994,1.0000,1.0000
ACT-000018,CLT-000013,INS-001,2021-09,171327,121745,49582,1.1148,1.0000,1.0000
ACT-000018,CLT-000013,INS-001,2021-10,155553,110536,45017,1.0994,1.0000,1.0000
ACT-000018,CLT-000013,INS-001,2021-11,181875,129241,52635,1.0574,1.1836,1.0000
ACT-000018,CLT-000013,INS-001,2021-12,176607,125497,51110,1.0000,1.1836,1.0000
ACT-000018,CLT-000013,INS-001,2022-01,163895,116464,47431,0.9426,1.1836,1.0000
ACT-000018,CLT-000013,INS-001,2022-02,143654,102081,41574,0.9006,1.1836,1.0000
ACT-000018,CLT-000013,INS-001,2022-03,156161,110968,45193,0.8852,1.1836,1.0000
ACT-000018,CLT-000013,INS-001,2022-04,154053,109470,44583,0.9006,1.1836,1.0000
ACT-000018,CLT-000013,INS-001,2022-05,169676,120571,49104,0.9426,1.1836,1.0000
ACT-000018,CLT-000013,INS-001,2022-06,179365,127457,51908,1.0000,1.1836,1.0000
ACT-000018,CLT-000013,INS-001,2022-07,142957,101585,41372,1.0574,1.0000,1.0000
ACT-000018,CLT-000013,INS-001,2022-08,146190,103883,42307,1.0994,1.0000,1.0000
ACT-000018,CLT-000013,INS-001,2022-09,147565,104860,42705,1.1148,1.0000,1.0000
ACT-000018,CLT-000013,INS-001,2022-10,145426,109540,35886,1.0994,1.0000,1.0000
ACT-000018,CLT-000013,INS-001,2022-11,138197,104095,34102,1.0574,1.0000,1.0000
ACT-000018,CLT-000013,INS-001,2022-12,125432,94480,30952,1.0000,1.0000,1.0000
ACT-000018,CLT-000013,INS-001,2023-01,115368,83620,31748,0.9426,1.0000,1.0000
ACT-000018,CLT-000013,INS-001,2023-02,114957,83322,31635,0.9006,1.0000,1.0000
ACT-000018,CLT-000013,INS-001,2023-03,112705,81690,31015,0.8852,1.1563,1.0000
ACT-000018,CLT-000013,INS-001,2023-04,117832,85406,32426,0.9006,1.1563,1.0000
ACT-000018,CLT-000013,INS-001,2023-05,120027,86997,33030,0.9426,1.1563,1.0000
ACT-000018,CLT-000013,INS-001,2023-06,140496,99837,40660,1.0000,1.1563,1.0000
ACT-000018,CLT-000013,INS-001,2023-07,142705,101406,41299,1.0574,1.1563,1.0000
ACT-000018,CLT-000013,INS-001,2023-08,134825,95806,39018,1.0994,1.1563,1.0000
ACT-000018,CLT-000013,INS-001,2023-09,154448,109751,44697,1.1148,1.1563,1.0000
ACT-000018,CLT-000013,INS-001,2023-10,116828,83018,33810,1.0994,1.0000,1.0000
ACT-000018,CLT-000013,INS-001,2023-11,60845,43236,17608,1.0574,0.5403,1.0000
ACT-000018,CLT-000013,INS-001,2023-12,58400,41499,16901,1.0000,0.5403,1.0000
ACT-000018,CLT-000013,INS-001,2024-01,51074,37019,14055,0.9426,0.5403,1.0239
ACT-000018,CLT-000013,INS-001,2024-02,90021,65248,24773,0.9006,1.0000,1.0239
ACT-000018,CLT-000013,INS-001,2024-03,87247,63238,24009,0.8852,1.0000,1.0239
ACT-000018,CLT-000013,INS-001,2024-04,87191,63197,23994,0.9006,1.0000,1.0239
ACT-000018,CLT-000013,INS-001,2024-05,86805,62917,23888,0.9426,1.0000,1.0239
ACT-000018,CLT-000013,INS-001,2024-06,83925,60830,23095,1.0000,1.0000,1.0239
ACT-000018,CLT-000013,INS-001,2024-07,94327,68369,25958,1.0574,1.0000,1.0239
ACT-000018,CLT-000013,INS-001,2024-08,99829,72358,27472,1.0994,1.0000,1.0239
ACT-000018,CLT-000013,INS-001,2024-09,94851,68749,26102,1.1148,1.0000,1.0239
ACT-000018,CLT-000013,INS-001,2024-10,53985,39129,14856,1.0994,0.5192,1.0239
ACT-000018,CLT-000013,INS-001,2024-11,50976,36948,14028,1.0574,0.5192,1.0239
ACT-000018,CLT-000013,INS-001,2024-12,90345,65483,24862,1.0000,1.0000,1.0239
ACT-000018,CLT-000013,INS-001,2025-01,79992,71052,8939,0.9426,1.0000,1.0000
ACT-000018,CLT-000013,INS-001,2025-02,75765,67299,8467,0.9006,1.0000,1.0000
ACT-000018,CLT-000013,INS-001,2025-03,69658,61874,7784,0.8852,1.0000,1.0000
ACT-000018,CLT-000013,INS-001,2025-04,69516,61747,7768,0.9006,1.0000,1.0000
ACT-000018,CLT-000013,INS-001,2025-05,73629,65401,8228,0.9426,1.0000,1.0000
ACT-000018,CLT-000013,INS-001,2025-06,64471,57267,7205,1.0000,0.8242,1.0000
ACT-000018,CLT-000013,INS-001,2025-07,70908,62984,7924,1.0574,0.8242,1.0000
ACT-000018,CLT-000013,INS-001,2025-08,81257,72177,9081,1.0994,1.0000,1.0000
ACT-000018,CLT-000013,INS-001,2025-09,91010,80840,10170,1.1148,1.1095,1.0000
ACT-000018,CLT-000013,INS-001,2025-10,97533,86634,10899,1.0994,1.1095,1.0000
ACT-000018,CLT-000013,INS-001,2025-11,86319,76673,9646,1.0574,1.1095,1.0000
ACT-000018,CLT-000013,INS-001,2025-12,83108,73821,9287,1.0000,1.1095,1.0000
ACT-000019,CLT-000014,INS-001,2021-01,150841,106312,44528,1.0000,1.0000,1.0000
ACT-000019,CLT-000014,INS-001,2021-02,130388,91898,38491,0.8846,1.0000,1.0000
ACT-000019,CLT-000014,INS-001,2021-03,136648,96310,40339,0.8001,1.0000,1.0000
ACT-000019,CLT-000014,INS-001,2021-04,116381,82025,34356,0.7692,1.0000,1.0000
ACT-000019,CLT-000014,INS-001,2021-05,98317,69294,29023,0.8001,1.0000,1.0000
ACT-000019,CLT-000014,INS-001,2021-06,126937,89465,37472,0.8846,1.0000,1.0000
ACT-000019,CLT-000014,INS-001,2021-07,159667,112533,47134,1.0000,1.0000,1.0000
ACT-000019,CLT-000014,INS-001,2021-08,172932,121883,51050,1.1154,1.0000,1.0000
ACT-000019,CLT-000014,INS-001,2021-09,174027,122654,51373,1.1999,1.0000,1.0000
ACT-000019,CLT-000014,INS-001,2021-10,184969,130366,54603,1.2308,1.0000,1.0000
ACT-000019,CLT-000014,INS-001,2021-11,165647,116748,48899,1.1999,1.0000,1.0000
ACT-000019,CLT-000014,INS-001,2021-12,135138,95245,39893,1.1154,0.8697,1.0000
ACT-000019,CLT-000014,INS-001,2022-01,115764,81590,34173,1.0000,0.8697,1.0000
ACT-000019,CLT-000014,INS-001,2022-02,102906,72528,30378,0.8846,0.8697,1.0000
ACT-000019,CLT-000014,INS-001,2022-03,91158,64248,26910,0.8001,0.8697,1.0000
ACT-000019,CLT-000014,INS-001,2022-04,87529,61691,25839,0.7692,0.8697,1.0000
ACT-000019,CLT-000014,INS-001,2022-05,95969,67639,28330,0.8001,0.8697,1.0000
ACT-000019,CLT-000014,INS-001,2022-06,120337,84814,35524,0.8846,0.8697,1.0000
ACT-000019,CLT-000014,INS-001,2022-07,158741,111881,46860,1.0000,1.0000,1.0000
ACT-000019,CLT-000014,INS-001,2022-08,143426,101087,42339,1.1154,1.0000,1.0000
ACT-000019,CLT-000014,INS-001,2022-09,172653,121686,50967,1.1999,1.0000,1.0000
ACT-000019,CLT-000014,INS-001,2022-10,194895,145604,49291,1.2308,1.0000,1.0000
ACT-000019,CLT-000014,INS-001,2022-11,205879,153810,52069,1.1999,1.0000,1.0000
ACT-000019,CLT-000014,INS-001,2022-12,174840,130621,44219,1.1154,1.0000,1.0000
ACT-000019,CLT-000014,INS-001,2023-01,134922,96995,37927,1.0000,1.0000,1.0000
ACT-000019,CLT-000014,INS-001,2023-02,131460,94506,36954,0.8846,1.0000,1.0000
ACT-000019,CLT-000014,INS-001,2023-03,113532,81617,31914,0.8001,1.0000,1.0000
ACT-000019,CLT-000014,INS-001,2023-04,109720,78878,30843,0.7692,1.0000,1.0000
ACT-000019,CLT-000014,INS-001,2023-05,128567,92426,36141,0.8001,1.0000,1.0000
ACT-000019,CLT-000014,INS-001,2023-06,145356,102447,42909,0.8846,1.0000,1.0000
ACT-000019,CLT-000014,INS-001,2023-07,147642,104058,43584,1.0000,1.0000,1.0000
ACT-000019,CLT-000014,INS-001,2023-08,129507,91277,38231,1.1154,1.0000,1.0000
ACT-000019,CLT-000014,INS-001,2023-09,168186,118537,49648,1.1999,1.0000,1.0000
ACT-000019,CLT-000014,INS-001,2023-10,158351,111606,46745,1.2308,1.0000,1.0000
ACT-000019,CLT-000014,INS-001,2023-11,145113,102275,42837,1.1999,1.0000,1.0000
ACT-000019,CLT-000014,INS-001,2023-12,169595,119531,50065,1.1154,1.0000,1.0000
ACT-000019,CLT-000014,INS-001,2024-01,61190,43989,17201,1.0000,0.4821,1.0239
ACT-000019,CLT-000014,INS-001,2024-02,54677,39307,15370,0.8846,0.4821,1.0239
ACT-000019,CLT-000014,INS-001,2024-03,64031,46031,17999,0.8001,0.4821,1.0239
ACT-000019,CLT-000014,INS-001,2024-04,72139,51861,20279,0.7692,0.4821,1.0239
ACT-000019,CLT-000014,INS-001,2024-05,63280,45492,17788,0.8001,0.4821,1.0239
ACT-000019,CLT-000014,INS-001,2024-06,60960,43824,17136,0.8846,0.4821,1.0239
ACT-000019,CLT-000014,INS-001,2024-07,73047,52513,20534,1.0000,0.4821,1.0239
ACT-000019,CLT-000014,INS-001,2024-08,157270,113061,44209,1.1154,1.0000,1.0239
ACT-000019,CLT-000014,INS-001,2024-09,183615,132000,51615,1.1999,1.0000,1.0239
ACT-000019,CLT-000014,INS-001,2024-10,199523,143436,56087,1.2308,1.0000,1.0239
ACT-000019,CLT-000014,INS-001,2024-11,180595,129829,50766,1.1999,1.0000,1.0239
ACT-000019,CLT-000014,INS-001,2024-12,168872,121401,47471,1.1154,1.0000,1.0239
ACT-000019,CLT-000014,INS-001,2025-01,130783,115219,15563,1.0000,1.0000,1.0000
ACT-000019,CLT-000014,INS-001,2025-02,145954,128585,17369,0.8846,1.0000,1.0000
ACT-000019,CLT-000014,INS-001,2025-03,121850,107350,14500,0.8001,1.0000,1.0000
ACT-000019,CLT-000014,INS-001,2025-04,131051,115456,15595,0.7692,1.0000,1.0000
ACT-000019,CLT-000014,INS-001,2025-05,122950,108319,14631,0.8001,1.0000,1.0000
ACT-000019,CLT-000014,INS-001,2025-06,153560,135286,18274,0.8846,1.0000,1.0000
ACT-000019,CLT-000014,INS-001,2025-07,146697,129240,17457,1.0000,1.0000,1.0000
ACT-000019,CLT-000014,INS-001,2025-08,164800,145189,19611,1.1154,1.0000,1.0000
ACT-000019,CLT-000014,INS-001,2025-09,203838,179581,24257,1.1999,1.0000,1.0000
ACT-000019,CLT-000014,INS-001,2025-10,194157,171052,23105,1.2308,1.0000,1.0000
ACT-000019,CLT-000014,INS-001,2025-11,144723,127501,17222,1.1999,1.0000,1.0000
ACT-000019,CLT-000014,INS-001,2025-12,132996,117169,15827,1.1154,1.0000,1.0000
ACT-000020,CLT-000015,INS-001,2021-01,188357,178562,9795,1.1423,1.0000,1.0000
ACT-000020,CLT-000015,INS-001,2021-02,200484,190059,10425,1.0821,1.0000,1.0000
ACT-000020,CLT-000015,INS-001,2021-03,261084,247507,13576,1.0000,1.0000,1.0000
ACT-000020,CLT-000015,INS-001,2021-04,241343,228794,12550,0.9178,1.0000,1.0000
ACT-000020,CLT-000015,INS-001,2021-05,183776,174220,9556,0.8577,1.0000,1.0000
ACT-000020,CLT-000015,INS-001,2021-06,165782,157161,8621,0.8357,1.0000,1.0000
ACT-000020,CLT-000015,INS-001,2021-07,156941,148780,8161,0.8577,1.0000,1.0000
ACT-000020,CLT-000015,INS-001,2021-08,192074,182086,9988,0.9179,1.0000,1.0000
ACT-000020,CLT-000015,INS-001,2021-09,194169,184072,10097,1.0000,1.0000,1.0000
ACT-000020,CLT-000015,INS-001,2021-10,186191,176509,9682,1.0821,1.0000,1.0000
ACT-000020,CLT-000015,INS-001,2021-11,211978,200955,11023,1.1423,1.0000,1.0000
ACT-000020,CLT-000015,INS-001,2021-12,293824,278545,15279,1.1643,1.2083,1.0000
ACT-000020,CLT-000015,INS-001,2022-01,289945,274868,15077,1.1423,1.2083,1.0000
ACT-000020,CLT-000015,INS-001,2022-02,233585,221439,12146,1.0821,1.2083,1.0000
ACT-000020,CLT-000015,INS-001,2022-03,219057,207666,11391,1.0000,1.2083,1.0000
ACT-000020,CLT-000015,INS-001,2022-04,207299,196520,10780,0.9178,1.2083,1.0000
ACT-000020,CLT-000015,INS-001,2022-05,144804,137274,7530,0.8577,1.0000,1.0000
ACT-000020,CLT-000015,INS-001,2022-06,171918,162979,8940,0.8357,1.0000,1.0000
ACT-000020,CLT-000015,INS-001,2022-07,195347,185189,10158,0.8577,1.0000,1.0000
ACT-000020,CLT-000015,INS-001,2022-08,194675,184552,10123,0.9179,1.0000,1.0000
ACT-000020,CLT-000015,INS-001,2022-09,211971,200949,11022,1.0000,1.0000,1.0000
ACT-000020,CLT-000015,INS-001,2022-10,278013,279369,-1357,1.0821,1.0000,1.0000
ACT-000020,CLT-000015,INS-001,2022-11,283760,285144,-1385,1.1423,1.0000,1.0000
ACT-000020,CLT-000015,INS-001,2022-12,249772,250991,-1219,1.1643,1.0000,1.0000
ACT-000020,CLT-000015,INS-001,2023-01,192344,185989,6355,1.1423,1.0000,1.0000
ACT-000020,CLT-000015,INS-001,2023-02,229442,221861,7581,1.0821,1.0000,1.0000
ACT-000020,CLT-000015,INS-001,2023-03,228424,220877,7547,1.0000,1.0000,1.0000
ACT-000020,CLT-000015,INS-001,2023-04,294548,284816,9732,0.9178,1.0000,1.0000
ACT-000020,CLT-000015,INS-001,2023-05,279932,270683,9249,0.8577,1.0000,1.0000
ACT-000020,CLT-000015,INS-001,2023-06,233620,221472,12148,0.8357,1.0000,1.0000
ACT-000020,CLT-000015,INS-001,2023-07,278607,264119,14488,0.8577,1.0000,1.0000
ACT-000020,CLT-000015,INS-001,2023-08,268338,254385,13954,0.9179,1.0000,1.0000
ACT-000020,CLT-000015,INS-001,2023-09,315807,299385,16422,1.0000,1.0000,1.0000
ACT-000020,CLT-000015,INS-001,2023-10,379876,360122,19754,1.0821,1.0000,1.0000
ACT-000020,CLT-000015,INS-001,2023-11,345280,327325,17955,1.1423,1.0000,1.0000
ACT-000020,CLT-000015,INS-001,2023-12,499582,473604,25978,1.1643,1.0000,1.0000
ACT-000020,CLT-000015,INS-001,2024-01,401900,388621,13279,1.1423,1.0000,1.0239
ACT-000020,CLT-000015,INS-001,2024-02,300236,290316,9920,1.0821,1.0000,1.0239
ACT-000020,CLT-000015,INS-001,2024-03,333814,322785,11029,1.0000,1.0000,1.0239
ACT-000020,CLT-000015,INS-001,2024-04,345928,334498,11429,0.9178,1.0000,1.0239
ACT-000020,CLT-000015,INS-001,2024-05,314249,303866,10383,0.8577,1.0000,1.0239
ACT-000020,CLT-000015,INS-001,2024-06,301203,291251,9952,0.8357,1.0000,1.0239
ACT-000020,CLT-000015,INS-001,2024-07,351527,339913,11614,0.8577,1.0000,1.0239
ACT-000020,CLT-000015,INS-001,2024-08,341390,330111,11280,0.9179,1.0000,1.0239
ACT-000020,CLT-000015,INS-001,2024-09,355710,343958,11753,1.0000,1.0000,1.0239
ACT-000020,CLT-000015,INS-001,2024-10,389301,376439,12863,1.0821,1.0000,1.0239
ACT-000020,CLT-000015,INS-001,2024-11,452127,437189,14938,1.1423,1.0000,1.0239
ACT-000020,CLT-000015,INS-001,2024-12,418668,404835,13833,1.1643,1.0000,1.0239
ACT-000020,CLT-000015,INS-001,2025-01,365719,433377,-67658,1.1423,1.0000,1.0000
ACT-000020,CLT-000015,INS-001,2025-02,327757,388392,-60635,1.0821,1.0000,1.0000
ACT-000020,CLT-000015,INS-001,2025-03,272106,322445,-50340,1.0000,1.0000,1.0000
ACT-000020,CLT-000015,INS-001,2025-04,254828,301971,-47143,0.9178,1.0000,1.0000
ACT-000020,CLT-000015,INS-001,2025-05,248567,294551,-45985,0.8577,1.0000,1.0000
ACT-000020,CLT-000015,INS-001,2025-06,229977,272523,-42546,0.8357,1.0000,1.0000
ACT-000020,CLT-000015,INS-001,2025-07,246574,292191,-45616,0.8577,1.0000,1.0000
ACT-000020,CLT-000015,INS-001,2025-08,284726,337401,-52674,0.9179,1.0000,1.0000
ACT-000020,CLT-000015,INS-001,2025-09,348898,413444,-64546,1.0000,1.0000,1.0000
ACT-000021,CLT-000016,INS-001,2021-01,123397,108972,14425,1.1987,1.0000,1.0000
ACT-000021,CLT-000016,INS-001,2021-02,78891,69669,9222,1.1147,1.0000,1.0000
ACT-000021,CLT-000016,INS-001,2021-03,85119,75168,9950,1.0000,1.0000,1.0000
ACT-000021,CLT-000016,INS-001,2021-04,97729,86305,11425,0.8853,1.0000,1.0000
ACT-000021,CLT-000016,INS-001,2021-05,59805,52814,6991,0.8013,0.9436,1.0000
ACT-000021,CLT-000016,INS-001,2021-06,49676,43869,5807,0.7706,0.9436,1.0000
ACT-000021,CLT-000016,INS-001,2021-07,59095,52187,6908,0.8013,1.0000,1.0000
ACT-000021,CLT-000016,INS-001,2021-08,56558,49947,6612,0.8853,1.0000,1.0000
ACT-000021,CLT-000016,INS-001,2021-09,101296,89454,11841,1.0000,1.0000,1.0000
ACT-000021,CLT-000016,INS-001,2021-10,92223,81442,10781,1.1147,1.0000,1.0000
ACT-000021,CLT-000016,INS-001,2021-11,98993,87421,11572,1.1987,1.0000,1.0000
ACT-000021,CLT-000016,INS-001,2021-12,97615,86204,11411,1.2294,1.0000,1.0000
ACT-000021,CLT-000016,INS-001,2022-01,121517,107312,14205,1.1987,1.0000,1.0000
ACT-000021,CLT-000016,INS-001,2022-02,101767,89870,11897,1.1147,1.0000,1.0000
ACT-000021,CLT-000016,INS-001,2022-03,98653,87121,11533,1.0000,1.0000,1.0000
ACT-000021,CLT-000016,INS-001,2022-04,76055,67164,8891,0.8853,1.0000,1.0000
ACT-000021,CLT-000016,INS-001,2022-05,85114,75164,9950,0.8013,1.0000,1.0000
ACT-000021,CLT-000016,INS-001,2022-06,64901,57314,7587,0.7706,1.0000,1.0000
ACT-000021,CLT-000016,INS-001,2022-07,53377,47137,6240,0.8013,1.0000,1.0000
ACT-000021,CLT-000016,INS-001,2022-08,58770,51900,6870,0.8853,1.0000,1.0000
ACT-000021,CLT-000016,INS-001,2022-09,65089,57480,7609,1.0000,1.0000,1.0000
ACT-000021,CLT-000016,INS-001,2022-10,83432,78099,5332,1.1147,1.0000,1.0000
ACT-000021,CLT-000016,INS-001,2022-11,72243,67626,4617,1.1987,1.0000,1.0000
ACT-000021,CLT-000016,INS-001,2022-12,62001,58038,3963,1.2294,1.0000,1.0000
ACT-000021,CLT-000016,INS-001,2023-01,77428,69744,7684,1.1987,1.0000,1.0000
ACT-000021,CLT-000016,INS-001,2023-02,72149,64989,7160,1.1147,1.0000,1.0000
ACT-000022,CLT-000017,INS-001,2021-01,1128508,952348,176160,1.0891,1.0000,1.0000
ACT-000022,CLT-000017,INS-001,2021-02,1023185,863466,159719,1.0000,1.0000,1.0000
ACT-000022,CLT-000017,INS-001,2021-03,970237,818783,151454,0.9109,1.0000,1.0000
ACT-000022,CLT-000017,INS-001,2021-04,848664,716187,132476,0.8458,1.0000,1.0000
ACT-000022,CLT-000017,INS-001,2021-05,692781,584637,108143,0.8219,1.0000,1.0000
ACT-000022,CLT-000017,INS-001,2021-06,740524,624928,115596,0.8458,1.0000,1.0000
ACT-000022,CLT-000017,INS-001,2021-07,876476,739658,136818,0.9110,1.0000,1.0000
ACT-000022,CLT-000017,INS-001,2021-08,965030,814389,150641,1.0000,1.0000,1.0000
ACT-000022,CLT-000017,INS-001,2021-09,983327,829830,153497,1.0891,1.0000,1.0000
ACT-000022,CLT-000017,INS-001,2021-10,1015682,857134,158548,1.1542,1.0000,1.0000
ACT-000022,CLT-000017,INS-001,2021-11,1157304,976649,180655,1.1781,1.0000,1.0000
ACT-000022,CLT-000017,INS-001,2021-12,1255149,1059221,195929,1.1542,1.0000,1.0000
ACT-000022,CLT-000017,INS-001,2022-01,1061046,895417,165629,1.0891,1.0000,1.0000
ACT-000022,CLT-000017,INS-001,2022-02,997193,841531,155662,1.0000,1.0000,1.0000
ACT-000022,CLT-000017,INS-001,2022-03,842956,711371,131585,0.9109,1.0000,1.0000
ACT-000022,CLT-000017,INS-001,2022-04,886345,747987,138358,0.8458,1.0000,1.0000
ACT-000022,CLT-000017,INS-001,2022-05,831195,701446,129750,0.8219,1.0000,1.0000
ACT-000022,CLT-000017,INS-001,2022-06,910103,768036,142067,0.8458,1.0000,1.0000
ACT-000022,CLT-000017,INS-001,2022-07,930213,785006,145206,0.9110,1.0000,1.0000
ACT-000022,CLT-000017,INS-001,2022-08,1104265,931889,172376,1.0000,1.0000,1.0000
ACT-000022,CLT-000017,INS-001,2022-09,1066521,900037,166484,1.0891,1.0000,1.0000
ACT-000022,CLT-000017,INS-001,2022-10,1067754,955143,112612,1.1542,1.0000,1.0000
ACT-000022,CLT-000017,INS-001,2022-11,1263614,1130346,133268,1.1781,1.0000,1.0000
ACT-000022,CLT-000017,INS-001,2022-12,1359199,1215849,143349,1.1542,1.0000,1.0000
ACT-000022,CLT-000017,INS-001,2023-01,1211236,1042606,168631,1.0891,1.0000,1.0000
ACT-000022,CLT-000017,INS-001,2023-02,1051465,905078,146387,1.0000,1.0000,1.0000
ACT-000022,CLT-000017,INS-001,2023-03,1137445,979088,158357,0.9109,1.0000,1.0000
ACT-000022,CLT-000017,INS-001,2023-04,802900,691119,111781,0.8458,0.7383,1.0000
ACT-000022,CLT-000017,INS-001,2023-05,652387,561560,90827,0.8219,0.7383,1.0000
ACT-000022,CLT-000017,INS-001,2023-06,623233,525946,97287,0.8458,0.7383,1.0000
ACT-000022,CLT-000017,INS-001,2023-07,625343,527727,97616,0.9110,0.7383,1.0000
ACT-000022,CLT-000017,INS-001,2023-08,650047,548575,101472,1.0000,0.7383,1.0000
ACT-000022,CLT-000017,INS-001,2023-09,680016,573865,106150,1.0891,0.7383,1.0000
ACT-000022,CLT-000017,INS-001,2023-10,759968,641337,118631,1.1542,0.7383,1.0000
ACT-000022,CLT-000017,INS-001,2023-11,831193,701444,129749,1.1781,0.7383,1.0000
ACT-000022,CLT-000017,INS-001,2023-12,1015360,856862,158498,1.1542,1.0000,1.0000
ACT-000022,CLT-000017,INS-001,2024-01,982971,846120,136851,1.0891,1.0000,1.0239
ACT-000022,CLT-000017,INS-001,2024-02,991686,853622,138065,1.0000,1.0000,1.0239
ACT-000022,CLT-000017,INS-001,2024-03,956387,823237,133150,0.9109,1.0000,1.0239
ACT-000022,CLT-000017,INS-001,2024-04,938490,807831,130658,0.8458,1.0000,1.0239
ACT-000022,CLT-000017,INS-001,2024-05,911139,784288,126851,0.8219,1.0000,1.0239
ACT-000022,CLT-000017,INS-001,2024-06,949107,816970,132137,0.8458,1.0000,1.0239
ACT-000022,CLT-000017,INS-001,2024-07,1091627,939649,151979,0.9110,1.0000,1.0239
ACT-000022,CLT-000017,INS-001,2024-08,1205328,1037519,167808,1.0000,1.0000,1.0239
ACT-000022,CLT-000017,INS-001,2024-09,1206986,1038947,168039,1.0891,1.0000,1.0239
ACT-000022,CLT-000017,INS-001,2024-10,1218320,1048703,169617,1.1542,1.0000,1.0239
ACT-000022,CLT-000017,INS-001,2024-11,698529,601278,97251,1.1781,0.5730,1.0239
ACT-000022,CLT-000017,INS-001,2024-12,687687,591946,95741,1.1542,0.5730,1.0239
ACT-000022,CLT-000017,INS-001,2025-01,730875,770982,-40107,1.0891,0.5730,1.0000
ACT-000022,CLT-000017,INS-001,2025-02,1111893,1172908,-61015,1.0000,1.0000,1.0000
ACT-000022,CLT-000017,INS-001,2025-03,462466,487844,-25378,0.9109,0.4693,1.0000
ACT-000022,CLT-000017,INS-001,2025-04,431902,455602,-23701,0.8458,0.4693,1.0000
ACT-000022,CLT-000017,INS-001,2025-05,955923,1008380,-52456,0.8219,1.0000,1.0000
ACT-000022,CLT-000017,INS-001,2025-06,951345,1003551,-52205,0.8458,1.0000,1.0000
ACT-000022,CLT-000017,INS-001,2025-07,973607,1027034,-53427,0.9110,1.0000,1.0000
ACT-000022,CLT-000017,INS-001,2025-08,1122517,1184115,-61598,1.0000,1.0000,1.0000
ACT-000023,CLT-000018,INS-001,2021-01,629233,532268,96965,1.1218,1.0000,1.0000
ACT-000023,CLT-000018,INS-001,2021-02,645546,546067,99479,1.0000,1.0000,1.0000
ACT-000023,CLT-000018,INS-001,2021-03,397982,336653,61329,0.8782,1.0000,1.0000
ACT-000023,CLT-000018,INS-001,2021-04,622643,526694,95949,0.7890,1.0000,1.0000
ACT-000023,CLT-000018,INS-001,2021-05,465519,393783,71736,0.7564,1.0000,1.0000
ACT-000023,CLT-000018,INS-001,2021-06,601386,508713,92674,0.7890,1.0000,1.0000
ACT-000023,CLT-000018,INS-001,2021-07,511512,432688,78824,0.8782,1.0000,1.0000
ACT-000023,CLT-000018,INS-001,2021-08,519101,439108,79993,1.0000,1.0000,1.0000
ACT-000023,CLT-000018,INS-001,2021-09,409119,346073,63045,1.1218,1.0000,1.0000
ACT-000023,CLT-000018,INS-001,2021-10,530583,448820,81763,1.2110,0.8537,1.0000
ACT-000023,CLT-000018,INS-001,2021-11,963179,814753,148426,1.2436,0.8537,1.0000
ACT-000023,CLT-000018,INS-001,2021-12,838569,709346,129224,1.2110,0.8537,1.0000
ACT-000023,CLT-000018,INS-001,2022-01,678500,573943,104557,1.1218,0.8537,1.0000
ACT-000023,CLT-000018,INS-001,2022-02,635823,537843,97980,1.0000,1.0000,1.0000
ACT-000023,CLT-000018,INS-001,2022-03,577033,488112,88921,0.8782,1.0000,1.0000
ACT-000023,CLT-000018,INS-001,2022-04,325260,275138,50123,0.7890,1.0000,1.0000
ACT-000023,CLT-000018,INS-001,2022-05,448608,379478,69131,0.7564,1.0000,1.0000
ACT-000023,CLT-000018,INS-001,2022-06,751477,635674,115803,0.7890,1.0000,1.0000
ACT-000023,CLT-000018,INS-001,2022-07,679121,574469,104653,0.8782,1.0000,1.0000
ACT-000023,CLT-000018,INS-001,2022-08,210540,178096,32444,1.0000,0.5883,1.0000
ACT-000023,CLT-000018,INS-001,2022-09,292875,247743,45132,1.1218,0.5883,1.0000
ACT-000023,CLT-000018,INS-001,2022-10,316026,283366,32660,1.2110,0.5883,1.0000
ACT-000023,CLT-000018,INS-001,2022-11,401889,360355,41534,1.2436,0.5883,1.0000
ACT-000023,CLT-000018,INS-001,2022-12,471602,422864,48738,1.2110,0.5883,1.0000
ACT-000023,CLT-000018,INS-001,2023-01,675373,582724,92649,1.1218,0.5883,1.0000
ACT-000023,CLT-000018,INS-001,2023-02,338378,291958,46419,1.0000,0.5883,1.0000
ACT-000023,CLT-000018,INS-001,2023-03,192902,166439,26463,0.8782,0.5883,1.0000
ACT-000023,CLT-000018,INS-001,2023-04,427593,368935,58658,0.7890,1.0000,1.0000
ACT-000023,CLT-000018,INS-001,2023-05,362012,312351,49662,0.7564,1.0000,1.0000
ACT-000023,CLT-000018,INS-001,2023-06,454508,384469,70040,0.7890,1.0000,1.0000
ACT-000023,CLT-000018,INS-001,2023-07,559349,473154,86196,0.8782,1.0000,1.0000
ACT-000023,CLT-000018,INS-001,2023-08,623378,527316,96063,1.0000,1.0000,1.0000
ACT-000023,CLT-000018,INS-001,2023-09,1272699,1076576,196123,1.1218,1.2508,1.0000
ACT-000023,CLT-000018,INS-001,2023-10,888500,751582,136918,1.2110,1.2508,1.0000
ACT-000023,CLT-000018,INS-001,2023-11,926633,783839,142794,1.2436,1.0000,1.0000
ACT-000023,CLT-000018,INS-001,2023-12,735937,622529,113408,1.2110,1.0000,1.0000
ACT-000023,CLT-000018,INS-001,2024-01,599550,517303,82248,1.1218,1.0000,1.0239
ACT-000023,CLT-000018,INS-001,2024-02,514071,443549,70521,1.0000,1.0000,1.0239
ACT-000023,CLT-000018,INS-001,2024-03,506099,436671,69428,0.8782,1.0000,1.0239
ACT-000023,CLT-000018,INS-001,2024-04,286572,247259,39312,0.7890,0.5106,1.0239
ACT-000023,CLT-000018,INS-001,2024-05,288123,248598,39525,0.7564,0.5106,1.0239
ACT-000023,CLT-000018,INS-001,2024-06,418154,360791,57363,0.7890,0.5106,1.0239
ACT-000023,CLT-000018,INS-001,2024-07,488072,421117,66955,0.8782,0.5106,1.0239
ACT-000023,CLT-000018,INS-001,2024-08,476473,411109,65364,1.0000,0.5106,1.0239
ACT-000023,CLT-000018,INS-001,2024-09,1221297,1053757,167540,1.1218,1.0000,1.0239
ACT-000024,CLT-000019,INS-001,2021-01,145980,76231,69749,1.1192,1.0000,1.0000
ACT-000024,CLT-000019,INS-001,2021-02,156114,81523,74591,1.0688,1.0000,1.0000
ACT-000024,CLT-000019,INS-001,2021-03,180497,94256,86242,1.0000,1.0000,1.0000
ACT-000024,CLT-000019,INS-001,2021-04,183361,95751,87610,0.9312,1.0000,1.0000
ACT-000024,CLT-000019,INS-001,2021-05,134621,70299,64322,0.8808,1.0000,1.0000
ACT-000024,CLT-000019,INS-001,2021-06,137465,71784,65681,0.8624,1.0000,1.0000
ACT-000024,CLT-000019,INS-001,2021-07,141988,74146,67842,0.8808,1.0000,1.0000
ACT-000024,CLT-000019,INS-001,2021-08,148129,77353,70776,0.9312,1.0000,1.0000
ACT-000024,CLT-000019,INS-001,2021-09,227828,118972,108856,1.0000,1.0000,1.0000
ACT-000024,CLT-000019,INS-001,2021-10,210107,109718,100389,1.0688,1.0000,1.0000
ACT-000024,CLT-000019,INS-001,2021-11,148050,77312,70738,1.1192,1.0000,1.0000
ACT-000024,CLT-000019,INS-001,2021-12,151391,79056,72335,1.1376,1.0000,1.0000
ACT-000024,CLT-000019,INS-001,2022-01,128546,67127,61419,1.1192,1.0000,1.0000
ACT-000024,CLT-000019,INS-001,2022-02,177095,92479,84616,1.0688,1.0000,1.0000
ACT-000024,CLT-000019,INS-001,2022-03,166401,86895,79506,1.0000,1.0000,1.0000
ACT-000024,CLT-000019,INS-001,2022-04,157054,82014,75040,0.9312,1.0000,1.0000
ACT-000024,CLT-000019,INS-001,2022-05,170080,88816,81264,0.8808,1.0000,1.0000
ACT-000024,CLT-000019,INS-001,2022-06,171528,89572,81956,0.8624,1.0000,1.0000
ACT-000024,CLT-000019,INS-001,2022-07,189393,98901,90492,0.8808,1.0000,1.0000
ACT-000024,CLT-000019,INS-001,2022-08,191131,99809,91322,0.9312,1.0000,1.0000
ACT-000024,CLT-000019,INS-001,2022-09,213629,111557,102072,1.0000,1.0000,1.0000
ACT-000024,CLT-000019,INS-001,2022-10,249290,137990,111300,1.0688,1.0000,1.0000
ACT-000024,CLT-000019,INS-001,2022-11,188436,104306,84131,1.1192,1.0000,1.0000
ACT-000024,CLT-000019,INS-001,2022-12,184500,102127,82373,1.1376,1.0000,1.0000
ACT-000024,CLT-000019,INS-001,2023-01,242465,129148,113318,1.1192,1.0000,1.0000
ACT-000024,CLT-000019,INS-001,2023-02,193859,103258,90601,1.0688,1.0000,1.0000
ACT-000024,CLT-000019,INS-001,2023-03,212782,113337,99445,1.0000,1.0000,1.0000
ACT-000024,CLT-000019,INS-001,2023-04,243580,129741,113839,0.9312,1.0000,1.0000
ACT-000024,CLT-000019,INS-001,2023-05,196516,104673,91843,0.8808,1.0000,1.0000
ACT-000024,CLT-000019,INS-001,2023-06,209657,109483,100174,0.8624,1.0000,1.0000
ACT-000024,CLT-000019,INS-001,2023-07,270267,141133,129134,0.8808,1.0000,1.0000
ACT-000024,CLT-000019,INS-001,2023-08,260521,136044,124477,0.9312,1.0000,1.0000
ACT-000024,CLT-000019,INS-001,2023-09,244348,127598,116749,1.0000,1.0000,1.0000
ACT-000024,CLT-000019,INS-001,2023-10,212898,111175,101723,1.0688,1.0000,1.0000
ACT-000024,CLT-000019,INS-001,2023-11,252268,131735,120534,1.1192,1.0000,1.0000
ACT-000024,CLT-000019,INS-001,2023-12,229496,119843,109653,1.1376,1.0000,1.0000
ACT-000024,CLT-000019,INS-001,2024-01,208871,111254,97617,1.1192,1.0000,1.0239
ACT-000024,CLT-000019,INS-001,2024-02,206973,110243,96730,1.0688,1.0000,1.0239
ACT-000024,CLT-000019,INS-001,2024-03,171020,91093,79927,1.0000,1.0000,1.0239
ACT-000024,CLT-000019,INS-001,2024-04,200865,106990,93876,0.9312,1.0000,1.0239
ACT-000024,CLT-000019,INS-001,2024-05,221599,118033,103566,0.8808,1.0000,1.0239
ACT-000024,CLT-000019,INS-001,2024-06,242877,129367,113510,0.8624,1.0000,1.0239
ACT-000024,CLT-000019,INS-001,2024-07,219657,116999,102658,0.8808,1.0000,1.0239
ACT-000024,CLT-000019,INS-001,2024-08,262362,139745,122616,0.9312,1.0000,1.0239
ACT-000024,CLT-000019,INS-001,2024-09,316139,168389,147749,1.0000,1.0000,1.0239
ACT-000024,CLT-000019,INS-001,2024-10,274612,146270,128342,1.0688,1.0000,1.0239
ACT-000024,CLT-000019,INS-001,2024-11,357893,190630,167263,1.1192,1.0000,1.0239
ACT-000024,CLT-000019,INS-001,2024-12,329730,175628,154101,1.1376,1.0000,1.0239
ACT-000024,CLT-000019,INS-001,2025-01,323058,210876,112182,1.1192,1.0000,1.0000
ACT-000024,CLT-000019,INS-001,2025-02,305154,199189,105965,1.0688,1.0000,1.0000
ACT-000024,CLT-000019,INS-001,2025-03,227509,148507,79003,1.0000,1.0000,1.0000
ACT-000024,CLT-000019,INS-001,2025-04,241191,157437,83754,0.9312,1.0000,1.0000
ACT-000024,CLT-000019,INS-001,2025-05,266284,173817,92467,0.8808,1.0000,1.0000
ACT-000024,CLT-000019,INS-001,2025-06,214095,139751,74345,0.8624,1.0000,1.0000
ACT-000024,CLT-000019,INS-001,2025-07,248935,162492,86443,0.8808,1.0000,1.0000
ACT-000024,CLT-000019,INS-001,2025-08,238675,155795,82880,0.9312,1.0000,1.0000
ACT-000024,CLT-000019,INS-001,2025-09,336576,219700,116876,1.0000,1.0000,1.0000
ACT-000024,CLT-000019,INS-001,2025-10,346832,226395,120437,1.0688,1.0000,1.0000
ACT-000024,CLT-000019,INS-001,2025-11,404439,263997,140441,1.1192,1.0000,1.0000
ACT-000024,CLT-000019,INS-001,2025-12,400461,261401,139060,1.1376,1.0000,1.0000
ACT-000025,CLT-000020,INS-001,2021-01,1303332,1205452,97880,1.1227,1.0000,1.0000
ACT-000025,CLT-000020,INS-001,2021-02,1354025,1252338,101687,1.0709,1.0000,1.0000
ACT-000025,CLT-000020,INS-001,2021-03,1457590,1348125,109465,1.0000,1.0000,1.0000
ACT-000025,CLT-000020,INS-001,2021-04,1419594,1312983,106612,0.9291,1.0000,1.0000
ACT-000025,CLT-000020,INS-001,2021-05,1114562,1030858,83704,0.8773,1.0000,1.0000
ACT-000025,CLT-000020,INS-001,2021-06,949011,877740,71271,0.8583,1.0000,1.0000
ACT-000025,CLT-000020,INS-001,2021-07,983963,910067,73896,0.8773,1.0000,1.0000
ACT-000025,CLT-000020,INS-001,2021-08,1439030,1330959,108071,0.9292,1.0000,1.0000
ACT-000025,CLT-000020,INS-001,2021-09,1497764,1385282,112482,1.0000,1.0000,1.0000
ACT-000025,CLT-000020,INS-001,2021-10,1401603,1296342,105260,1.0709,1.0000,1.0000
ACT-000025,CLT-000020,INS-001,2021-11,1490025,1378124,111901,1.1227,1.0000,1.0000
ACT-000025,CLT-000020,INS-001,2021-12,1310787,1212347,98440,1.1417,1.0000,1.0000
ACT-000025,CLT-000020,INS-001,2022-01,1351758,1250241,101517,1.1227,1.0000,1.0000
ACT-000025,CLT-000020,INS-001,2022-02,1221082,1129378,91703,1.0709,1.0000,1.0000
ACT-000025,CLT-000020,INS-001,2022-03,1133480,1048356,85124,1.0000,1.0000,1.0000
ACT-000025,CLT-000020,INS-001,2022-04,1073134,992542,80592,0.9291,1.0000,1.0000
ACT-000025,CLT-000020,INS-001,2022-05,909087,840814,68272,0.8773,1.0000,1.0000
ACT-000025,CLT-000020,INS-001,2022-06,1003799,928413,75385,0.8583,1.0000,1.0000
ACT-000025,CLT-000020,INS-001,2022-07,1165564,1078030,87534,0.8773,1.0000,1.0000
ACT-000025,CLT-000020,INS-001,2022-08,1198841,1108808,90033,0.9292,1.0000,1.0000
ACT-000025,CLT-000020,INS-001,2022-09,1348454,1247185,101269,1.0000,1.0000,1.0000
ACT-000025,CLT-000020,INS-001,2022-10,1244026,1219636,24390,1.0709,1.0000,1.0000
ACT-000025,CLT-000020,INS-001,2022-11,1265332,1240524,24808,1.1227,1.0000,1.0000
ACT-000025,CLT-000020,INS-001,2022-12,1322774,1296840,25934,1.1417,1.0000,1.0000
ACT-000025,CLT-000020,INS-001,2023-01,1340204,1264346,75858,1.1227,1.0000,1.0000
ACT-000025,CLT-000020,INS-001,2023-02,1246614,1176053,70561,1.0709,1.0000,1.0000
ACT-000025,CLT-000020,INS-001,2023-03,1180580,1113756,66823,1.0000,1.0000,1.0000
ACT-000025,CLT-000020,INS-001,2023-04,1082415,1021148,61267,0.9291,1.0000,1.0000
ACT-000025,CLT-000020,INS-001,2023-05,1081241,1020040,61200,0.8773,1.0000,1.0000
ACT-000025,CLT-000020,INS-001,2023-06,984856,910893,73963,0.8583,1.0000,1.0000
ACT-000025,CLT-000020,INS-001,2023-07,941344,870649,70695,0.8773,1.0000,1.0000
ACT-000025,CLT-000020,INS-001,2023-08,1122616,1038307,84308,0.9292,1.0000,1.0000
ACT-000025,CLT-000020,INS-001,2023-09,1032572,955026,77546,1.0000,1.0000,1.0000
ACT-000025,CLT-000020,INS-001,2023-10,946060,875011,71049,1.0709,1.0000,1.0000
ACT-000025,CLT-000020,INS-001,2023-11,1024968,947993,76975,1.1227,1.0000,1.0000
ACT-000025,CLT-000020,INS-001,2023-12,1051623,972646,78977,1.1417,1.0000,1.0000
ACT-000025,CLT-000020,INS-001,2024-01,1268678,1196868,71810,1.1227,1.0000,1.0239
ACT-000025,CLT-000020,INS-001,2024-02,984585,928855,55729,1.0709,1.0000,1.0239
ACT-000025,CLT-000020,INS-001,2024-03,1034306,975762,58544,1.0000,1.0000,1.0239
ACT-000025,CLT-000020,INS-001,2024-04,931621,878889,52732,0.9291,1.0000,1.0239
ACT-000025,CLT-000020,INS-001,2024-05,940371,887145,53227,0.8773,1.0000,1.0239
ACT-000025,CLT-000020,INS-001,2024-06,890764,840345,50419,0.8583,1.0000,1.0239
ACT-000025,CLT-000020,INS-001,2024-07,1176524,1109931,66594,0.8773,1.1690,1.0239
ACT-000025,CLT-000020,INS-001,2024-08,1269443,1197590,71853,0.9292,1.1690,1.0239
ACT-000025,CLT-000020,INS-001,2024-09,1133991,1069805,64186,1.0000,1.3845,1.0239
ACT-000025,CLT-000020,INS-001,2024-10,1349509,1273124,76385,1.0709,1.3845,1.0239
ACT-000025,CLT-000020,INS-001,2024-11,1488451,1404202,84249,1.1227,1.3845,1.0239
ACT-000025,CLT-000020,INS-001,2024-12,1198109,1130294,67815,1.1417,1.3845,1.0239
ACT-000025,CLT-000020,INS-001,2025-01,1485900,1717886,-231986,1.1227,1.3845,1.0000
ACT-000025,CLT-000020,INS-001,2025-02,1408167,1628017,-219850,1.0709,1.3845,1.0000
ACT-000025,CLT-000020,INS-001,2025-03,1220727,1411313,-190586,1.0000,1.3845,1.0000
ACT-000025,CLT-000020,INS-001,2025-04,1002752,1159306,-156555,0.9291,1.1843,1.0000
ACT-000025,CLT-000020,INS-001,2025-05,1113653,1287522,-173869,0.8773,1.1843,1.0000
ACT-000025,CLT-000020,INS-001,2025-06,990202,1144797,-154595,0.8583,1.1843,1.0000
ACT-000025,CLT-000020,INS-001,2025-07,865791,1000962,-135172,0.8773,1.0000,1.0000
ACT-000025,CLT-000020,INS-001,2025-08,918750,1062190,-143440,0.9292,1.0000,1.0000
ACT-000025,CLT-000020,INS-001,2025-09,1109693,1282943,-173251,1.0000,0.8755,1.0000
ACT-000025,CLT-000020,INS-001,2025-10,1165979,1348017,-182038,1.0709,1.0000,1.0000
ACT-000025,CLT-000020,INS-001,2025-11,1086651,1256304,-169653,1.1227,1.0000,1.0000
ACT-000025,CLT-000020,INS-001,2025-12,1177980,1361892,-183912,1.1417,1.0000,1.0000
ACT-000026,CLT-000021,INS-001,2021-01,114246,84382,29864,1.2501,1.0000,1.0000
ACT-000026,CLT-000021,INS-001,2021-02,127972,94520,33452,1.1444,1.0000,1.0000
ACT-000026,CLT-000021,INS-001,2021-03,100163,73981,26183,1.0000,1.0000,1.0000
ACT-000026,CLT-000021,INS-001,2021-04,97369,71917,25452,0.8556,1.0000,1.0000
ACT-000026,CLT-000021,INS-001,2021-05,43237,31935,11302,0.7499,0.5021,1.0000
ACT-000026,CLT-000021,INS-001,2021-06,32797,24224,8573,0.7112,0.3843,1.0000
ACT-000026,CLT-000021,INS-001,2021-07,40570,29965,10605,0.7499,0.3843,1.0000
ACT-000026,CLT-000021,INS-001,2021-08,34523,25498,9024,0.8556,0.3843,1.0000
ACT-000026,CLT-000021,INS-001,2021-09,35257,26040,9216,1.0000,0.3398,1.0000
ACT-000026,CLT-000021,INS-001,2021-10,68507,50600,17908,1.1444,0.6766,1.0000
ACT-000026,CLT-000021,INS-001,2021-11,59365,43847,15518,1.2501,0.6766,1.0000
ACT-000026,CLT-000021,INS-001,2021-12,104644,77290,27354,1.2888,0.6766,1.0000
ACT-000026,CLT-000021,INS-001,2022-01,81846,60452,21395,1.2501,0.6766,1.0000
ACT-000026,CLT-000021,INS-001,2022-02,120682,89136,31546,1.1444,1.0000,1.0000
ACT-000026,CLT-000021,INS-001,2022-03,121150,89481,31669,1.0000,1.0000,1.0000
ACT-000026,CLT-000021,INS-001,2022-04,76731,56673,20057,0.8556,1.0000,1.0000
ACT-000026,CLT-000021,INS-001,2022-05,79107,58429,20679,0.7499,1.0000,1.0000
ACT-000026,CLT-000021,INS-001,2022-06,92895,68612,24283,0.7112,1.0000,1.0000
ACT-000026,CLT-000021,INS-001,2022-07,86759,64080,22679,0.7499,1.0000,1.0000
ACT-000026,CLT-000021,INS-001,2022-08,93376,68968,24409,0.8556,1.0000,1.0000
ACT-000026,CLT-000021,INS-001,2022-09,115064,84986,30078,1.0000,1.0000,1.0000
ACT-000026,CLT-000021,INS-001,2022-10,77880,60974,16907,1.1444,0.6213,1.0000
ACT-000026,CLT-000021,INS-001,2022-11,94147,73709,20438,1.2501,0.6213,1.0000
ACT-000026,CLT-000021,INS-001,2022-12,105330,82465,22865,1.2888,0.6213,1.0000
ACT-000026,CLT-000021,INS-001,2023-01,109222,82284,26937,1.2501,0.6213,1.0000
ACT-000026,CLT-000021,INS-001,2023-02,185888,140043,45845,1.1444,1.2167,1.0000
ACT-000026,CLT-000021,INS-001,2023-03,172763,130155,42608,1.0000,1.2167,1.0000
ACT-000026,CLT-000021,INS-001,2023-04,140777,106058,34720,0.8556,1.2167,1.0000
ACT-000026,CLT-000021,INS-001,2023-05,158657,119528,39129,0.7499,1.2167,1.0000
ACT-000027,CLT-000022,INS-001,2021-01,286253,167028,119224,0.8787,1.0000,1.0000
ACT-000027,CLT-000022,INS-001,2021-02,318352,185758,132594,0.8599,1.0000,1.0000
ACT-000027,CLT-000022,INS-001,2021-03,365493,213265,152228,0.8787,1.0000,1.0000
ACT-000027,CLT-000022,INS-001,2021-04,275488,160747,114741,0.9300,1.0000,1.0000
ACT-000027,CLT-000022,INS-001,2021-05,351035,204829,146206,1.0000,1.0000,1.0000
ACT-000027,CLT-000022,INS-001,2021-06,304633,177753,126880,1.0700,1.0000,1.0000
ACT-000027,CLT-000022,INS-001,2021-07,392629,229099,163530,1.1213,1.0000,1.0000
ACT-000027,CLT-000022,INS-001,2021-08,512809,299224,213585,1.1401,1.0000,1.0000
ACT-000027,CLT-000022,INS-001,2021-09,574490,335215,239275,1.1213,1.0000,1.0000
ACT-000027,CLT-000022,INS-001,2021-10,261886,152811,109076,1.0700,0.7004,1.0000
ACT-000027,CLT-000022,INS-001,2021-11,261247,152438,108810,1.0000,0.7004,1.0000
ACT-000027,CLT-000022,INS-001,2021-12,149434,87195,62239,0.9300,0.7004,1.0000
ACT-000027,CLT-000022,INS-001,2022-01,203729,118876,84853,0.8787,0.7004,1.0000
ACT-000027,CLT-000022,INS-001,2022-02,232649,135751,96898,0.8599,1.0000,1.0000
ACT-000027,CLT-000022,INS-001,2022-03,269362,157173,112189,0.8787,1.0000,1.0000
ACT-000027,CLT-000022,INS-001,2022-04,328509,191685,136824,0.9300,1.0000,1.0000
ACT-000027,CLT-000022,INS-001,2022-05,309936,180848,129089,1.0000,1.0000,1.0000
ACT-000027,CLT-000022,INS-001,2022-06,440638,257112,183526,1.0700,1.0000,1.0000
ACT-000027,CLT-000022,INS-001,2022-07,427880,249668,178212,1.1213,1.0000,1.0000
ACT-000027,CLT-000022,INS-001,2022-08,343052,200171,142881,1.1401,1.0000,1.0000
ACT-000027,CLT-000022,INS-001,2022-09,378118,220632,157486,1.1213,1.0000,1.0000
ACT-000027,CLT-000022,INS-001,2022-10,397264,245712,151552,1.0700,1.0000,1.0000
ACT-000027,CLT-000022,INS-001,2022-11,402821,249149,153672,1.0000,1.0000,1.0000
ACT-000027,CLT-000022,INS-001,2022-12,306336,189472,116864,0.9300,1.0000,1.0000
ACT-000027,CLT-000022,INS-001,2023-01,302691,180152,122538,0.8787,1.0000,1.0000
ACT-000027,CLT-000022,INS-001,2023-02,436407,259737,176671,0.8599,1.0000,1.0000
ACT-000027,CLT-000022,INS-001,2023-03,511374,304355,207020,0.8787,1.0000,1.0000
ACT-000027,CLT-000022,INS-001,2023-04,402501,239557,162944,0.9300,1.0000,1.0000
ACT-000027,CLT-000022,INS-001,2023-05,540679,321796,218883,1.0000,1.0000,1.0000
ACT-000027,CLT-000022,INS-001,2023-06,498520,290887,207634,1.0700,1.0000,1.0000
ACT-000027,CLT-000022,INS-001,2023-07,488018,284758,203259,1.1213,1.0000,1.0000
ACT-000027,CLT-000022,INS-001,2023-08,570278,332757,237521,1.1401,1.0000,1.0000
ACT-000027,CLT-000022,INS-001,2023-09,496091,289469,206622,1.1213,1.0000,1.0000
ACT-000027,CLT-000022,INS-001,2023-10,619024,361200,257823,1.0700,1.0000,1.0000
ACT-000027,CLT-000022,INS-001,2023-11,515910,301033,214876,1.0000,1.0000,1.0000
ACT-000027,CLT-000022,INS-001,2023-12,509854,297500,212354,0.9300,1.0000,1.0000
ACT-000027,CLT-000022,INS-001,2024-01,331431,197258,134173,0.8787,1.0000,1.0239
ACT-000027,CLT-000022,INS-001,2024-02,339297,201940,137358,0.8599,1.0000,1.0239
ACT-000027,CLT-000022,INS-001,2024-03,369285,219787,149497,0.8787,1.0000,1.0239
ACT-000027,CLT-000022,INS-001,2024-04,337271,200733,136537,0.9300,1.0000,1.0239
ACT-000027,CLT-000022,INS-001,2024-05,331954,197569,134385,1.0000,1.0000,1.0239
ACT-000027,CLT-000022,INS-001,2024-06,406986,242226,164760,1.0700,1.0000,1.0239
ACT-000027,CLT-000022,INS-001,2024-07,213016,126781,86235,1.1213,0.7097,1.0239
ACT-000027,CLT-000022,INS-001,2024-08,265710,158143,107568,1.1401,0.7097,1.0239
ACT-000027,CLT-000022,INS-001,2024-09,350657,208701,141957,1.1213,1.0000,1.0239
ACT-000027,CLT-000022,INS-001,2024-10,515420,306763,208658,1.0700,1.0000,1.0239
ACT-000027,CLT-000022,INS-001,2024-11,477288,284068,193221,1.0000,1.0000,1.0239
ACT-000027,CLT-000022,INS-001,2024-12,545228,324503,220725,0.9300,1.0000,1.0239
ACT-000027,CLT-000022,INS-001,2025-01,467194,340759,126434,0.8787,1.0000,1.0000
ACT-000027,CLT-000022,INS-001,2025-02,393455,286976,106479,0.8599,1.0000,1.0000
ACT-000027,CLT-000022,INS-001,2025-03,468957,342046,126912,0.8787,1.0000,1.0000
ACT-000027,CLT-000022,INS-001,2025-04,462667,337458,125209,0.9300,1.0000,1.0000
ACT-000027,CLT-000022,INS-001,2025-05,429598,313338,116260,1.0000,1.0000,1.0000
ACT-000027,CLT-000022,INS-001,2025-06,397068,289611,107457,1.0700,0.8104,1.0000
ACT-000027,CLT-000022,INS-001,2025-07,435454,317609,117845,1.1213,0.8104,1.0000
ACT-000027,CLT-000022,INS-001,2025-08,532316,388258,144058,1.1401,0.8104,1.0000
ACT-000027,CLT-000022,INS-001,2025-09,431819,314958,116861,1.1213,0.8104,1.0000
ACT-000027,CLT-000022,INS-001,2025-10,583512,425599,157913,1.0700,1.0000,1.0000
ACT-000027,CLT-000022,INS-001,2025-11,420703,306850,113853,1.0000,1.0000,1.0000
ACT-000027,CLT-000022,INS-001,2025-12,436889,318656,118233,0.9300,1.0000,1.0000
ACT-000028,CLT-000023,INS-001,2025-04,499415,526883,-27468,0.8553,1.0000,1.0000
ACT-000028,CLT-000023,INS-001,2025-05,365379,385474,-20096,0.7495,1.0000,1.0000
ACT-000028,CLT-000023,INS-001,2025-06,401342,423416,-22074,0.7107,1.0000,1.0000
ACT-000028,CLT-000023,INS-001,2025-07,353471,372912,-19441,0.7495,1.0000,1.0000
ACT-000028,CLT-000023,INS-001,2025-08,349874,369117,-19243,0.8554,1.0000,1.0000
ACT-000028,CLT-000023,INS-001,2025-09,384909,406079,-21170,1.0000,1.0000,1.0000
ACT-000028,CLT-000023,INS-001,2025-10,550073,580327,-30254,1.1446,1.0000,1.0000
ACT-000028,CLT-000023,INS-001,2025-11,561039,591896,-30857,1.2505,1.0000,1.0000
ACT-000028,CLT-000023,INS-001,2025-12,756143,797731,-41588,1.2893,1.0000,1.0000
ACT-000029,CLT-000023,INS-001,2025-04,88132,92781,-4649,0.8588,1.0000,1.0000
ACT-000029,CLT-000023,INS-001,2025-05,89341,94053,-4713,0.8369,1.0000,1.0000
ACT-000029,CLT-000023,INS-001,2025-06,112718,118664,-5946,0.8588,1.0000,1.0000
ACT-000029,CLT-000023,INS-001,2025-07,107920,113613,-5693,0.9184,1.0000,1.0000
ACT-000029,CLT-000023,INS-001,2025-08,124558,131128,-6570,1.0000,1.0000,1.0000
ACT-000029,CLT-000023,INS-001,2025-09,148484,156317,-7833,1.0816,1.0000,1.0000
ACT-000029,CLT-000023,INS-001,2025-10,169622,178570,-8948,1.1412,1.0000,1.0000
ACT-000029,CLT-000023,INS-001,2025-11,144366,151981,-7615,1.1631,1.0000,1.0000
ACT-000029,CLT-000023,INS-001,2025-12,114989,121055,-6066,1.1412,1.0000,1.0000
ACT-000030,CLT-000024,INS-001,2021-02,718692,614554,104138,1.0993,1.0000,1.0000
ACT-000030,CLT-000024,INS-001,2021-03,618821,529154,89667,1.0000,1.0000,1.0000
ACT-000030,CLT-000024,INS-001,2021-04,641519,548563,92956,0.9007,1.0000,1.0000
ACT-000030,CLT-000024,INS-001,2021-05,475154,406304,68850,0.8280,1.0000,1.0000
ACT-000030,CLT-000024,INS-001,2021-06,582163,497807,84355,0.8014,1.0000,1.0000
ACT-000030,CLT-000024,INS-001,2021-07,521438,445882,75556,0.8280,1.0000,1.0000
ACT-000030,CLT-000024,INS-001,2021-08,601431,514284,87147,0.9007,1.0000,1.0000
ACT-000030,CLT-000024,INS-001,2021-09,722959,618202,104757,1.0000,1.0000,1.0000
ACT-000030,CLT-000024,INS-001,2021-10,806993,690060,116933,1.0993,0.8722,1.0000
ACT-000030,CLT-000024,INS-001,2021-11,599024,512226,86799,1.1720,0.8722,1.0000
ACT-000030,CLT-000024,INS-001,2021-12,840742,718918,121823,1.1986,0.8722,1.0000
ACT-000030,CLT-000024,INS-001,2022-01,606250,518404,87846,1.1720,0.8722,1.0000
ACT-000030,CLT-000024,INS-001,2022-02,526685,450368,76317,1.0993,0.8722,1.0000
ACT-000030,CLT-000024,INS-001,2022-03,538707,460648,78059,1.0000,0.8722,1.0000
ACT-000030,CLT-000024,INS-001,2022-04,636217,544030,92188,0.9007,1.0000,1.0000
ACT-000030,CLT-000024,INS-001,2022-05,383429,327870,55559,0.8280,1.0000,1.0000
ACT-000030,CLT-000024,INS-001,2022-06,343378,293623,49756,0.8014,1.0000,1.0000
ACT-000030,CLT-000024,INS-001,2022-07,467310,399597,67713,0.8280,1.0000,1.0000
ACT-000030,CLT-000024,INS-001,2022-08,504434,431342,73093,0.9007,1.0000,1.0000
ACT-000030,CLT-000024,INS-001,2022-09,681785,582995,98791,1.0000,1.0000,1.0000
ACT-000030,CLT-000024,INS-001,2022-10,695598,630494,65104,1.0993,1.0000,1.0000
ACT-000030,CLT-000024,INS-001,2022-11,740044,670780,69264,1.1720,1.0000,1.0000
ACT-000030,CLT-000024,INS-001,2022-12,925884,839227,86657,1.1986,1.0000,1.0000
ACT-000030,CLT-000024,INS-001,2023-01,701064,611469,89595,1.1720,1.0000,1.0000
ACT-000030,CLT-000024,INS-001,2023-02,607814,530136,77677,1.0993,1.0000,1.0000
ACT-000030,CLT-000024,INS-001,2023-03,515492,449613,65879,1.0000,1.0000,1.0000
ACT-000030,CLT-000024,INS-001,2023-04,646682,564038,82645,0.9007,1.0000,1.0000
ACT-000030,CLT-000024,INS-001,2023-05,620494,541196,79298,0.8280,1.0000,1.0000
ACT-000030,CLT-000024,INS-001,2023-06,485512,415161,70351,0.8014,1.0000,1.0000
ACT-000030,CLT-000024,INS-001,2023-07,468562,400667,67895,0.8280,1.0000,1.0000
ACT-000030,CLT-000024,INS-001,2023-08,521745,446144,75601,0.9007,1.0000,1.0000
ACT-000030,CLT-000024,INS-001,2023-09,687914,588235,99679,1.0000,1.0000,1.0000
ACT-000030,CLT-000024,INS-001,2023-10,539774,461561,78213,1.0993,1.0000,1.0000
ACT-000030,CLT-000024,INS-001,2023-11,781106,667923,113182,1.1720,1.2512,1.0000
ACT-000030,CLT-000024,INS-001,2023-12,878633,751319,127314,1.1986,1.2512,1.0000
ACT-000030,CLT-000024,INS-001,2024-01,1110930,968956,141975,1.1720,1.3035,1.0239
ACT-000030,CLT-000024,INS-001,2024-02,706634,616328,90306,1.0993,1.3035,1.0239
ACT-000030,CLT-000024,INS-001,2024-03,569758,496944,72814,1.0000,1.2512,1.0239
ACT-000030,CLT-000024,INS-001,2024-04,559773,488235,71538,0.9007,1.2512,1.0239
ACT-000030,CLT-000024,INS-001,2024-05,613833,535387,78447,0.8280,1.2512,1.0239
ACT-000030,CLT-000024,INS-001,2024-06,636980,555575,81405,0.8014,1.0000,1.0239
ACT-000030,CLT-000024,INS-001,2024-07,466398,406793,59605,0.8280,1.0000,1.0239
ACT-000030,CLT-000024,INS-001,2024-08,455610,397384,58226,0.9007,1.0000,1.0239
ACT-000030,CLT-000024,INS-001,2024-09,459138,400461,58677,1.0000,1.0000,1.0239
ACT-000030,CLT-000024,INS-001,2024-10,565558,493281,72277,1.0993,1.0000,1.0239
ACT-000030,CLT-000024,INS-001,2024-11,717242,625580,91662,1.1720,1.0000,1.0239
ACT-000030,CLT-000024,INS-001,2024-12,749824,653998,95826,1.1986,1.0000,1.0239
ACT-000030,CLT-000024,INS-001,2025-01,384052,410503,-26452,1.1720,0.6978,1.0000
ACT-000030,CLT-000024,INS-001,2025-02,424569,453812,-29242,1.0993,0.6978,1.0000
ACT-000030,CLT-000024,INS-001,2025-03,194070,207437,-13367,1.0000,0.4009,1.0000
ACT-000030,CLT-000024,INS-001,2025-04,298327,318874,-20547,0.9007,0.6978,1.0000
ACT-000030,CLT-000024,INS-001,2025-05,321952,344126,-22174,0.8280,0.6978,1.0000
ACT-000030,CLT-000024,INS-001,2025-06,286437,306166,-19728,0.8014,0.6978,1.0000
ACT-000030,CLT-000024,INS-001,2025-07,438100,468274,-30174,0.8280,1.0000,1.0000
ACT-000030,CLT-000024,INS-001,2025-08,440308,470635,-30326,0.9007,1.0000,1.0000
ACT-000030,CLT-000024,INS-001,2025-09,550445,588357,-37912,1.0000,1.0000,1.0000
ACT-000030,CLT-000024,INS-001,2025-10,766186,818957,-52771,1.0993,1.0000,1.0000
ACT-000030,CLT-000024,INS-001,2025-11,676836,723453,-46617,1.1720,1.0000,1.0000
ACT-000030,CLT-000024,INS-001,2025-12,661201,706741,-45540,1.1986,1.0000,1.0000
ACT-000031,CLT-000024,INS-001,2021-02,163048,139976,23071,1.0970,1.0000,1.0000
ACT-000031,CLT-000024,INS-001,2021-03,144824,124331,20493,1.0000,1.0000,1.0000
ACT-000031,CLT-000024,INS-001,2021-04,116626,100123,16503,0.9030,1.0000,1.0000
ACT-000031,CLT-000024,INS-001,2021-05,110689,95027,15663,0.8321,1.0000,1.0000
ACT-000031,CLT-000024,INS-001,2021-06,84495,72539,11956,0.8061,1.0000,1.0000
ACT-000031,CLT-000024,INS-001,2021-07,124720,107072,17648,0.8321,1.0000,1.0000
ACT-000031,CLT-000024,INS-001,2021-08,158386,135974,22412,0.9031,1.0000,1.0000
ACT-000031,CLT-000024,INS-001,2021-09,195772,168070,27702,1.0000,1.0000,1.0000
ACT-000031,CLT-000024,INS-001,2021-10,134064,115094,18970,1.0970,0.8722,1.0000
ACT-000031,CLT-000024,INS-001,2021-11,181730,156015,25715,1.1679,0.8722,1.0000
ACT-000031,CLT-000024,INS-001,2021-12,233576,200525,33051,1.1939,0.8722,1.0000
ACT-000031,CLT-000024,INS-001,2022-01,188073,161461,26612,1.1679,0.8722,1.0000
ACT-000031,CLT-000024,INS-001,2022-02,143487,123183,20303,1.0970,0.8722,1.0000
ACT-000031,CLT-000024,INS-001,2022-03,124357,106761,17597,1.0000,0.8722,1.0000
ACT-000031,CLT-000024,INS-001,2022-04,141623,121583,20040,0.9030,1.0000,1.0000
ACT-000031,CLT-000024,INS-001,2022-05,148066,127115,20951,0.8321,1.0000,1.0000
ACT-000031,CLT-000024,INS-001,2022-06,117426,100811,16616,0.8061,1.0000,1.0000
ACT-000031,CLT-000024,INS-001,2022-07,129667,111319,18348,0.8321,1.0000,1.0000
ACT-000031,CLT-000024,INS-001,2022-08,109263,93803,15461,0.9031,1.0000,1.0000
ACT-000031,CLT-000024,INS-001,2022-09,130915,112391,18524,1.0000,1.0000,1.0000
ACT-000031,CLT-000024,INS-001,2022-10,161537,147001,14537,1.0970,1.0000,1.0000
ACT-000031,CLT-000024,INS-001,2022-11,222903,202844,20059,1.1679,1.0000,1.0000
ACT-000031,CLT-000024,INS-001,2022-12,174411,158716,15695,1.1939,1.0000,1.0000
ACT-000031,CLT-000024,INS-001,2023-01,195535,171224,24311,1.1679,1.0000,1.0000
ACT-000031,CLT-000024,INS-001,2023-02,168779,147794,20984,1.0970,1.0000,1.0000
ACT-000031,CLT-000024,INS-001,2023-03,212715,186268,26447,1.0000,1.0000,1.0000
ACT-000031,CLT-000024,INS-001,2023-04,197677,173099,24577,0.9030,1.0000,1.0000
ACT-000031,CLT-000024,INS-001,2023-05,164709,144231,20478,0.8321,1.0000,1.0000
ACT-000031,CLT-000024,INS-001,2023-06,139989,120181,19808,0.8061,1.0000,1.0000
ACT-000031,CLT-000024,INS-001,2023-07,103932,89225,14706,0.8321,1.0000,1.0000
ACT-000031,CLT-000024,INS-001,2023-08,118307,101567,16740,0.9031,1.0000,1.0000
ACT-000031,CLT-000024,INS-001,2023-09,152910,131273,21637,1.0000,1.0000,1.0000
ACT-000031,CLT-000024,INS-001,2023-10,158408,135993,22415,1.0970,1.0000,1.0000
ACT-000031,CLT-000024,INS-001,2023-11,180437,154905,25532,1.1679,1.2512,1.0000
ACT-000031,CLT-000024,INS-001,2023-12,239751,205826,33925,1.1939,1.2512,1.0000
ACT-000031,CLT-000024,INS-001,2024-01,202273,177124,25149,1.1679,1.3035,1.0239
ACT-000031,CLT-000024,INS-001,2024-02,247016,216304,30711,1.0970,1.3035,1.0239
ACT-000031,CLT-000024,INS-001,2024-03,191230,167455,23776,1.0000,1.2512,1.0239
ACT-000031,CLT-000024,INS-001,2024-04,178374,156197,22177,0.9030,1.2512,1.0239
ACT-000031,CLT-000024,INS-001,2024-05,165976,145340,20636,0.8321,1.2512,1.0239
ACT-000031,CLT-000024,INS-001,2024-06,171070,149801,21269,0.8061,1.0000,1.0239
ACT-000031,CLT-000024,INS-001,2024-07,173042,151528,21514,0.8321,1.0000,1.0239
ACT-000031,CLT-000024,INS-001,2024-08,164071,143672,20399,0.9031,1.0000,1.0239
ACT-000031,CLT-000024,INS-001,2024-09,162340,142157,20184,1.0000,1.0000,1.0239
ACT-000031,CLT-000024,INS-001,2024-10,182346,159675,22671,1.0970,1.0000,1.0239
ACT-000031,CLT-000024,INS-001,2024-11,172649,151184,21465,1.1679,1.0000,1.0239
ACT-000031,CLT-000024,INS-001,2024-12,219887,192548,27339,1.1939,1.0000,1.0239
ACT-000031,CLT-000024,INS-001,2025-01,117230,125803,-8572,1.1679,0.6978,1.0000
ACT-000031,CLT-000024,INS-001,2025-02,156915,168390,-11474,1.0970,0.6978,1.0000
ACT-000031,CLT-000024,INS-001,2025-03,93591,100435,-6844,1.0000,0.4009,1.0000
ACT-000031,CLT-000024,INS-001,2025-04,144655,155233,-10578,0.9030,0.6978,1.0000
ACT-000031,CLT-000024,INS-001,2025-05,122649,131617,-8969,0.8321,0.6978,1.0000
ACT-000031,CLT-000024,INS-001,2025-06,128204,137579,-9375,0.8061,0.6978,1.0000
ACT-000031,CLT-000024,INS-001,2025-07,182539,195887,-13348,0.8321,1.0000,1.0000
ACT-000031,CLT-000024,INS-001,2025-08,164120,176121,-12001,0.9031,1.0000,1.0000
ACT-000031,CLT-000024,INS-001,2025-09,240723,258326,-17603,1.0000,1.0000,1.0000
ACT-000031,CLT-000024,INS-001,2025-10,257947,276809,-18862,1.0970,1.0000,1.0000
ACT-000031,CLT-000024,INS-001,2025-11,205207,220212,-15006,1.1679,1.0000,1.0000
ACT-000031,CLT-000024,INS-001,2025-12,191461,205462,-14001,1.1939,1.0000,1.0000
ACT-000032,CLT-000025,INS-001,2021-04,75947,45356,30591,0.8902,1.0000,1.0000
ACT-000032,CLT-000025,INS-001,2021-05,61211,36555,24656,0.8098,1.0000,1.0000
ACT-000032,CLT-000025,INS-001,2021-06,75519,45100,30419,0.7804,1.0000,1.0000
ACT-000032,CLT-000025,INS-001,2021-07,73619,43965,29654,0.8098,1.0000,1.0000
ACT-000032,CLT-000025,INS-001,2021-08,98611,58890,39720,0.8902,1.0000,1.0000
ACT-000032,CLT-000025,INS-001,2021-09,89887,53680,36206,1.0000,1.0000,1.0000
ACT-000032,CLT-000025,INS-001,2021-10,120229,71801,48428,1.1098,1.0000,1.0000
ACT-000032,CLT-000025,INS-001,2021-11,151813,90663,61150,1.1902,1.0000,1.0000
ACT-000032,CLT-000025,INS-001,2021-12,148545,88711,59834,1.2196,1.0000,1.0000
ACT-000032,CLT-000025,INS-001,2022-01,129203,77160,52043,1.1902,1.0000,1.0000
ACT-000032,CLT-000025,INS-001,2022-02,128472,76723,51748,1.1098,1.0000,1.0000
ACT-000032,CLT-000025,INS-001,2022-03,88823,53045,35778,1.0000,1.0000,1.0000
ACT-000032,CLT-000025,INS-001,2022-04,69800,41684,28115,0.8902,1.0000,1.0000
ACT-000032,CLT-000025,INS-001,2022-05,91636,54725,36911,0.8098,1.0000,1.0000
ACT-000032,CLT-000025,INS-001,2022-06,78594,46937,31658,0.7804,1.0000,1.0000
ACT-000032,CLT-000025,INS-001,2022-07,84940,50726,34214,0.8098,1.0000,1.0000
ACT-000032,CLT-000025,INS-001,2022-08,70848,42310,28537,0.8902,1.0000,1.0000
ACT-000032,CLT-000025,INS-001,2022-09,134936,80584,54352,1.0000,1.0000,1.0000
ACT-000032,CLT-000025,INS-001,2022-10,146644,92830,53813,1.1098,1.0000,1.0000
ACT-000032,CLT-000025,INS-001,2022-11,175247,110937,64310,1.1902,1.0000,1.0000
ACT-000032,CLT-000025,INS-001,2022-12,141150,89352,51797,1.2196,1.0000,1.0000
ACT-000032,CLT-000025,INS-001,2023-01,144040,87741,56299,1.1902,1.0000,1.0000
ACT-000032,CLT-000025,INS-001,2023-02,139892,85214,54677,1.1098,1.0000,1.0000
ACT-000032,CLT-000025,INS-001,2023-03,124551,75869,48681,1.0000,1.0000,1.0000
ACT-000032,CLT-000025,INS-001,2023-04,107037,65201,41836,0.8902,1.0000,1.0000
ACT-000032,CLT-000025,INS-001,2023-05,87080,53044,34036,0.8098,1.0000,1.0000
ACT-000032,CLT-000025,INS-001,2023-06,68216,40739,27477,0.7804,1.0000,1.0000
ACT-000032,CLT-000025,INS-001,2023-07,71475,42685,28790,0.8098,1.0000,1.0000
ACT-000032,CLT-000025,INS-001,2023-08,57897,34576,23321,0.8902,1.0000,1.0000
ACT-000032,CLT-000025,INS-001,2023-09,82683,49378,33305,1.0000,1.0000,1.0000
ACT-000032,CLT-000025,INS-001,2023-10,109031,65114,43918,1.1098,1.0000,1.0000
ACT-000032,CLT-000025,INS-001,2023-11,150118,89650,60467,1.1902,1.0000,1.0000
ACT-000032,CLT-000025,INS-001,2023-12,171661,102516,69145,1.2196,1.0000,1.0000
ACT-000032,CLT-000025,INS-001,2024-01,122686,74734,47953,1.1902,1.0000,1.0239
ACT-000032,CLT-000025,INS-001,2024-02,130818,79687,51131,1.1098,1.0000,1.0239
ACT-000032,CLT-000025,INS-001,2024-03,93881,57187,36694,1.0000,1.0000,1.0239
ACT-000032,CLT-000025,INS-001,2024-04,108135,65870,42265,0.8902,1.0000,1.0239
ACT-000032,CLT-000025,INS-001,2024-05,109849,66914,42935,0.8098,1.0000,1.0239
ACT-000032,CLT-000025,INS-001,2024-06,93206,56776,36430,0.7804,1.0000,1.0239
ACT-000032,CLT-000025,INS-001,2024-07,107301,65362,41939,0.8098,1.0000,1.0239
ACT-000032,CLT-000025,INS-001,2024-08,96968,59067,37900,0.8902,1.0000,1.0239
ACT-000032,CLT-000025,INS-001,2024-09,156417,95280,61136,1.0000,1.0000,1.0239
ACT-000032,CLT-000025,INS-001,2024-10,169395,103186,66209,1.1098,1.0000,1.0239
ACT-000032,CLT-000025,INS-001,2024-11,201161,122536,78625,1.1902,1.0000,1.0239
ACT-000032,CLT-000025,INS-001,2024-12,199967,121809,78158,1.2196,1.0000,1.0239
ACT-000032,CLT-000025,INS-001,2025-01,174148,130002,44147,1.1902,1.0000,1.0000
ACT-000032,CLT-000025,INS-001,2025-02,162717,121468,41249,1.1098,1.0000,1.0000
ACT-000032,CLT-000025,INS-001,2025-03,158580,118380,40200,1.0000,1.0000,1.0000
ACT-000032,CLT-000025,INS-001,2025-04,104488,78000,26488,0.8902,1.0000,1.0000
ACT-000032,CLT-000025,INS-001,2025-05,97941,73113,24828,0.8098,1.0000,1.0000
ACT-000032,CLT-000025,INS-001,2025-06,87133,65045,22088,0.7804,1.0000,1.0000
ACT-000032,CLT-000025,INS-001,2025-07,117868,87989,29880,0.8098,1.0000,1.0000
ACT-000032,CLT-000025,INS-001,2025-08,149585,111665,37920,0.8902,1.0000,1.0000
ACT-000032,CLT-000025,INS-001,2025-09,146745,109545,37200,1.0000,1.0000,1.0000
ACT-000032,CLT-000025,INS-001,2025-10,136015,101535,34480,1.1098,1.0000,1.0000
ACT-000032,CLT-000025,INS-001,2025-11,112311,83840,28471,1.1902,1.0000,1.0000
ACT-000032,CLT-000025,INS-001,2025-12,119017,88847,30171,1.2196,1.0000,1.0000
ACT-000033,CLT-000026,INS-001,2021-05,174831,108081,66751,1.0000,1.0000,1.0000
ACT-000033,CLT-000026,INS-001,2021-06,197882,122331,75551,1.1156,1.0000,1.0000
ACT-000033,CLT-000026,INS-001,2021-07,205247,126884,78363,1.2002,1.0000,1.0000
ACT-000033,CLT-000026,INS-001,2021-08,245186,151574,93612,1.2312,1.0000,1.0000
ACT-000033,CLT-000026,INS-001,2021-09,160588,99276,61313,1.2002,1.0000,1.0000
ACT-000033,CLT-000026,INS-001,2021-10,155137,95906,59231,1.1156,1.0000,1.0000
ACT-000033,CLT-000026,INS-001,2021-11,143460,88687,54773,1.0000,1.0000,1.0000
ACT-000033,CLT-000026,INS-001,2021-12,146296,90440,55856,0.8844,1.0000,1.0000
ACT-000033,CLT-000026,INS-001,2022-01,165576,102359,63217,0.7998,1.0000,1.0000
ACT-000033,CLT-000026,INS-001,2022-02,147726,91324,56402,0.7688,1.0000,1.0000
ACT-000033,CLT-000026,INS-001,2022-03,149009,92117,56892,0.7998,1.0000,1.0000
ACT-000033,CLT-000026,INS-001,2022-04,146213,90389,55824,0.8844,1.0000,1.0000
ACT-000033,CLT-000026,INS-001,2022-05,174177,107676,66501,1.0000,1.0000,1.0000
ACT-000033,CLT-000026,INS-001,2022-06,188197,116343,71854,1.1156,1.0000,1.0000
ACT-000033,CLT-000026,INS-001,2022-07,255954,158231,97723,1.2002,1.0000,1.0000
ACT-000033,CLT-000026,INS-001,2022-08,242049,149635,92414,1.2312,1.0000,1.0000
ACT-000033,CLT-000026,INS-001,2022-09,232234,143567,88667,1.2002,1.0000,1.0000
ACT-000033,CLT-000026,INS-001,2022-10,264795,173518,91277,1.1156,1.0000,1.0000
ACT-000033,CLT-000026,INS-001,2022-11,165357,108357,57000,1.0000,1.0000,1.0000
ACT-000033,CLT-000026,INS-001,2022-12,201761,132212,69549,0.8844,1.0000,1.0000
ACT-000033,CLT-000026,INS-001,2023-01,162113,102223,59890,0.7998,1.0000,1.0000
ACT-000033,CLT-000026,INS-001,2023-02,174817,110233,64584,0.7688,1.0000,1.0000
ACT-000033,CLT-000026,INS-001,2023-03,199689,125916,73772,0.7998,1.0000,1.0000
ACT-000033,CLT-000026,INS-001,2023-04,186780,117776,69003,0.8844,1.0000,1.0000
ACT-000033,CLT-000026,INS-001,2023-05,208535,131494,77040,1.0000,1.0000,1.0000
ACT-000033,CLT-000026,INS-001,2023-06,300461,185745,114716,1.1156,1.0000,1.0000
ACT-000033,CLT-000026,INS-001,2023-07,347780,214998,132783,1.2002,1.0000,1.0000
ACT-000033,CLT-000026,INS-001,2023-08,313412,193751,119661,1.2312,1.0000,1.0000
ACT-000033,CLT-000026,INS-001,2023-09,370329,228937,141391,1.2002,1.2156,1.0000
ACT-000033,CLT-000026,INS-001,2023-10,356916,220645,136270,1.1156,1.2156,1.0000
ACT-000033,CLT-000026,INS-001,2023-11,296922,183557,113365,1.0000,1.0000,1.0000
ACT-000033,CLT-000026,INS-001,2023-12,254593,157390,97204,0.8844,1.0000,1.0000
ACT-000033,CLT-000026,INS-001,2024-01,218480,137766,80715,0.7998,1.0000,1.0239
ACT-000033,CLT-000026,INS-001,2024-02,289080,182283,106796,0.7688,1.0000,1.0239
ACT-000033,CLT-000026,INS-001,2024-03,246889,155679,91210,0.7998,1.0000,1.0239
ACT-000033,CLT-000026,INS-001,2024-04,231102,145725,85377,0.8844,1.0000,1.0239
ACT-000033,CLT-000026,INS-001,2024-05,304968,192302,112666,1.0000,1.1983,1.0239
ACT-000033,CLT-000026,INS-001,2024-06,420923,265419,155504,1.1156,1.1983,1.0239
ACT-000033,CLT-000026,INS-001,2024-07,445148,280694,164454,1.2002,1.1983,1.0239
ACT-000033,CLT-000026,INS-001,2024-08,417099,263008,154092,1.2312,1.1983,1.0239
ACT-000033,CLT-000026,INS-001,2024-09,474121,298964,175157,1.2002,1.1983,1.0239
ACT-000033,CLT-000026,INS-001,2024-10,375719,236915,138804,1.1156,1.1983,1.0239
ACT-000033,CLT-000026,INS-001,2024-11,314661,198414,116247,1.0000,1.1983,1.0239
ACT-000033,CLT-000026,INS-001,2024-12,309082,194896,114186,0.8844,1.1983,1.0239
ACT-000033,CLT-000026,INS-001,2025-01,213421,164921,48500,0.7998,0.9023,1.0000
ACT-000033,CLT-000026,INS-001,2025-02,238259,184115,54144,0.7688,1.0000,1.0000
ACT-000033,CLT-000026,INS-001,2025-03,243315,188021,55293,0.7998,1.0000,1.0000
ACT-000033,CLT-000026,INS-001,2025-04,249555,192844,56711,0.8844,1.0000,1.0000
ACT-000033,CLT-000026,INS-001,2025-05,284383,219757,64626,1.0000,1.0000,1.0000
ACT-000033,CLT-000026,INS-001,2025-06,334890,258787,76104,1.1156,1.0000,1.0000
ACT-000033,CLT-000026,INS-001,2025-07,410246,317018,93229,1.2002,1.0000,1.0000
ACT-000033,CLT-000026,INS-001,2025-08,467122,360969,106154,1.2312,1.0000,1.0000
ACT-000033,CLT-000026,INS-001,2025-09,470079,363254,106825,1.2002,1.0000,1.0000
ACT-000033,CLT-000026,INS-001,2025-10,467810,361500,106310,1.1156,1.0000,1.0000
ACT-000033,CLT-000026,INS-001,2025-11,409392,316358,93034,1.0000,1.0000,1.0000
ACT-000033,CLT-000026,INS-001,2025-12,345931,267318,78613,0.8844,1.0000,1.0000
ACT-000034,CLT-000027,INS-001,2021-05,60081,55184,4897,0.7968,1.0000,1.0000
ACT-000034,CLT-000027,INS-001,2021-06,66474,61056,5418,0.7654,1.0000,1.0000
ACT-000034,CLT-000027,INS-001,2021-07,71786,65935,5851,0.7968,1.0000,1.0000
ACT-000034,CLT-000027,INS-001,2021-08,83178,76399,6779,0.8827,1.0000,1.0000
ACT-000034,CLT-000027,INS-001,2021-09,73585,67588,5997,1.0000,1.0000,1.0000
ACT-000034,CLT-000027,INS-001,2021-10,66611,61182,5429,1.1173,1.0000,1.0000
ACT-000034,CLT-000027,INS-001,2021-11,83939,77098,6841,1.2032,1.0000,1.0000
ACT-000034,CLT-000027,INS-001,2021-12,119397,109666,9731,1.2346,1.0801,1.0000
ACT-000034,CLT-000027,INS-001,2022-01,130453,119822,10632,1.2032,1.0801,1.0000
ACT-000034,CLT-000027,INS-001,2022-02,127111,116752,10360,1.1173,1.0000,1.0000
ACT-000034,CLT-000027,INS-001,2022-03,128633,118149,10484,1.0000,1.0000,1.0000
ACT-000034,CLT-000027,INS-001,2022-04,91214,83780,7434,0.8827,1.0000,1.0000
ACT-000034,CLT-000027,INS-001,2022-05,71835,65980,5855,0.7968,1.0000,1.0000
ACT-000034,CLT-000027,INS-001,2022-06,64742,59466,5276,0.7654,1.0000,1.0000
ACT-000034,CLT-000027,INS-001,2022-07,102527,94171,8356,0.7968,1.0000,1.0000
ACT-000034,CLT-000027,INS-001,2022-08,110111,101137,8974,0.8827,1.0000,1.0000
ACT-000034,CLT-000027,INS-001,2022-09,109639,100704,8936,1.0000,1.0000,1.0000
ACT-000034,CLT-000027,INS-001,2022-10,107234,104404,2830,1.1173,1.0000,1.0000
ACT-000034,CLT-000027,INS-001,2022-11,93627,91156,2471,1.2032,1.0000,1.0000
ACT-000034,CLT-000027,INS-001,2022-12,130013,126582,3431,1.2346,1.0000,1.0000
ACT-000034,CLT-000027,INS-001,2023-01,136128,127535,8594,1.2032,1.0000,1.0000
ACT-000034,CLT-000027,INS-001,2023-02,114778,107532,7246,1.1173,1.2339,1.0000
ACT-000034,CLT-000027,INS-001,2023-03,118389,110915,7474,1.0000,1.2339,1.0000
ACT-000034,CLT-000027,INS-001,2023-04,101142,94757,6385,0.8827,1.2339,1.0000
ACT-000034,CLT-000027,INS-001,2023-05,130250,122027,8223,0.7968,1.2339,1.0000
ACT-000034,CLT-000027,INS-001,2023-06,120269,110467,9802,0.7654,1.2339,1.0000
ACT-000034,CLT-000027,INS-001,2023-07,93952,86295,7657,0.7968,1.2339,1.0000
ACT-000034,CLT-000027,INS-001,2023-08,81236,74615,6621,0.8827,1.0000,1.0000
ACT-000034,CLT-000027,INS-001,2023-09,112727,103540,9187,1.0000,1.0000,1.0000
ACT-000034,CLT-000027,INS-001,2023-10,119418,109685,9733,1.1173,1.0000,1.0000
ACT-000034,CLT-000027,INS-001,2023-11,106175,97521,8653,1.2032,1.0000,1.0000
ACT-000034,CLT-000027,INS-001,2023-12,105084,96520,8564,1.2346,1.0000,1.0000
ACT-000034,CLT-000027,INS-001,2024-01,98663,92434,6229,1.2032,1.0000,1.0239
ACT-000034,CLT-000027,INS-001,2024-02,127374,119333,8041,1.1173,1.0000,1.0239
ACT-000034,CLT-000027,INS-001,2024-03,114119,106915,7204,1.0000,1.0000,1.0239
ACT-000034,CLT-000027,INS-001,2024-04,99650,93359,6291,0.8827,1.0000,1.0239
ACT-000034,CLT-000027,INS-001,2024-05,85608,80204,5404,0.7968,1.0000,1.0239
ACT-000034,CLT-000027,INS-001,2024-06,84253,78934,5319,0.7654,1.0000,1.0239
ACT-000034,CLT-000027,INS-001,2024-07,94644,88669,5975,0.7968,1.0000,1.0239
ACT-000034,CLT-000027,INS-001,2024-08,104069,97499,6570,0.8827,1.0000,1.0239
ACT-000034,CLT-000027,INS-001,2024-09,96854,90740,6114,1.0000,1.0000,1.0239
ACT-000034,CLT-000027,INS-001,2024-10,132229,123881,8348,1.1173,1.0000,1.0239
ACT-000034,CLT-000027,INS-001,2024-11,147142,137853,9289,1.2032,1.0000,1.0239
ACT-000034,CLT-000027,INS-001,2024-12,141982,133019,8963,1.2346,1.0000,1.0239
ACT-000034,CLT-000027,INS-001,2025-01,118817,136416,-17600,1.2032,0.7730,1.0000
ACT-000034,CLT-000027,INS-001,2025-02,117997,135476,-17478,1.1173,0.7730,1.0000
ACT-000034,CLT-000027,INS-001,2025-03,29208,33534,-4326,1.0000,0.2654,1.0000
ACT-000034,CLT-000027,INS-001,2025-04,26521,30449,-3928,0.8827,0.2654,1.0000
ACT-000034,CLT-000027,INS-001,2025-05,29114,33426,-4312,0.7968,0.2654,1.0000
ACT-000034,CLT-000027,INS-001,2025-06,18849,21641,-2792,0.7654,0.2942,1.0000
ACT-000034,CLT-000027,INS-001,2025-07,23301,26753,-3452,0.7968,0.2942,1.0000
ACT-000034,CLT-000027,INS-001,2025-08,37159,42663,-5504,0.8827,0.2942,1.0000
ACT-000034,CLT-000027,INS-001,2025-09,51563,59201,-7638,1.0000,0.2942,1.0000
ACT-000034,CLT-000027,INS-001,2025-10,45881,52677,-6796,1.1173,0.2942,1.0000
ACT-000034,CLT-000027,INS-001,2025-11,50646,58148,-7502,1.2032,0.2942,1.0000
ACT-000034,CLT-000027,INS-001,2025-12,47277,54280,-7003,1.2346,0.2654,1.0000
ACT-000035,CLT-000028,INS-001,2021-05,294709,284335,10374,0.8300,1.0000,1.0000
ACT-000035,CLT-000028,INS-001,2021-06,294903,284522,10381,0.8528,1.0000,1.0000
ACT-000035,CLT-000028,INS-001,2021-07,368817,355834,12982,0.9150,1.0000,1.0000
ACT-000035,CLT-000028,INS-001,2021-08,346605,334404,12200,1.0000,1.0000,1.0000
ACT-000035,CLT-000028,INS-001,2021-09,428305,413229,15076,1.0850,1.0000,1.0000
ACT-000035,CLT-000028,INS-001,2021-10,441367,425831,15536,1.1472,1.0000,1.0000
ACT-000035,CLT-000028,INS-001,2021-11,637504,615064,22440,1.1700,1.0000,1.0000
ACT-000035,CLT-000028,INS-001,2021-12,645941,623204,22737,1.1472,1.0000,1.0000
ACT-000035,CLT-000028,INS-001,2022-01,472866,456221,16645,1.0850,1.0000,1.0000
ACT-000035,CLT-000028,INS-001,2022-02,453299,437343,15956,1.0000,1.0000,1.0000
ACT-000035,CLT-000028,INS-001,2022-03,557674,538044,19630,0.9150,1.0000,1.0000
ACT-000035,CLT-000028,INS-001,2022-04,460439,444232,16207,0.8528,1.0000,1.0000
ACT-000035,CLT-000028,INS-001,2022-05,327800,316262,11539,0.8300,1.0000,1.0000
ACT-000035,CLT-000028,INS-001,2022-06,370002,356978,13024,0.8528,1.0000,1.0000
ACT-000035,CLT-000028,INS-001,2022-07,460746,444528,16218,0.9150,1.0000,1.0000
ACT-000035,CLT-000028,INS-001,2022-08,559441,539748,19692,1.0000,1.0000,1.0000
ACT-000035,CLT-000028,INS-001,2022-09,620417,598578,21839,1.0850,1.0000,1.0000
ACT-000035,CLT-000028,INS-001,2022-10,601201,614841,-13640,1.1472,1.0000,1.0000
ACT-000035,CLT-000028,INS-001,2022-11,509654,521217,-11563,1.1700,1.0000,1.0000
ACT-000035,CLT-000028,INS-001,2022-12,472927,483657,-10730,1.1472,1.0000,1.0000
ACT-000035,CLT-000028,INS-001,2023-01,579135,569925,9211,1.0850,1.0000,1.0000
ACT-000035,CLT-000028,INS-001,2023-02,538989,530417,8572,1.0000,1.0000,1.0000
ACT-000035,CLT-000028,INS-001,2023-03,515893,507688,8205,0.9150,1.0000,1.0000
ACT-000035,CLT-000028,INS-001,2023-04,423305,416573,6732,0.8528,1.0000,1.0000
ACT-000035,CLT-000028,INS-001,2023-05,419738,413062,6676,0.8300,1.0000,1.0000
ACT-000035,CLT-000028,INS-001,2023-06,415915,401275,14640,0.8528,1.0000,1.0000
ACT-000035,CLT-000028,INS-001,2023-07,487471,470312,17159,0.9150,1.0000,1.0000
ACT-000035,CLT-000028,INS-001,2023-08,638147,615684,22463,1.0000,1.0000,1.0000
ACT-000035,CLT-000028,INS-001,2023-09,682119,658108,24011,1.0850,1.0000,1.0000
ACT-000035,CLT-000028,INS-001,2023-10,938982,905930,33052,1.1472,1.0000,1.0000
ACT-000035,CLT-000028,INS-001,2023-11,610299,588817,21483,1.1700,0.8751,1.0000
ACT-000035,CLT-000028,INS-001,2023-12,581681,561206,20475,1.1472,0.8751,1.0000
ACT-000035,CLT-000028,INS-001,2024-01,631731,621684,10047,1.0850,0.8751,1.0239
ACT-000035,CLT-000028,INS-001,2024-02,222134,218601,3533,1.0000,0.3764,1.0239
ACT-000035,CLT-000028,INS-001,2024-03,211733,208366,3367,0.9150,0.4301,1.0239
ACT-000035,CLT-000028,INS-001,2024-04,164346,161732,2614,0.8528,0.4301,1.0239
ACT-000035,CLT-000028,INS-001,2024-05,237293,233519,3774,0.8300,0.4301,1.0239
ACT-000035,CLT-000028,INS-001,2024-06,205955,202680,3276,0.8528,0.4301,1.0239
ACT-000035,CLT-000028,INS-001,2024-07,279150,274710,4440,0.9150,0.4301,1.0239
ACT-000035,CLT-000028,INS-001,2024-08,668957,658318,10639,1.0000,1.0000,1.0239
ACT-000035,CLT-000028,INS-001,2024-09,680451,669629,10822,1.0850,1.0000,1.0239
ACT-000035,CLT-000028,INS-001,2024-10,781162,768738,12424,1.1472,1.0304,1.0239
ACT-000035,CLT-000028,INS-001,2024-11,731329,719698,11631,1.1700,1.0304,1.0239
ACT-000035,CLT-000028,INS-001,2024-12,776283,763937,12346,1.1472,1.0304,1.0239
ACT-000035,CLT-000028,INS-001,2025-01,705114,850367,-145253,1.0850,1.0304,1.0000
ACT-000035,CLT-000028,INS-001,2025-02,572026,689864,-117837,1.0000,1.0304,1.0000
ACT-000035,CLT-000028,INS-001,2025-03,479650,578458,-98808,0.9150,1.0304,1.0000
ACT-000035,CLT-000028,INS-001,2025-04,512091,617581,-105491,0.8528,1.0304,1.0000
ACT-000035,CLT-000028,INS-001,2025-05,640548,772501,-131953,0.8300,1.0304,1.0000
ACT-000035,CLT-000028,INS-001,2025-06,419690,506146,-86456,0.8528,1.0000,1.0000
ACT-000035,CLT-000028,INS-001,2025-07,474632,572406,-97774,0.9150,1.0000,1.0000
ACT-000035,CLT-000028,INS-001,2025-08,543221,655125,-111904,1.0000,1.0000,1.0000
ACT-000035,CLT-000028,INS-001,2025-09,537303,647987,-110684,1.0850,1.0000,1.0000
ACT-000035,CLT-000028,INS-001,2025-10,767119,925145,-158026,1.1472,1.0000,1.0000
ACT-000035,CLT-000028,INS-001,2025-11,667538,805050,-137513,1.1700,1.0000,1.0000
ACT-000035,CLT-000028,INS-001,2025-12,636919,768125,-131205,1.1472,1.0000,1.0000
ACT-000036,CLT-000029,INS-001,2021-06,151622,125331,26291,0.8636,1.0000,1.0000
ACT-000036,CLT-000029,INS-001,2021-07,138314,114330,23984,0.8819,1.0000,1.0000
ACT-000036,CLT-000029,INS-001,2021-08,173262,143218,30044,0.9318,1.0000,1.0000
ACT-000036,CLT-000029,INS-001,2021-09,189367,156530,32836,1.0000,1.0000,1.0000
ACT-000036,CLT-000029,INS-001,2021-10,204757,169252,35505,1.0682,1.0794,1.0000
ACT-000036,CLT-000029,INS-001,2021-11,215775,178359,37415,1.1181,0.9954,1.0000
ACT-000036,CLT-000029,INS-001,2021-12,210183,173737,36446,1.1364,0.9954,1.0000
ACT-000036,CLT-000029,INS-001,2022-01,171774,141988,29786,1.1181,0.9222,1.0000
ACT-000036,CLT-000029,INS-001,2022-02,155099,128205,26894,1.0682,0.9222,1.0000
ACT-000036,CLT-000029,INS-001,2022-03,174940,144606,30335,1.0000,1.0000,1.0000
ACT-000036,CLT-000029,INS-001,2022-04,148984,123150,25834,0.9318,1.0000,1.0000
ACT-000036,CLT-000029,INS-001,2022-05,135810,112261,23549,0.8819,1.0000,1.0000
ACT-000036,CLT-000029,INS-001,2022-06,127726,105578,22148,0.8636,1.0000,1.0000
ACT-000036,CLT-000029,INS-001,2022-07,140229,115913,24316,0.8819,1.0000,1.0000
ACT-000036,CLT-000029,INS-001,2022-08,155632,128646,26987,0.9318,1.0000,1.0000
ACT-000036,CLT-000029,INS-001,2022-09,169108,139784,29323,1.0000,1.0000,1.0000
ACT-000036,CLT-000029,INS-001,2022-10,196881,172506,24375,1.0682,1.0000,1.0000
ACT-000036,CLT-000029,INS-001,2022-11,170639,149513,21126,1.1181,1.0000,1.0000
ACT-000036,CLT-000029,INS-001,2022-12,171156,149966,21190,1.1364,1.0000,1.0000
ACT-000036,CLT-000029,INS-001,2023-01,183705,154888,28817,1.1181,1.0000,1.0000
ACT-000036,CLT-000029,INS-001,2023-02,158699,133804,24895,1.0682,1.0000,1.0000
ACT-000036,CLT-000029,INS-001,2023-03,168547,142108,26440,1.0000,1.0000,1.0000
ACT-000036,CLT-000029,INS-001,2023-04,149670,126192,23478,0.9318,1.0000,1.0000
ACT-000036,CLT-000029,INS-001,2023-05,132981,112120,20860,0.8819,1.0000,1.0000
ACT-000036,CLT-000029,INS-001,2023-06,109698,90676,19022,0.8636,1.0000,1.0000
ACT-000036,CLT-000029,INS-001,2023-07,133918,110697,23221,0.8819,1.0000,1.0000
ACT-000036,CLT-000029,INS-001,2023-08,118137,97652,20485,0.9318,1.0000,1.0000
ACT-000036,CLT-000029,INS-001,2023-09,121961,100813,21148,1.0000,1.0000,1.0000
ACT-000036,CLT-000029,INS-001,2023-10,145162,119991,25171,1.0682,1.0000,1.0000
ACT-000036,CLT-000029,INS-001,2023-11,179811,148632,31179,1.1181,1.0000,1.0000
ACT-000036,CLT-000029,INS-001,2023-12,171562,141813,29749,1.1364,1.0000,1.0000
ACT-000036,CLT-000029,INS-001,2024-01,178042,150113,27929,1.1181,1.0000,1.0239
ACT-000036,CLT-000029,INS-001,2024-02,163189,137589,25599,1.0682,1.0000,1.0239
ACT-000036,CLT-000029,INS-001,2024-03,138789,117017,21771,1.0000,1.0000,1.0239
ACT-000036,CLT-000029,INS-001,2024-04,151151,127440,23711,0.9318,1.0000,1.0239
ACT-000036,CLT-000029,INS-001,2024-05,165710,139715,25995,0.8819,1.1944,1.0239
ACT-000036,CLT-000029,INS-001,2024-06,164992,139110,25882,0.8636,1.1944,1.0239
ACT-000036,CLT-000029,INS-001,2024-07,150062,126522,23540,0.8819,1.1944,1.0239
ACT-000036,CLT-000029,INS-001,2024-08,198699,167530,31170,0.9318,1.1944,1.0239
ACT-000036,CLT-000029,INS-001,2024-09,212309,179004,33304,1.0000,1.1944,1.0239
ACT-000036,CLT-000029,INS-001,2024-10,201643,170012,31631,1.0682,1.1944,1.0239
ACT-000036,CLT-000029,INS-001,2024-11,203702,171748,31954,1.1181,1.1944,1.0239
ACT-000036,CLT-000029,INS-001,2024-12,153751,129633,24119,1.1364,1.0000,1.0239
ACT-000036,CLT-000029,INS-001,2025-01,151611,156652,-5041,1.1181,1.0000,1.0000
ACT-000036,CLT-000029,INS-001,2025-02,144310,149109,-4798,1.0682,1.0000,1.0000
ACT-000036,CLT-000029,INS-001,2025-03,122937,127025,-4088,1.0000,1.0000,1.0000
ACT-000036,CLT-000029,INS-001,2025-04,141697,146409,-4711,0.9318,1.0000,1.0000
ACT-000036,CLT-000029,INS-001,2025-05,103227,106659,-3432,0.8819,1.0000,1.0000
ACT-000036,CLT-000029,INS-001,2025-06,106202,109733,-3531,0.8636,1.0000,1.0000
ACT-000036,CLT-000029,INS-001,2025-07,113608,117385,-3777,0.8819,1.0000,1.0000
ACT-000036,CLT-000029,INS-001,2025-08,147200,152095,-4894,0.9318,1.2038,1.0000
ACT-000036,CLT-000029,INS-001,2025-09,146749,151628,-4879,1.0000,1.2038,1.0000
ACT-000036,CLT-000029,INS-001,2025-10,150429,155431,-5002,1.0682,1.2038,1.0000
ACT-000036,CLT-000029,INS-001,2025-11,169966,175617,-5651,1.1181,1.2038,1.0000
ACT-000036,CLT-000029,INS-001,2025-12,99496,102804,-3308,1.1364,0.7327,1.0000
ACT-000037,CLT-000030,INS-001,2021-08,356370,289586,66784,0.8878,1.0000,1.0000
ACT-000037,CLT-000030,INS-001,2021-09,340802,276936,63866,1.0000,1.0000,1.0000
ACT-000037,CLT-000030,INS-001,2021-10,340808,276941,63867,1.1122,1.0000,1.0000
ACT-000037,CLT-000030,INS-001,2021-11,203148,165078,38070,1.1944,0.5516,1.0000
ACT-000037,CLT-000030,INS-001,2021-12,179253,145661,33592,1.2245,0.5516,1.0000
ACT-000037,CLT-000030,INS-001,2022-01,214146,174015,40131,1.1944,0.5516,1.0000
ACT-000037,CLT-000030,INS-001,2022-02,183763,149325,34437,1.1122,0.5516,1.0000
ACT-000037,CLT-000030,INS-001,2022-03,172925,140519,32406,1.0000,0.5516,1.0000
ACT-000037,CLT-000030,INS-001,2022-04,154129,125245,28884,0.8877,0.5516,1.0000
ACT-000037,CLT-000030,INS-001,2022-05,117638,95593,22045,0.8056,0.5516,1.0000
ACT-000037,CLT-000030,INS-001,2022-06,125159,101704,23455,0.7755,0.5516,1.0000
ACT-000037,CLT-000030,INS-001,2022-07,245530,199518,46012,0.8056,1.0000,1.0000
ACT-000037,CLT-000030,INS-001,2022-08,351532,285655,65877,0.8878,1.0000,1.0000
ACT-000037,CLT-000030,INS-001,2022-09,476788,387438,89350,1.0000,1.0000,1.0000
ACT-000037,CLT-000030,INS-001,2022-10,577435,497377,80058,1.1122,1.0000,1.0000
ACT-000037,CLT-000030,INS-001,2022-11,481613,414840,66773,1.1944,1.0000,1.0000
ACT-000037,CLT-000030,INS-001,2022-12,448172,386036,62136,1.2245,1.0000,1.0000
ACT-000037,CLT-000030,INS-001,2023-01,470714,390153,80562,1.1944,1.0000,1.0000
ACT-000037,CLT-000030,INS-001,2023-02,461754,382726,79028,1.1122,1.0000,1.0000
ACT-000037,CLT-000030,INS-001,2023-03,374033,310018,64015,1.0000,1.0000,1.0000
ACT-000037,CLT-000030,INS-001,2023-04,366767,303996,62771,0.8877,1.0000,1.0000
ACT-000037,CLT-000030,INS-001,2023-05,355587,294729,60858,0.8056,1.0000,1.0000
ACT-000037,CLT-000030,INS-001,2023-06,261280,212316,48964,0.7755,1.0000,1.0000
ACT-000037,CLT-000030,INS-001,2023-07,301147,244712,56435,0.8056,1.0000,1.0000
ACT-000037,CLT-000030,INS-001,2023-08,260628,211786,48842,0.8878,1.0000,1.0000
ACT-000037,CLT-000030,INS-001,2023-09,222179,180543,41636,1.0000,1.0000,1.0000
ACT-000037,CLT-000030,INS-001,2023-10,342025,277929,64095,1.1122,1.0000,1.0000
ACT-000037,CLT-000030,INS-001,2023-11,477070,387667,89403,1.1944,1.0000,1.0000
ACT-000037,CLT-000030,INS-001,2023-12,383209,311396,71813,1.2245,1.0000,1.0000
ACT-000037,CLT-000030,INS-001,2024-01,392326,325180,67146,1.1944,1.0000,1.0239
ACT-000037,CLT-000030,INS-001,2024-02,285337,236502,48835,1.1122,1.0000,1.0239
ACT-000037,CLT-000030,INS-001,2024-03,294821,244363,50458,1.0000,1.0000,1.0239
ACT-000037,CLT-000030,INS-001,2024-04,262331,217433,44897,0.8877,1.0000,1.0239
ACT-000037,CLT-000030,INS-001,2024-05,284665,235945,48720,0.8056,1.0000,1.0239
ACT-000037,CLT-000030,INS-001,2024-06,247995,205551,42444,0.7755,1.0000,1.0239
ACT-000037,CLT-000030,INS-001,2024-07,296903,246089,50814,0.8056,1.0000,1.0239
ACT-000037,CLT-000030,INS-001,2024-08,370037,306706,63331,0.8878,0.9104,1.0239
ACT-000037,CLT-000030,INS-001,2024-09,425048,352302,72746,1.0000,0.9104,1.0239
ACT-000037,CLT-000030,INS-001,2024-10,491957,407759,84197,1.1122,0.9104,1.0239
ACT-000037,CLT-000030,INS-001,2024-11,97704,80982,16722,1.1944,0.2167,1.0239
ACT-000037,CLT-000030,INS-001,2024-12,128024,106113,21911,1.2245,0.2167,1.0239
ACT-000037,CLT-000030,INS-001,2025-01,105261,106918,-1658,1.1944,0.2167,1.0000
ACT-000037,CLT-000030,INS-001,2025-02,92138,93589,-1451,1.1122,0.2380,1.0000
ACT-000037,CLT-000030,INS-001,2025-03,97739,99279,-1539,1.0000,0.2972,1.0000
ACT-000037,CLT-000030,INS-001,2025-04,110920,112667,-1747,0.8877,0.2972,1.0000
ACT-000037,CLT-000030,INS-001,2025-05,122255,124181,-1926,0.8056,0.2972,1.0000
ACT-000037,CLT-000030,INS-001,2025-06,86801,88168,-1367,0.7755,0.2380,1.0000
ACT-000037,CLT-000030,INS-001,2025-07,434969,441819,-6851,0.8056,1.0000,1.0000
ACT-000037,CLT-000030,INS-001,2025-08,440206,447140,-6933,0.8878,1.0000,1.0000
ACT-000037,CLT-000030,INS-001,2025-09,517634,525787,-8153,1.0000,1.0000,1.0000
ACT-000037,CLT-000030,INS-001,2025-10,578805,587921,-9116,1.1122,1.0000,1.0000
ACT-000037,CLT-000030,INS-001,2025-11,503372,511300,-7928,1.1944,1.0000,1.0000
ACT-000037,CLT-000030,INS-001,2025-12,387313,393413,-6100,1.2245,1.0000,1.0000
ACT-000038,CLT-000030,INS-001,2021-08,303608,245467,58141,0.9485,1.0000,1.0000
ACT-000038,CLT-000030,INS-001,2021-09,265293,214489,50804,1.0000,1.0000,1.0000
ACT-000038,CLT-000030,INS-001,2021-10,271509,219515,51994,1.0515,1.0000,1.0000
ACT-000038,CLT-000030,INS-001,2021-11,179702,145289,34413,1.0892,0.5516,1.0000
ACT-000038,CLT-000030,INS-001,2021-12,175767,142108,33659,1.1030,0.5516,1.0000
ACT-000038,CLT-000030,INS-001,2022-01,194727,157437,37290,1.0892,0.5516,1.0000
ACT-000038,CLT-000030,INS-001,2022-02,187265,151404,35861,1.0515,0.5516,1.0000
ACT-000038,CLT-000030,INS-001,2022-03,173414,140205,33209,1.0000,0.5516,1.0000
ACT-000038,CLT-000030,INS-001,2022-04,175277,141711,33566,0.9485,0.5516,1.0000
ACT-000038,CLT-000030,INS-001,2022-05,193030,156065,36965,0.9108,0.5516,1.0000
ACT-000038,CLT-000030,INS-001,2022-06,195118,157753,37365,0.8970,0.5516,1.0000
ACT-000038,CLT-000030,INS-001,2022-07,294040,237732,56309,0.9108,1.0000,1.0000
ACT-000038,CLT-000030,INS-001,2022-08,358977,290233,68744,0.9485,1.0000,1.0000
ACT-000038,CLT-000030,INS-001,2022-09,305220,246771,58450,1.0000,1.0000,1.0000
ACT-000038,CLT-000030,INS-001,2022-10,310032,265700,44331,1.0515,1.0000,1.0000
ACT-000038,CLT-000030,INS-001,2022-11,244527,209562,34965,1.0892,1.0000,1.0000
ACT-000038,CLT-000030,INS-001,2022-12,272248,233319,38929,1.1030,1.0000,1.0000
ACT-000038,CLT-000030,INS-001,2023-01,358068,295288,62780,1.0892,1.0000,1.0000
ACT-000038,CLT-000030,INS-001,2023-02,353731,291711,62020,1.0515,1.0000,1.0000
ACT-000038,CLT-000030,INS-001,2023-03,387584,319629,67955,1.0000,1.0000,1.0000
ACT-000038,CLT-000030,INS-001,2023-04,356849,294282,62566,0.9485,1.0000,1.0000
ACT-000038,CLT-000030,INS-001,2023-05,238451,196643,41808,0.9108,1.0000,1.0000
ACT-000038,CLT-000030,INS-001,2023-06,239432,193581,45851,0.8970,1.0000,1.0000
ACT-000038,CLT-000030,INS-001,2023-07,246747,199495,47252,0.9108,1.0000,1.0000
ACT-000038,CLT-000030,INS-001,2023-08,174214,140852,33362,0.9485,1.0000,1.0000
ACT-000038,CLT-000030,INS-001,2023-09,264184,213593,50591,1.0000,1.0000,1.0000
ACT-000038,CLT-000030,INS-001,2023-10,276593,223626,52968,1.0515,1.0000,1.0000
ACT-000038,CLT-000030,INS-001,2023-11,361874,292575,69299,1.0892,1.0000,1.0000
ACT-000038,CLT-000030,INS-001,2023-12,308613,249514,59099,1.1030,1.0000,1.0000
ACT-000038,CLT-000030,INS-001,2024-01,317100,261503,55597,1.0892,1.0000,1.0239
ACT-000038,CLT-000030,INS-001,2024-02,255537,210733,44803,1.0515,1.0000,1.0239
ACT-000038,CLT-000030,INS-001,2024-03,287884,237410,50475,1.0000,1.0000,1.0239
ACT-000038,CLT-000030,INS-001,2024-04,255987,211105,44882,0.9485,1.0000,1.0239
ACT-000038,CLT-000030,INS-001,2024-05,228556,188483,40073,0.9108,1.0000,1.0239
ACT-000038,CLT-000030,INS-001,2024-06,260003,214417,45586,0.8970,1.0000,1.0239
ACT-000038,CLT-000030,INS-001,2024-07,295698,243853,51845,0.9108,1.0000,1.0239
ACT-000038,CLT-000030,INS-001,2024-08,230409,190011,40398,0.9485,0.9104,1.0239
ACT-000038,CLT-000030,INS-001,2024-09,290283,239387,50895,1.0000,0.9104,1.0239
ACT-000038,CLT-000030,INS-001,2024-10,313395,258447,54948,1.0515,0.9104,1.0239
ACT-000038,CLT-000030,INS-001,2024-11,68299,56324,11975,1.0892,0.2167,1.0239
ACT-000038,CLT-000030,INS-001,2024-12,92901,76612,16288,1.1030,0.2167,1.0239
ACT-000038,CLT-000030,INS-001,2025-01,70607,71357,-750,1.0892,0.2167,1.0000
ACT-000038,CLT-000030,INS-001,2025-02,67870,68591,-721,1.0515,0.2380,1.0000
ACT-000038,CLT-000030,INS-001,2025-03,71844,72607,-763,1.0000,0.2972,1.0000
ACT-000038,CLT-000030,INS-001,2025-04,76330,77141,-811,0.9485,0.2972,1.0000
ACT-000038,CLT-000030,INS-001,2025-05,77711,78537,-826,0.9108,0.2972,1.0000
ACT-000038,CLT-000030,INS-001,2025-06,54833,55416,-583,0.8970,0.2380,1.0000
ACT-000038,CLT-000030,INS-001,2025-07,239236,241778,-2542,0.9108,1.0000,1.0000
ACT-000038,CLT-000030,INS-001,2025-08,252512,255195,-2683,0.9485,1.0000,1.0000
ACT-000038,CLT-000030,INS-001,2025-09,278966,281930,-2964,1.0000,1.0000,1.0000
ACT-000038,CLT-000030,INS-001,2025-10,262980,265774,-2794,1.0515,1.0000,1.0000
ACT-000038,CLT-000030,INS-001,2025-11,311174,314481,-3306,1.0892,1.0000,1.0000
ACT-000038,CLT-000030,INS-001,2025-12,322107,325529,-3422,1.1030,1.0000,1.0000
ACT-000039,CLT-000031,INS-001,2021-09,213020,172823,40197,1.0000,1.0000,1.0000
ACT-000039,CLT-000031,INS-001,2021-10,503054,408128,94926,1.0788,1.0000,1.0000
ACT-000039,CLT-000031,INS-001,2021-11,421552,342005,79547,1.1365,1.0000,1.0000
ACT-000039,CLT-000031,INS-001,2021-12,379838,308162,71675,1.1576,1.0000,1.0000
ACT-000039,CLT-000031,INS-001,2022-01,319169,258942,60227,1.1365,1.0000,1.0000
ACT-000039,CLT-000031,INS-001,2022-02,279238,226546,52692,1.0788,1.0000,1.0000
ACT-000039,CLT-000031,INS-001,2022-03,299196,242737,56458,1.0000,1.0000,1.0000
ACT-000039,CLT-000031,INS-001,2022-04,295040,239366,55674,0.9212,1.0000,1.0000
ACT-000039,CLT-000031,INS-001,2022-05,290206,235444,54762,0.8635,1.0000,1.0000
ACT-000039,CLT-000031,INS-001,2022-06,410284,332863,77421,0.8424,1.0000,1.0000
ACT-000039,CLT-000031,INS-001,2022-07,355514,288428,67085,0.8635,1.0000,1.0000
ACT-000039,CLT-000031,INS-001,2022-08,584983,474597,110386,0.9212,1.0000,1.0000
ACT-000039,CLT-000031,INS-001,2022-09,334327,271240,63088,1.0000,1.0000,1.0000
ACT-000039,CLT-000031,INS-001,2022-10,173846,149503,24342,1.0788,1.0000,1.0000
ACT-000039,CLT-000031,INS-001,2022-11,335940,288901,47039,1.1365,1.0000,1.0000
ACT-000039,CLT-000031,INS-001,2022-12,374015,321645,52370,1.1576,1.0000,1.0000
ACT-000039,CLT-000031,INS-001,2023-01,461378,381802,79576,1.1365,1.0000,1.0000
ACT-000039,CLT-000031,INS-001,2023-02,273591,226404,47187,1.0788,1.0000,1.0000
ACT-000039,CLT-000031,INS-001,2023-03,285708,236431,49277,1.0000,1.0000,1.0000
ACT-000039,CLT-000031,INS-001,2023-04,401881,332567,69314,0.9212,1.0000,1.0000
ACT-000039,CLT-000031,INS-001,2023-05,227549,188303,39246,0.8635,0.7300,1.0000
ACT-000039,CLT-000031,INS-001,2023-06,209679,170113,39567,0.8424,0.7300,1.0000
ACT-000039,CLT-000031,INS-001,2023-07,294254,238729,55526,0.8635,0.7300,1.0000
ACT-000039,CLT-000031,INS-001,2023-08,185889,150812,35077,0.9212,0.7300,1.0000
ACT-000039,CLT-000031,INS-001,2023-09,235833,191331,44502,1.0000,0.7300,1.0000
ACT-000039,CLT-000031,INS-001,2023-10,368175,298701,69475,1.0788,1.0000,1.0000
ACT-000039,CLT-000031,INS-001,2023-11,464936,377203,87733,1.1365,1.0000,1.0000
ACT-000039,CLT-000031,INS-001,2023-12,526103,426828,99276,1.1576,1.0000,1.0000
ACT-000039,CLT-000031,INS-001,2024-01,355410,294111,61299,1.1365,1.0000,1.0239
ACT-000039,CLT-000031,INS-001,2024-02,253119,209463,43656,1.0788,1.0000,1.0239
ACT-000039,CLT-000031,INS-001,2024-03,394308,326300,68008,1.0000,1.0000,1.0239
ACT-000039,CLT-000031,INS-001,2024-04,333087,275638,57449,0.9212,1.0000,1.0239
ACT-000039,CLT-000031,INS-001,2024-05,257255,212885,44370,0.8635,1.0000,1.0239
ACT-000039,CLT-000031,INS-001,2024-06,334503,276810,57693,0.8424,1.0000,1.0239
ACT-000039,CLT-000031,INS-001,2024-07,381671,315843,65828,0.8635,1.0000,1.0239
ACT-000039,CLT-000031,INS-001,2024-08,177535,146915,30620,0.9212,1.0000,1.0239
ACT-000039,CLT-000031,INS-001,2024-09,356030,294624,61406,1.0000,1.0000,1.0239
ACT-000039,CLT-000031,INS-001,2024-10,576292,476897,99395,1.0788,1.0000,1.0239
ACT-000039,CLT-000031,INS-001,2024-11,444094,367499,76595,1.1365,1.0000,1.0239
ACT-000039,CLT-000031,INS-001,2024-12,370960,306979,63981,1.1576,1.0000,1.0239
ACT-000039,CLT-000031,INS-001,2025-01,363141,368270,-5129,1.1365,1.0000,1.0000
ACT-000039,CLT-000031,INS-001,2025-02,275074,278959,-3885,1.0788,1.0000,1.0000
ACT-000039,CLT-000031,INS-001,2025-03,255559,259169,-3610,1.0000,1.0000,1.0000
ACT-000039,CLT-000031,INS-001,2025-04,199001,201812,-2811,0.9212,1.0000,1.0000
ACT-000039,CLT-000031,INS-001,2025-05,157773,160002,-2229,0.8635,1.0000,1.0000
ACT-000039,CLT-000031,INS-001,2025-06,257845,261487,-3642,0.8424,1.0000,1.0000
ACT-000039,CLT-000031,INS-001,2025-07,384751,390186,-5435,0.8635,1.0000,1.0000
ACT-000039,CLT-000031,INS-001,2025-08,278028,281956,-3927,0.9212,1.0000,1.0000
ACT-000039,CLT-000031,INS-001,2025-09,266939,270710,-3771,1.0000,1.0000,1.0000
ACT-000039,CLT-000031,INS-001,2025-10,182946,185530,-2584,1.0788,1.0000,1.0000
ACT-000039,CLT-000031,INS-001,2025-11,325722,330323,-4601,1.1365,1.0000,1.0000
ACT-000039,CLT-000031,INS-001,2025-12,368696,373904,-5208,1.1576,1.0000,1.0000
ACT-000040,CLT-000032,INS-001,2021-09,135571,105258,30314,1.0000,0.4800,1.0000
ACT-000040,CLT-000032,INS-001,2021-10,164288,127553,36735,1.0811,0.4800,1.0000
ACT-000040,CLT-000032,INS-001,2021-11,115504,89677,25827,1.1405,0.4800,1.0000
ACT-000040,CLT-000032,INS-001,2021-12,224477,174284,50193,1.1622,1.0000,1.0000
ACT-000040,CLT-000032,INS-001,2022-01,239516,185960,53556,1.1405,1.0000,1.0000
ACT-000040,CLT-000032,INS-001,2022-02,265910,206453,59458,1.0811,1.0000,1.0000
ACT-000040,CLT-000032,INS-001,2022-03,206375,160230,46146,1.0000,1.0000,1.0000
ACT-000040,CLT-000032,INS-001,2022-04,233179,181040,52139,0.9189,1.0000,1.0000
ACT-000040,CLT-000032,INS-001,2022-05,283329,219977,63352,0.8595,1.0000,1.0000
ACT-000040,CLT-000032,INS-001,2022-06,177119,137515,39604,0.8378,1.0000,1.0000
ACT-000040,CLT-000032,INS-001,2022-07,148343,115174,33169,0.8595,1.0000,1.0000
ACT-000040,CLT-000032,INS-001,2022-08,170858,132654,38204,0.9189,1.0000,1.0000
ACT-000040,CLT-000032,INS-001,2022-09,254345,197473,56872,1.0000,1.0000,1.0000
ACT-000040,CLT-000032,INS-001,2022-10,161464,132883,28582,1.0811,1.0000,1.0000
ACT-000040,CLT-000032,INS-001,2022-11,180066,148192,31875,1.1405,0.6642,1.0000
ACT-000040,CLT-000032,INS-001,2022-12,172111,141645,30466,1.1622,0.6642,1.0000
ACT-000040,CLT-000032,INS-001,2023-01,184029,145738,38291,1.1405,0.6642,1.0000
ACT-000040,CLT-000032,INS-001,2023-02,182230,144313,37917,1.0811,0.6642,1.0000
ACT-000040,CLT-000032,INS-001,2023-03,237256,187890,49366,1.0000,0.6642,1.0000
ACT-000040,CLT-000032,INS-001,2023-04,275188,217929,57259,0.9189,1.0000,1.0000
ACT-000040,CLT-000032,INS-001,2023-05,258503,204716,53787,0.8595,1.0000,1.0000
ACT-000040,CLT-000032,INS-001,2023-06,284114,220586,63528,0.8378,1.0000,1.0000
ACT-000040,CLT-000032,INS-001,2023-07,151908,117941,33967,0.8595,1.0000,1.0000
ACT-000040,CLT-000032,INS-001,2023-08,256248,198951,57297,0.9189,1.0000,1.0000
ACT-000040,CLT-000032,INS-001,2023-09,339472,263566,75906,1.0000,1.0000,1.0000
ACT-000040,CLT-000032,INS-001,2023-10,404479,314037,90441,1.0811,1.0000,1.0000
ACT-000040,CLT-000032,INS-001,2023-11,384736,298709,86027,1.1405,1.0000,1.0000
ACT-000040,CLT-000032,INS-001,2023-12,451702,350701,101001,1.1622,1.0000,1.0000
ACT-000040,CLT-000032,INS-001,2024-01,326916,258894,68022,1.1405,1.0000,1.0239
ACT-000040,CLT-000032,INS-001,2024-02,338192,267824,70368,1.0811,1.0000,1.0239
ACT-000040,CLT-000032,INS-001,2024-03,200742,158973,41769,1.0000,0.8200,1.0239
ACT-000040,CLT-000032,INS-001,2024-04,233368,184811,48557,0.9189,0.8200,1.0239
ACT-000040,CLT-000032,INS-001,2024-05,253166,200490,52677,0.8595,0.8200,1.0239
ACT-000040,CLT-000032,INS-001,2024-06,297815,235848,61967,0.8378,0.8200,1.0239
ACT-000040,CLT-000032,INS-001,2024-07,185789,147131,38657,0.8595,0.5087,1.0239
ACT-000040,CLT-000032,INS-001,2024-08,270184,213966,56218,0.9189,0.6525,1.0239
ACT-000040,CLT-000032,INS-001,2024-09,263172,208413,54759,1.0000,0.6525,1.0239
ACT-000040,CLT-000032,INS-001,2024-10,195061,154474,40587,1.0811,0.6525,1.0239
ACT-000040,CLT-000032,INS-001,2024-11,201159,159303,41856,1.1405,0.6525,1.0239
ACT-000040,CLT-000032,INS-001,2024-12,207355,164211,43145,1.1622,0.6525,1.0239
ACT-000040,CLT-000032,INS-001,2025-01,238116,231092,7024,1.1405,0.6525,1.0000
ACT-000040,CLT-000032,INS-001,2025-02,263177,255413,7764,1.0811,1.1100,1.0000
ACT-000040,CLT-000032,INS-001,2025-03,283039,274690,8350,1.0000,1.0554,1.0000
ACT-000040,CLT-000032,INS-001,2025-04,393375,381771,11605,0.9189,1.0554,1.0000
ACT-000040,CLT-000032,INS-001,2025-05,242581,235425,7156,0.8595,1.0554,1.0000
ACT-000040,CLT-000032,INS-001,2025-06,261692,253972,7720,0.8378,1.0554,1.0000
ACT-000040,CLT-000032,INS-001,2025-07,302521,293596,8924,0.8595,1.0554,1.0000
ACT-000040,CLT-000032,INS-001,2025-08,250128,242749,7379,0.9189,1.0554,1.0000
ACT-000040,CLT-000032,INS-001,2025-09,308765,299657,9109,1.0000,1.0554,1.0000
ACT-000040,CLT-000032,INS-001,2025-10,486933,472568,14365,1.0811,1.0554,1.0000
ACT-000040,CLT-000032,INS-001,2025-11,382126,370853,11273,1.1405,1.0554,1.0000
ACT-000040,CLT-000032,INS-001,2025-12,420290,407891,12399,1.1622,1.0000,1.0000
ACT-000041,CLT-000033,INS-001,2021-10,408429,377062,31367,1.0898,1.0000,1.0000
ACT-000041,CLT-000033,INS-001,2021-11,295357,272674,22683,1.1555,1.0000,1.0000
ACT-000041,CLT-000033,INS-001,2021-12,512597,473230,39367,1.1796,1.0000,1.0000
ACT-000041,CLT-000033,INS-001,2022-01,224921,207647,17274,1.1555,1.0000,1.0000
ACT-000041,CLT-000033,INS-001,2022-02,165534,152821,12713,1.0898,1.0000,1.0000
ACT-000041,CLT-000033,INS-001,2022-03,289418,267190,22227,1.0000,1.0000,1.0000
ACT-000041,CLT-000033,INS-001,2022-04,395067,364726,30341,0.9102,1.0000,1.0000
ACT-000041,CLT-000033,INS-001,2022-05,192049,177299,14749,0.8445,1.0000,1.0000
ACT-000041,CLT-000033,INS-001,2022-06,235302,217231,18071,0.8204,1.0000,1.0000
ACT-000041,CLT-000033,INS-001,2022-07,485986,448663,37324,0.8445,1.0000,1.0000
ACT-000041,CLT-000033,INS-001,2022-08,383561,354103,29457,0.9102,1.0000,1.0000
ACT-000041,CLT-000033,INS-001,2022-09,534169,493144,41024,1.0000,1.0000,1.0000
ACT-000041,CLT-000033,INS-001,2022-10,296085,289747,6339,1.0898,1.0000,1.0000
ACT-000041,CLT-000033,INS-001,2022-11,395660,387189,8470,1.1555,1.0000,1.0000
ACT-000041,CLT-000033,INS-001,2022-12,423016,413960,9056,1.1796,1.0000,1.0000
ACT-000041,CLT-000033,INS-001,2023-01,372431,350705,21726,1.1555,1.0000,1.0000
ACT-000041,CLT-000033,INS-001,2023-02,276715,260572,16142,1.0898,1.0000,1.0000
ACT-000041,CLT-000033,INS-001,2023-03,193954,182639,11314,1.0000,1.0000,1.0000
ACT-000041,CLT-000033,INS-001,2023-04,110663,104207,6456,0.9102,1.0000,1.0000
ACT-000041,CLT-000033,INS-001,2023-05,249654,235090,14564,0.8445,1.0000,1.0000
ACT-000041,CLT-000033,INS-001,2023-06,203767,188117,15649,0.8204,1.0000,1.0000
ACT-000041,CLT-000033,INS-001,2023-07,492479,454656,37822,0.8445,1.0000,1.0000
ACT-000041,CLT-000033,INS-001,2023-08,190222,175613,14609,0.9102,1.0000,1.0000
ACT-000041,CLT-000033,INS-001,2023-09,362181,334365,27815,1.0000,1.0000,1.0000
ACT-000041,CLT-000033,INS-001,2023-10,95660,88314,7347,1.0898,1.0000,1.0000
ACT-000041,CLT-000033,INS-001,2023-11,253338,233882,19456,1.1555,1.0000,1.0000
ACT-000041,CLT-000033,INS-001,2023-12,194554,179612,14942,1.1796,1.0000,1.0000
ACT-000041,CLT-000033,INS-001,2024-01,377799,355760,22039,1.1555,1.0000,1.0239
ACT-000041,CLT-000033,INS-001,2024-02,447528,421421,26107,1.0898,1.0000,1.0239
ACT-000041,CLT-000033,INS-001,2024-03,462499,435519,26980,1.0000,1.0000,1.0239
ACT-000041,CLT-000033,INS-001,2024-04,233245,219639,13607,0.9102,1.0000,1.0239
ACT-000041,CLT-000033,INS-001,2024-05,210496,198216,12279,0.8445,0.4560,1.0239
ACT-000041,CLT-000033,INS-001,2024-06,241014,226955,14060,0.8204,0.4560,1.0239
ACT-000041,CLT-000033,INS-001,2024-07,143166,134815,8352,0.8445,0.4560,1.0239
ACT-000041,CLT-000033,INS-001,2024-08,407736,383950,23786,0.9102,1.0000,1.0239
ACT-000041,CLT-000033,INS-001,2024-09,326283,307249,19034,1.0000,1.0000,1.0239
ACT-000041,CLT-000033,INS-001,2024-10,140660,132454,8206,1.0898,1.0000,1.0239
ACT-000041,CLT-000033,INS-001,2024-11,243700,229484,14217,1.1555,1.0000,1.0239
ACT-000041,CLT-000033,INS-001,2024-12,330274,311007,19267,1.1796,1.0000,1.0239
ACT-000041,CLT-000033,INS-001,2025-01,451130,520604,-69474,1.1555,1.1886,1.0000
ACT-000041,CLT-000033,INS-001,2025-02,266412,307439,-41027,1.0898,1.1886,1.0000
ACT-000041,CLT-000033,INS-001,2025-03,202634,233839,-31206,1.0000,1.0000,1.0000
ACT-000041,CLT-000033,INS-001,2025-04,115929,133782,-17853,0.9102,1.0000,1.0000
ACT-000041,CLT-000033,INS-001,2025-05,229917,265325,-35407,0.8445,1.0000,1.0000
ACT-000041,CLT-000033,INS-001,2025-06,352233,406477,-54244,0.8204,1.0000,1.0000
ACT-000041,CLT-000033,INS-001,2025-07,507558,585722,-78164,0.8445,1.0000,1.0000
ACT-000041,CLT-000033,INS-001,2025-08,381814,440613,-58799,0.9102,1.0000,1.0000
ACT-000041,CLT-000033,INS-001,2025-09,667104,769838,-102734,1.0000,1.0000,1.0000
ACT-000041,CLT-000033,INS-001,2025-10,424236,489569,-65332,1.0898,1.0000,1.0000
ACT-000041,CLT-000033,INS-001,2025-11,238793,275567,-36774,1.1555,1.0000,1.0000
ACT-000041,CLT-000033,INS-001,2025-12,271709,313553,-41843,1.1796,1.0000,1.0000
ACT-000042,CLT-000034,INS-001,2021-12,206868,172321,34547,1.6550,1.0000,1.0000
ACT-000042,CLT-000034,INS-001,2022-01,221935,184872,37063,1.5672,1.0000,1.0000
ACT-000042,CLT-000034,INS-001,2022-02,187201,155938,31263,1.3275,1.0000,1.0000
ACT-000042,CLT-000034,INS-001,2022-03,132941,110740,22201,1.0000,1.0000,1.0000
ACT-000042,CLT-000034,INS-001,2022-04,94254,78514,15740,0.6725,1.0000,1.0000
ACT-000042,CLT-000034,INS-001,2022-05,44774,37297,7477,0.4328,1.0000,1.0000
ACT-000042,CLT-000034,INS-001,2022-06,46021,38335,7685,0.3450,1.0000,1.0000
ACT-000042,CLT-000034,INS-001,2022-07,23634,19687,3947,0.4328,0.4079,1.0000
ACT-000042,CLT-000034,INS-001,2022-08,35275,29384,5891,0.6725,0.4079,1.0000
ACT-000042,CLT-000034,INS-001,2022-09,49637,41347,8289,1.0000,0.4079,1.0000
ACT-000042,CLT-000034,INS-001,2022-10,66791,58975,7816,1.3275,0.4079,1.0000
ACT-000042,CLT-000034,INS-001,2022-11,76526,67571,8955,1.5672,0.4079,1.0000
ACT-000042,CLT-000034,INS-001,2022-12,93083,82191,10893,1.6550,0.4079,1.0000
ACT-000042,CLT-000034,INS-001,2023-01,191789,162956,28834,1.5672,1.0000,1.0000
ACT-000042,CLT-000034,INS-001,2023-02,158064,134300,23763,1.3275,1.0000,1.0000
ACT-000042,CLT-000034,INS-001,2023-03,122959,104473,18486,1.0000,1.0000,1.0000
ACT-000042,CLT-000034,INS-001,2023-04,75392,64058,11334,0.6725,1.0000,1.0000
ACT-000042,CLT-000034,INS-001,2023-05,52680,44760,7920,0.4328,1.0000,1.0000
ACT-000042,CLT-000034,INS-001,2023-06,45237,37682,7555,0.3450,1.0000,1.0000
ACT-000042,CLT-000034,INS-001,2023-07,54669,45540,9130,0.4328,1.0000,1.0000
ACT-000042,CLT-000034,INS-001,2023-08,98117,81731,16386,0.6725,1.0000,1.0000
ACT-000042,CLT-000034,INS-001,2023-09,163331,136055,27276,1.0000,1.0000,1.0000
ACT-000042,CLT-000034,INS-001,2023-10,198190,165092,33098,1.3275,1.0000,1.0000
ACT-000042,CLT-000034,INS-001,2023-11,264275,220141,44134,1.5672,1.0000,1.0000
ACT-000042,CLT-000034,INS-001,2023-12,212736,177209,35527,1.6550,1.0000,1.0000
ACT-000042,CLT-000034,INS-001,2024-01,251473,213666,37806,1.5672,1.0000,1.0239
ACT-000042,CLT-000034,INS-001,2024-02,187278,159123,28155,1.3275,1.0000,1.0239
ACT-000042,CLT-000034,INS-001,2024-03,126162,107195,18967,1.0000,1.0000,1.0239
ACT-000042,CLT-000034,INS-001,2024-04,78801,66954,11847,0.6725,1.0000,1.0239
ACT-000042,CLT-000034,INS-001,2024-05,56493,48000,8493,0.4328,1.0000,1.0239
ACT-000042,CLT-000034,INS-001,2024-06,38561,32763,5797,0.3450,1.0000,1.0239
ACT-000042,CLT-000034,INS-001,2024-07,47779,40596,7183,0.4328,1.0000,1.0239
ACT-000042,CLT-000034,INS-001,2024-08,75063,63778,11285,0.6725,1.0000,1.0239
ACT-000042,CLT-000034,INS-001,2024-09,144879,123098,21781,1.0000,1.0000,1.0239
ACT-000042,CLT-000034,INS-001,2024-10,190995,162281,28714,1.3275,1.0000,1.0239
ACT-000042,CLT-000034,INS-001,2024-11,211675,179852,31823,1.5672,1.0000,1.0239
ACT-000042,CLT-000034,INS-001,2024-12,202140,171750,30390,1.6550,1.0000,1.0239
ACT-000042,CLT-000034,INS-001,2025-01,179553,186960,-7407,1.5672,1.0000,1.0000
ACT-000042,CLT-000034,INS-001,2025-02,183211,190768,-7557,1.3275,1.0000,1.0000
ACT-000042,CLT-000034,INS-001,2025-03,149776,155954,-6178,1.0000,1.0000,1.0000
ACT-000042,CLT-000034,INS-001,2025-04,92342,96151,-3809,0.6725,1.0000,1.0000
ACT-000042,CLT-000034,INS-001,2025-05,50771,52865,-2094,0.4328,1.0000,1.0000
ACT-000042,CLT-000034,INS-001,2025-06,48810,50823,-2013,0.3450,1.0000,1.0000
ACT-000042,CLT-000034,INS-001,2025-07,56091,58405,-2314,0.4328,1.0000,1.0000
ACT-000042,CLT-000034,INS-001,2025-08,98054,102098,-4045,0.6725,1.0000,1.0000
ACT-000042,CLT-000034,INS-001,2025-09,129702,135052,-5350,1.0000,1.0000,1.0000
ACT-000042,CLT-000034,INS-001,2025-10,160007,166607,-6600,1.3275,1.0000,1.0000
ACT-000042,CLT-000034,INS-001,2025-11,174815,182026,-7211,1.5672,1.0000,1.0000
ACT-000042,CLT-000034,INS-001,2025-12,225475,234776,-9301,1.6550,1.0000,1.0000
ACT-000043,CLT-000035,INS-001,2022-03,208869,193099,15770,1.0000,1.0000,1.0000
ACT-000043,CLT-000035,INS-001,2022-04,171321,158386,12935,0.8698,1.0000,1.0000
ACT-000043,CLT-000035,INS-001,2022-05,157187,145319,11868,0.7745,1.0000,1.0000
ACT-000043,CLT-000035,INS-001,2022-06,136807,126478,10329,0.7396,1.0000,1.0000
ACT-000043,CLT-000035,INS-001,2022-07,114452,105810,8641,0.7745,1.0000,1.0000
ACT-000043,CLT-000035,INS-001,2022-08,128032,118365,9666,0.8698,1.0000,1.0000
ACT-000043,CLT-000035,INS-001,2022-09,140720,130096,10624,1.0000,1.0000,1.0000
ACT-000043,CLT-000035,INS-001,2022-10,173815,170333,3482,1.1302,1.0000,1.0000
ACT-000043,CLT-000035,INS-001,2022-11,180272,176661,3611,1.2255,1.0000,1.0000
ACT-000043,CLT-000035,INS-001,2022-12,201485,197449,4036,1.2604,1.0000,1.0000
ACT-000043,CLT-000035,INS-001,2023-01,194009,182948,11060,1.2255,1.0000,1.0000
ACT-000043,CLT-000035,INS-001,2023-02,175047,165068,9979,1.1302,1.0000,1.0000
ACT-000043,CLT-000035,INS-001,2023-03,176545,166480,10065,1.0000,1.0000,1.0000
ACT-000043,CLT-000035,INS-001,2023-04,181986,171611,10375,0.8698,1.0000,1.0000
ACT-000043,CLT-000035,INS-001,2023-05,138878,130961,7917,0.7745,1.0000,1.0000
ACT-000043,CLT-000035,INS-001,2023-06,126779,117207,9572,0.7396,1.0000,1.0000
ACT-000043,CLT-000035,INS-001,2023-07,149920,138601,11319,0.7745,1.0000,1.0000
ACT-000043,CLT-000035,INS-001,2023-08,147732,136578,11154,0.8698,1.0000,1.0000
ACT-000043,CLT-000035,INS-001,2023-09,145493,134508,10985,1.0000,1.0000,1.0000
ACT-000043,CLT-000035,INS-001,2023-10,194848,180137,14711,1.1302,1.0000,1.0000
ACT-000043,CLT-000035,INS-001,2023-11,239101,221049,18052,1.2255,1.0000,1.0000
ACT-000043,CLT-000035,INS-001,2023-12,239165,221108,18057,1.2604,1.0000,1.0000
ACT-000043,CLT-000035,INS-001,2024-01,210734,198720,12014,1.2255,1.0000,1.0239
ACT-000043,CLT-000035,INS-001,2024-02,181939,171566,10372,1.1302,1.0000,1.0239
ACT-000043,CLT-000035,INS-001,2024-03,151689,143041,8648,1.0000,1.0000,1.0239
ACT-000043,CLT-000035,INS-001,2024-04,126161,118968,7192,0.8698,1.0000,1.0239
ACT-000043,CLT-000035,INS-001,2024-05,99500,93828,5673,0.7745,1.0000,1.0239
ACT-000043,CLT-000035,INS-001,2024-06,105272,99271,6002,0.7396,1.0000,1.0239
ACT-000043,CLT-000035,INS-001,2024-07,129156,121793,7363,0.7745,1.0000,1.0239
ACT-000043,CLT-000035,INS-001,2024-08,137594,129750,7844,0.8698,1.0000,1.0239
ACT-000043,CLT-000035,INS-001,2024-09,143412,135236,8176,1.0000,1.0000,1.0239
ACT-000043,CLT-000035,INS-001,2024-10,185111,174558,10553,1.1302,1.0000,1.0239
ACT-000043,CLT-000035,INS-001,2024-11,196931,185704,11227,1.2255,1.0000,1.0239
ACT-000043,CLT-000035,INS-001,2024-12,182124,171741,10383,1.2604,1.0000,1.0239
ACT-000043,CLT-000035,INS-001,2025-01,189949,219510,-29561,1.2255,1.0000,1.0000
ACT-000043,CLT-000035,INS-001,2025-02,171107,197736,-26629,1.1302,1.0000,1.0000
ACT-000043,CLT-000035,INS-001,2025-03,170186,196671,-26485,1.0000,1.0000,1.0000
ACT-000043,CLT-000035,INS-001,2025-04,129325,149451,-20126,0.8698,1.0000,1.0000
ACT-000043,CLT-000035,INS-001,2025-05,118043,136413,-18370,0.7745,1.0000,1.0000
ACT-000043,CLT-000035,INS-001,2025-06,106600,123190,-16590,0.7396,1.0000,1.0000
ACT-000043,CLT-000035,INS-001,2025-07,105162,121528,-16366,0.7745,1.0000,1.0000
ACT-000043,CLT-000035,INS-001,2025-08,144193,166633,-22440,0.8698,1.0000,1.0000
ACT-000043,CLT-000035,INS-001,2025-09,164737,190374,-25637,1.0000,1.0000,1.0000
ACT-000043,CLT-000035,INS-001,2025-10,210885,243704,-32819,1.1302,1.0000,1.0000
ACT-000043,CLT-000035,INS-001,2025-11,209501,242105,-32604,1.2255,1.0000,1.0000
ACT-000043,CLT-000035,INS-001,2025-12,199625,230692,-31067,1.2604,1.0000,1.0000
ACT-000044,CLT-000036,INS-001,2022-05,38891,22980,15910,0.9243,1.0000,1.0000
ACT-000044,CLT-000036,INS-001,2022-06,38100,22513,15587,1.0000,1.0000,1.0000
ACT-000044,CLT-000036,INS-001,2022-07,41542,24547,16995,1.0757,1.0000,1.0000
ACT-000044,CLT-000036,INS-001,2022-08,45443,26852,18591,1.1312,1.0000,1.0000
ACT-000044,CLT-000036,INS-001,2022-09,48843,28861,19982,1.1515,1.0000,1.0000
ACT-000044,CLT-000036,INS-001,2022-10,48537,30402,18136,1.1312,1.0000,1.0000
ACT-000044,CLT-000036,INS-001,2022-11,42960,26908,16052,1.0757,1.0000,1.0000
ACT-000044,CLT-000036,INS-001,2022-12,41686,26110,15576,1.0000,1.0000,1.0000
ACT-000044,CLT-000036,INS-001,2023-01,45475,27409,18066,0.9242,1.0000,1.0000
ACT-000044,CLT-000036,INS-001,2023-02,39327,23703,15624,0.8688,1.0000,1.0000
ACT-000044,CLT-000036,INS-001,2023-03,35879,21625,14254,0.8485,1.0000,1.0000
ACT-000044,CLT-000036,INS-001,2023-04,35746,21545,14201,0.8688,1.0000,1.0000
ACT-000044,CLT-000036,INS-001,2023-05,38819,23397,15422,0.9243,1.0000,1.0000
ACT-000044,CLT-000036,INS-001,2023-06,43716,25832,17884,1.0000,1.0000,1.0000
ACT-000044,CLT-000036,INS-001,2023-07,50424,29795,20628,1.0757,1.0000,1.0000
ACT-000044,CLT-000036,INS-001,2023-08,48131,28441,19691,1.1312,1.0000,1.0000
ACT-000044,CLT-000036,INS-001,2023-09,52385,30955,21431,1.1515,1.0000,1.0000
ACT-000044,CLT-000036,INS-001,2023-10,48792,28831,19961,1.1312,1.0000,1.0000
ACT-000044,CLT-000036,INS-001,2023-11,49754,29400,20355,1.0757,1.0000,1.0000
ACT-000044,CLT-000036,INS-001,2023-12,47059,27807,19252,1.0000,1.0000,1.0000
ACT-000044,CLT-000036,INS-001,2024-01,44312,26708,17604,0.9242,1.0000,1.0239
ACT-000044,CLT-000036,INS-001,2024-02,41484,25003,16481,0.8688,1.0000,1.0239
ACT-000044,CLT-000036,INS-001,2024-03,44016,26529,17487,0.8485,1.0000,1.0239
ACT-000044,CLT-000036,INS-001,2024-04,41491,25007,16484,0.8688,1.0000,1.0239
ACT-000044,CLT-000036,INS-001,2024-05,48447,29200,19247,0.9243,1.0000,1.0239
ACT-000044,CLT-000036,INS-001,2024-06,44878,27049,17829,1.0000,1.0000,1.0239
ACT-000044,CLT-000036,INS-001,2024-07,52446,31610,20836,1.0757,1.0000,1.0239
ACT-000044,CLT-000036,INS-001,2024-08,57626,34732,22894,1.1312,1.0000,1.0239
ACT-000044,CLT-000036,INS-001,2024-09,64654,38968,25686,1.1515,1.0000,1.0239
ACT-000044,CLT-000036,INS-001,2024-10,59502,35863,23639,1.1312,1.0000,1.0239
ACT-000044,CLT-000036,INS-001,2024-11,60202,36285,23917,1.0757,1.0000,1.0239
ACT-000044,CLT-000036,INS-001,2024-12,54713,32977,21736,1.0000,1.0000,1.0239
ACT-000044,CLT-000036,INS-001,2025-01,49245,36373,12871,0.9242,1.0000,1.0000
ACT-000044,CLT-000036,INS-001,2025-02,40554,29954,10600,0.8688,1.0000,1.0000
ACT-000044,CLT-000036,INS-001,2025-03,39964,29519,10446,0.8485,1.0000,1.0000
ACT-000044,CLT-000036,INS-001,2025-04,48208,35607,12600,0.8688,1.0000,1.0000
ACT-000044,CLT-000036,INS-001,2025-05,45813,33839,11974,0.9243,1.0000,1.0000
ACT-000044,CLT-000036,INS-001,2025-06,49340,36444,12896,1.0000,1.0000,1.0000
ACT-000044,CLT-000036,INS-001,2025-07,53938,39840,14098,1.0757,1.0000,1.0000
ACT-000044,CLT-000036,INS-001,2025-08,54847,40511,14336,1.1312,1.0000,1.0000
ACT-000044,CLT-000036,INS-001,2025-09,59753,44135,15618,1.1515,1.0000,1.0000
ACT-000044,CLT-000036,INS-001,2025-10,67742,50036,17706,1.1312,1.0000,1.0000
ACT-000044,CLT-000036,INS-001,2025-11,63794,47120,16674,1.0757,1.0000,1.0000
ACT-000044,CLT-000036,INS-001,2025-12,59470,43926,15544,1.0000,1.0000,1.0000
ACT-000045,CLT-000037,INS-001,2022-05,145412,133183,12229,0.8314,1.0000,1.0000
ACT-000045,CLT-000037,INS-001,2022-06,144452,132304,12148,0.8540,1.0000,1.0000
ACT-000045,CLT-000037,INS-001,2022-07,152873,140017,12857,0.9157,1.0000,1.0000
ACT-000045,CLT-000037,INS-001,2022-08,210769,193044,17726,1.0000,1.0000,1.0000
ACT-000045,CLT-000037,INS-001,2022-09,233624,213976,19648,1.0843,1.0000,1.0000
ACT-000045,CLT-000037,INS-001,2022-10,264509,256799,7709,1.1460,1.0000,1.0000
ACT-000045,CLT-000037,INS-001,2022-11,213323,207105,6217,1.1686,1.0000,1.0000
ACT-000045,CLT-000037,INS-001,2022-12,197844,192077,5766,1.1460,1.0000,1.0000
ACT-000045,CLT-000037,INS-001,2023-01,191480,178884,12596,1.0843,0.9066,1.0000
ACT-000045,CLT-000037,INS-001,2023-02,165862,154951,10911,1.0000,0.9066,1.0000
ACT-000045,CLT-000037,INS-001,2023-03,171104,159849,11256,0.9157,0.9066,1.0000
ACT-000045,CLT-000037,INS-001,2023-04,202107,188812,13295,0.8540,0.9066,1.0000
ACT-000045,CLT-000037,INS-001,2023-05,149546,139709,9837,0.8314,0.9066,1.0000
ACT-000045,CLT-000037,INS-001,2023-06,209765,192123,17641,0.8540,0.9066,1.0000
ACT-000045,CLT-000037,INS-001,2023-07,208692,191141,17551,0.9157,0.9066,1.0000
ACT-000045,CLT-000037,INS-001,2023-08,215898,197741,18157,1.0000,0.9066,1.0000
ACT-000045,CLT-000037,INS-001,2023-09,343611,314714,28898,1.0843,1.0000,1.0000
ACT-000045,CLT-000037,INS-001,2023-10,376062,344435,31627,1.1460,1.0000,1.0000
ACT-000045,CLT-000037,INS-001,2023-11,333248,305222,28026,1.1686,1.0000,1.0000
ACT-000045,CLT-000037,INS-001,2023-12,184132,168646,15485,1.1460,1.0000,1.0000
ACT-000045,CLT-000037,INS-001,2024-01,243090,227099,15991,1.0843,1.0000,1.0239
ACT-000045,CLT-000037,INS-001,2024-02,247968,231656,16312,1.0000,1.0000,1.0239
ACT-000045,CLT-000037,INS-001,2024-03,199054,185960,13094,0.9157,1.0000,1.0239
ACT-000045,CLT-000037,INS-001,2024-04,243028,227041,15987,0.8540,1.0000,1.0239
ACT-000045,CLT-000037,INS-001,2024-05,234833,219385,15448,0.8314,1.0000,1.0239
ACT-000045,CLT-000037,INS-001,2024-06,235177,219707,15470,0.8540,1.1786,1.0239
ACT-000045,CLT-000037,INS-001,2024-07,280309,261870,18439,0.9157,1.1786,1.0239
ACT-000045,CLT-000037,INS-001,2024-08,360818,337082,23735,1.0000,1.1786,1.0239
ACT-000045,CLT-000037,INS-001,2024-09,324991,303612,21379,1.0843,1.1786,1.0239
ACT-000045,CLT-000037,INS-001,2024-10,408600,381721,26878,1.1460,1.1786,1.0239
ACT-000045,CLT-000037,INS-001,2024-11,359292,335657,23635,1.1686,0.8168,1.0239
ACT-000045,CLT-000037,INS-001,2024-12,321184,300056,21128,1.1460,0.8168,1.0239
ACT-000045,CLT-000037,INS-001,2025-01,216950,248381,-31431,1.0843,0.6931,1.0000
ACT-000045,CLT-000037,INS-001,2025-02,290780,332906,-42127,1.0000,0.6931,1.0000
ACT-000045,CLT-000037,INS-001,2025-03,291037,333200,-42164,0.9157,0.6931,1.0000
ACT-000045,CLT-000037,INS-001,2025-04,231176,264667,-33492,0.8540,0.6931,1.0000
ACT-000045,CLT-000037,INS-001,2025-05,212614,243417,-30802,0.8314,0.6931,1.0000
ACT-000045,CLT-000037,INS-001,2025-06,186897,213974,-27077,0.8540,0.6931,1.0000
ACT-000045,CLT-000037,INS-001,2025-07,299159,342500,-43341,0.9157,1.0000,1.0000
ACT-000045,CLT-000037,INS-001,2025-08,381445,436707,-55262,1.0000,1.0000,1.0000
ACT-000045,CLT-000037,INS-001,2025-09,326253,373519,-47266,1.0843,1.0000,1.0000
ACT-000045,CLT-000037,INS-001,2025-10,378018,432783,-54765,1.1460,1.0000,1.0000
ACT-000045,CLT-000037,INS-001,2025-11,471921,540291,-68370,1.1686,1.0000,1.0000
ACT-000045,CLT-000037,INS-001,2025-12,445943,510549,-64606,1.1460,1.0000,1.0000
ACT-000046,CLT-000038,INS-001,2022-06,152412,140219,12193,0.7837,1.0000,1.0000
ACT-000046,CLT-000038,INS-001,2022-07,176787,162644,14143,0.8127,1.0000,1.0000
ACT-000046,CLT-000038,INS-001,2022-08,169046,155522,13524,0.8919,1.0000,1.0000
ACT-000046,CLT-000038,INS-001,2022-09,153133,140883,12251,1.0000,1.0000,1.0000
ACT-000046,CLT-000038,INS-001,2022-10,176665,172283,4381,1.1081,1.0000,1.0000
ACT-000046,CLT-000038,INS-001,2022-11,193104,188315,4789,1.1873,1.0000,1.0000
ACT-000046,CLT-000038,INS-001,2022-12,217089,211705,5384,1.2163,1.0000,1.0000
ACT-000046,CLT-000038,INS-001,2023-01,233072,218715,14357,1.1873,1.0000,1.0000
ACT-000046,CLT-000038,INS-001,2023-02,190797,179044,11753,1.1081,1.0000,1.0000
ACT-000046,CLT-000038,INS-001,2023-03,180206,169105,11101,1.0000,1.0000,1.0000
ACT-000046,CLT-000038,INS-001,2023-04,199399,187116,12283,0.8918,1.0000,1.0000
ACT-000046,CLT-000038,INS-001,2023-05,246369,231192,15176,0.8127,1.0000,1.0000
ACT-000046,CLT-000038,INS-001,2023-06,53744,49444,4299,0.7837,0.4026,1.0000
ACT-000046,CLT-000038,INS-001,2023-07,50384,46353,4031,0.8127,0.4026,1.0000
ACT-000046,CLT-000038,INS-001,2023-08,42499,39099,3400,0.8919,0.4026,1.0000
ACT-000046,CLT-000038,INS-001,2023-09,58798,54094,4704,1.0000,0.4026,1.0000
ACT-000046,CLT-000038,INS-001,2023-10,69194,63659,5536,1.1081,0.4026,1.0000
ACT-000047,CLT-000039,INS-001,2022-07,235708,211171,24537,0.8769,1.0000,1.0000
ACT-000047,CLT-000039,INS-001,2022-08,274970,246346,28624,1.0000,1.0000,1.0000
ACT-000047,CLT-000039,INS-001,2022-09,215735,193277,22458,1.1232,0.7170,1.0000
ACT-000047,CLT-000039,INS-001,2022-10,204641,194338,10303,1.2133,0.7170,1.0000
ACT-000047,CLT-000039,INS-001,2022-11,226874,215452,11422,1.2463,0.7170,1.0000
ACT-000047,CLT-000039,INS-001,2022-12,289626,275045,14582,1.2133,0.7170,1.0000
ACT-000047,CLT-000039,INS-001,2023-01,239617,218966,20651,1.1232,0.7170,1.0000
ACT-000047,CLT-000039,INS-001,2023-02,266079,243148,22931,1.0000,1.0000,1.0000
ACT-000047,CLT-000039,INS-001,2023-03,227605,207990,19615,0.8768,1.0000,1.0000
ACT-000047,CLT-000039,INS-001,2023-04,200698,183401,17297,0.7867,1.0000,1.0000
ACT-000047,CLT-000039,INS-001,2023-05,199185,182018,17166,0.7537,1.0000,1.0000
ACT-000047,CLT-000039,INS-001,2023-06,248017,222199,25819,0.7867,1.0000,1.0000
ACT-000047,CLT-000039,INS-001,2023-07,269678,241605,28074,0.8769,1.0000,1.0000
ACT-000047,CLT-000039,INS-001,2023-08,260848,233693,27154,1.0000,1.0000,1.0000
ACT-000047,CLT-000039,INS-001,2023-09,306984,275027,31957,1.1232,1.0000,1.0000
ACT-000047,CLT-000039,INS-001,2023-10,335730,300781,34950,1.2133,1.0000,1.0000
ACT-000047,CLT-000039,INS-001,2023-11,335181,300288,34892,1.2463,1.0000,1.0000
ACT-000047,CLT-000039,INS-001,2023-12,349626,313230,36396,1.2133,1.0000,1.0000
ACT-000047,CLT-000039,INS-001,2024-01,339387,310138,29249,1.1232,1.0000,1.0239
ACT-000047,CLT-000039,INS-001,2024-02,284939,260382,24557,1.0000,1.0000,1.0239
ACT-000047,CLT-000039,INS-001,2024-03,235016,214762,20254,0.8768,1.0000,1.0239
ACT-000047,CLT-000039,INS-001,2024-04,216079,197457,18622,0.7867,1.0000,1.0239
ACT-000047,CLT-000039,INS-001,2024-05,189034,172742,16291,0.7537,1.0000,1.0239
ACT-000047,CLT-000039,INS-001,2024-06,225117,205716,19401,0.7867,1.0000,1.0239
ACT-000047,CLT-000039,INS-001,2024-07,273532,249959,23574,0.8769,1.0000,1.0239
ACT-000047,CLT-000039,INS-001,2024-08,311706,284843,26863,1.0000,1.0000,1.0239
ACT-000047,CLT-000039,INS-001,2024-09,325199,297173,28026,1.1232,1.0000,1.0239
ACT-000047,CLT-000039,INS-001,2024-10,399362,364944,34418,1.2133,1.0000,1.0239
ACT-000047,CLT-000039,INS-001,2024-11,377093,344595,32499,1.2463,1.0000,1.0239
ACT-000047,CLT-000039,INS-001,2024-12,387128,353764,33363,1.2133,1.0000,1.0239
ACT-000047,CLT-000039,INS-001,2025-01,301262,337375,-36114,1.1232,1.0000,1.0000
ACT-000047,CLT-000039,INS-001,2025-02,256039,286731,-30693,1.0000,1.0000,1.0000
ACT-000047,CLT-000039,INS-001,2025-03,204823,229376,-24553,0.8768,1.0000,1.0000
ACT-000047,CLT-000039,INS-001,2025-04,178732,200157,-21425,0.7867,1.0000,1.0000
ACT-000047,CLT-000039,INS-001,2025-05,181189,202909,-21720,0.7537,1.0000,1.0000
ACT-000047,CLT-000039,INS-001,2025-06,199045,222906,-23861,0.7867,1.0000,1.0000
ACT-000047,CLT-000039,INS-001,2025-07,201232,225354,-24123,0.8769,1.0000,1.0000
ACT-000047,CLT-000039,INS-001,2025-08,251252,281371,-30119,1.0000,1.0000,1.0000
ACT-000047,CLT-000039,INS-001,2025-09,320370,358774,-38404,1.1232,1.0000,1.0000
ACT-000047,CLT-000039,INS-001,2025-10,336156,376452,-40297,1.2133,1.0000,1.0000
ACT-000047,CLT-000039,INS-001,2025-11,350337,392334,-41997,1.2463,1.0000,1.0000
ACT-000047,CLT-000039,INS-001,2025-12,331258,370968,-39710,1.2133,1.0000,1.0000
ACT-000048,CLT-000040,INS-001,2022-07,431334,404807,26527,0.7708,1.0000,1.0000
ACT-000048,CLT-000040,INS-001,2022-08,394505,370243,24262,0.8677,1.0000,1.0000
ACT-000048,CLT-000040,INS-001,2022-09,513434,481858,31576,1.0000,1.0000,1.0000
ACT-000048,CLT-000040,INS-001,2022-10,439848,437565,2283,1.1323,1.0000,1.0000
ACT-000048,CLT-000040,INS-001,2022-11,640607,637282,3325,1.2292,1.0000,1.0000
ACT-000048,CLT-000040,INS-001,2022-12,620348,617129,3220,1.2647,1.0000,1.0000
ACT-000048,CLT-000040,INS-001,2023-01,579348,554593,24756,1.2292,1.0000,1.0000
ACT-000048,CLT-000040,INS-001,2023-02,580053,555267,24786,1.1323,1.0000,1.0000
ACT-000048,CLT-000040,INS-001,2023-03,494724,473585,21140,1.0000,1.0000,1.0000
ACT-000048,CLT-000040,INS-001,2023-04,340255,325716,14539,0.8676,1.0000,1.0000
ACT-000048,CLT-000040,INS-001,2023-05,387640,371076,16564,0.7708,1.0000,1.0000
ACT-000048,CLT-000040,INS-001,2023-06,268969,252427,16542,0.7353,1.0000,1.0000
ACT-000048,CLT-000040,INS-001,2023-07,315316,295924,19392,0.7708,1.0000,1.0000
ACT-000048,CLT-000040,INS-001,2023-08,272454,255698,16756,0.8677,1.0000,1.0000
ACT-000048,CLT-000040,INS-001,2023-09,450863,423135,27728,1.0000,1.0000,1.0000
ACT-000048,CLT-000040,INS-001,2023-10,558003,523686,34317,1.1323,1.0000,1.0000
ACT-000048,CLT-000040,INS-001,2023-11,613474,575745,37729,1.2292,1.0000,1.0000
ACT-000048,CLT-000040,INS-001,2023-12,479479,449991,29488,1.2647,0.6332,1.0000
ACT-000048,CLT-000040,INS-001,2024-01,338852,324372,14479,1.2292,0.6332,1.0239
ACT-000048,CLT-000040,INS-001,2024-02,393213,376411,16802,1.1323,0.6332,1.0239
ACT-000048,CLT-000040,INS-001,2024-03,438433,419699,18734,1.0000,0.6332,1.0239
ACT-000048,CLT-000040,INS-001,2024-04,502488,481017,21471,0.8676,1.0000,1.0239
ACT-000048,CLT-000040,INS-001,2024-05,323320,309504,13815,0.7708,1.0000,1.0239
ACT-000048,CLT-000040,INS-001,2024-06,219855,210461,9394,0.7353,1.0000,1.0239
ACT-000048,CLT-000040,INS-001,2024-07,405569,388239,17330,0.7708,1.0000,1.0239
ACT-000048,CLT-000040,INS-001,2024-08,547307,523921,23386,0.8677,1.0000,1.0239
ACT-000048,CLT-000040,INS-001,2024-09,463029,443244,19785,1.0000,1.0000,1.0239
ACT-000048,CLT-000040,INS-001,2024-10,573285,548789,24496,1.1323,1.0000,1.0239
ACT-000048,CLT-000040,INS-001,2024-11,545976,522646,23330,1.2292,1.0000,1.0239
ACT-000048,CLT-000040,INS-001,2024-12,748462,716480,31982,1.2647,1.0000,1.0239
ACT-000048,CLT-000040,INS-001,2025-01,687391,806396,-119005,1.2292,1.0000,1.0000
ACT-000048,CLT-000040,INS-001,2025-02,421289,494224,-72936,1.1323,1.0000,1.0000
ACT-000048,CLT-000040,INS-001,2025-03,371347,435636,-64289,1.0000,1.0000,1.0000
ACT-000048,CLT-000040,INS-001,2025-04,311989,366002,-54013,0.8676,1.0000,1.0000
ACT-000048,CLT-000040,INS-001,2025-05,226863,266138,-39276,0.7708,1.0000,1.0000
ACT-000048,CLT-000040,INS-001,2025-06,317925,372966,-55041,0.7353,1.0000,1.0000
ACT-000048,CLT-000040,INS-001,2025-07,322990,378908,-55918,0.7708,1.0000,1.0000
ACT-000048,CLT-000040,INS-001,2025-08,550658,645990,-95333,0.8677,1.0000,1.0000
ACT-000048,CLT-000040,INS-001,2025-09,623037,730901,-107863,1.0000,1.0000,1.0000
ACT-000048,CLT-000040,INS-001,2025-10,898100,1053584,-155484,1.1323,1.0000,1.0000
ACT-000048,CLT-000040,INS-001,2025-11,919232,1078374,-159142,1.2292,1.0000,1.0000
ACT-000048,CLT-000040,INS-001,2025-12,1002984,1176626,-173642,1.2647,1.0000,1.0000
ACT-000049,CLT-000041,INS-001,2025-08,237457,231194,6263,0.8926,1.0000,1.0000
ACT-000049,CLT-000041,INS-001,2025-09,214733,209070,5664,1.0000,1.0000,1.0000
ACT-000049,CLT-000041,INS-001,2025-10,253051,246377,6674,1.1074,1.0000,1.0000
ACT-000049,CLT-000041,INS-001,2025-11,270550,263414,7136,1.1860,1.0000,1.0000
ACT-000049,CLT-000041,INS-001,2025-12,259880,253026,6854,1.2148,1.0000,1.0000
ACT-000050,CLT-000041,INS-001,2025-08,237076,262236,-25160,1.0000,1.0000,1.0000
ACT-000050,CLT-000041,INS-001,2025-09,313692,346983,-33291,1.1039,1.0000,1.0000
ACT-000050,CLT-000041,INS-001,2025-10,465877,515319,-49441,1.1800,1.0000,1.0000
ACT-000050,CLT-000041,INS-001,2025-11,394326,436174,-41848,1.2078,1.0000,1.0000
ACT-000050,CLT-000041,INS-001,2025-12,502005,555281,-53275,1.1800,1.0000,1.0000
ACT-000051,CLT-000042,INS-001,2022-08,496687,415925,80761,0.9265,1.0000,1.0000
ACT-000051,CLT-000042,INS-001,2022-09,666864,558432,108432,1.0000,1.0000,1.0000
ACT-000051,CLT-000042,INS-001,2022-10,806450,715841,90610,1.0735,1.0000,1.0000
ACT-000051,CLT-000042,INS-001,2022-11,677036,600967,76069,1.1273,1.0000,1.0000
ACT-000051,CLT-000042,INS-001,2022-12,586781,520852,65928,1.1470,1.0000,1.0000
ACT-000051,CLT-000042,INS-001,2023-01,605564,517241,88323,1.1273,1.0000,1.0000
ACT-000051,CLT-000042,INS-001,2023-02,656569,560808,95762,1.0735,1.0000,1.0000
ACT-000051,CLT-000042,INS-001,2023-03,636974,544070,92904,1.0000,1.0000,1.0000
ACT-000051,CLT-000042,INS-001,2023-04,528601,451503,77097,0.9265,1.0000,1.0000
ACT-000051,CLT-000042,INS-001,2023-05,511695,437063,74632,0.8727,1.0000,1.0000
ACT-000051,CLT-000042,INS-001,2023-06,549249,459941,89308,0.8530,1.0000,1.0000
ACT-000051,CLT-000042,INS-001,2023-07,575835,482204,93631,0.8727,1.0000,1.0000
ACT-000051,CLT-000042,INS-001,2023-08,558152,467397,90756,0.9265,1.0000,1.0000
ACT-000051,CLT-000042,INS-001,2023-09,696535,583278,113257,1.0000,1.0000,1.0000
ACT-000051,CLT-000042,INS-001,2023-10,686133,574568,111565,1.0735,1.0000,1.0000
ACT-000051,CLT-000042,INS-001,2023-11,753355,630859,122495,1.1273,1.0000,1.0000
ACT-000051,CLT-000042,INS-001,2023-12,594742,498037,96705,1.1470,1.0000,1.0000
ACT-000051,CLT-000042,INS-001,2024-01,525765,449081,76684,1.1273,0.8955,1.0239
ACT-000051,CLT-000042,INS-001,2024-02,600785,513159,87626,1.0735,0.8955,1.0239
ACT-000051,CLT-000042,INS-001,2024-03,632308,540084,92223,1.0000,0.8955,1.0239
ACT-000051,CLT-000042,INS-001,2024-04,726230,620308,105922,0.9265,1.0000,1.0239
ACT-000051,CLT-000042,INS-001,2024-05,659951,563695,96255,0.8727,1.0000,1.0239
ACT-000051,CLT-000042,INS-001,2024-06,731818,625081,106737,0.8530,1.0000,1.0239
ACT-000051,CLT-000042,INS-001,2024-07,844706,721504,123202,0.8727,1.0000,1.0239
ACT-000051,CLT-000042,INS-001,2024-08,711561,607778,103783,0.9265,1.0000,1.0239
ACT-000051,CLT-000042,INS-001,2024-09,827996,707231,120765,1.0000,1.0000,1.0239
ACT-000051,CLT-000042,INS-001,2024-10,1018672,870097,148575,1.0735,1.0000,1.0239
ACT-000051,CLT-000042,INS-001,2024-11,1004708,858169,146539,1.1273,1.0000,1.0239
ACT-000051,CLT-000042,INS-001,2024-12,925315,790356,134959,1.1470,1.0000,1.0239
ACT-000051,CLT-000042,INS-001,2025-01,876285,917252,-40966,1.1273,1.0000,1.0000
ACT-000051,CLT-000042,INS-001,2025-02,930722,974233,-43511,1.0735,1.0000,1.0000
ACT-000051,CLT-000042,INS-001,2025-03,637179,666967,-29788,1.0000,1.0000,1.0000
ACT-000051,CLT-000042,INS-001,2025-04,670252,701586,-31334,0.9265,1.0000,1.0000
ACT-000051,CLT-000042,INS-001,2025-05,562909,589225,-26316,0.8727,1.0000,1.0000
ACT-000051,CLT-000042,INS-001,2025-06,620866,649891,-29025,0.8530,1.0000,1.0000
ACT-000051,CLT-000042,INS-001,2025-07,660269,691137,-30868,0.8727,1.0000,1.0000
ACT-000051,CLT-000042,INS-001,2025-08,854415,894359,-39944,0.9265,1.0000,1.0000
ACT-000051,CLT-000042,INS-001,2025-09,825398,863985,-38587,1.0000,1.0000,1.0000
ACT-000051,CLT-000042,INS-001,2025-10,740173,774776,-34603,1.0735,1.0000,1.0000
ACT-000051,CLT-000042,INS-001,2025-11,701263,734047,-32784,1.1273,1.0000,1.0000
ACT-000051,CLT-000042,INS-001,2025-12,715456,748904,-33448,1.1470,1.0000,1.0000
ACT-000052,CLT-000043,INS-001,2022-09,344032,308081,35951,1.0000,1.0000,1.0000
ACT-000052,CLT-000043,INS-001,2022-10,422095,400665,21430,1.1197,1.0000,1.0000
ACT-000052,CLT-000043,INS-001,2022-11,429528,407721,21807,1.2072,1.0000,1.0000
ACT-000052,CLT-000043,INS-001,2022-12,396336,376214,20122,1.2393,1.0000,1.0000
ACT-000052,CLT-000043,INS-001,2023-01,344785,314930,29855,1.2072,1.0000,1.0000
ACT-000052,CLT-000043,INS-001,2023-02,337528,308301,29227,1.1197,1.0000,1.0000
ACT-000052,CLT-000043,INS-001,2023-03,265546,242553,22994,1.0000,1.0000,1.0000
ACT-000052,CLT-000043,INS-001,2023-04,217445,198617,18829,0.8803,1.0000,1.0000
ACT-000052,CLT-000043,INS-001,2023-05,258701,236301,22401,0.7928,1.0000,1.0000
ACT-000052,CLT-000043,INS-001,2023-06,194816,174458,20358,0.7607,1.0000,1.0000
ACT-000052,CLT-000043,INS-001,2023-07,252085,225742,26343,0.7928,1.0000,1.0000
ACT-000052,CLT-000043,INS-001,2023-08,328658,294313,34345,0.8804,1.0000,1.0000
ACT-000052,CLT-000043,INS-001,2023-09,403456,361295,42161,1.0000,1.0000,1.0000
ACT-000052,CLT-000043,INS-001,2023-10,420853,376874,43979,1.1197,1.0000,1.0000
ACT-000052,CLT-000043,INS-001,2023-11,479520,429410,50110,1.2072,1.0000,1.0000
ACT-000052,CLT-000043,INS-001,2023-12,473885,424364,49521,1.2393,1.0000,1.0000
ACT-000052,CLT-000043,INS-001,2024-01,488770,446447,42323,1.2072,1.0000,1.0239
ACT-000052,CLT-000043,INS-001,2024-02,455842,416371,39471,1.1197,1.0000,1.0239
ACT-000052,CLT-000043,INS-001,2024-03,428546,391438,37108,1.0000,1.0000,1.0239
ACT-000052,CLT-000043,INS-001,2024-04,321250,293433,27817,0.8803,1.0000,1.0239
ACT-000052,CLT-000043,INS-001,2024-05,303534,277251,26283,0.7928,1.0000,1.0239
ACT-000052,CLT-000043,INS-001,2024-06,312104,285079,27025,0.7607,1.0000,1.0239
ACT-000052,CLT-000043,INS-001,2024-07,278982,254825,24157,0.7928,1.0000,1.0239
ACT-000052,CLT-000043,INS-001,2024-08,351131,320727,30404,0.8804,1.0000,1.0239
ACT-000052,CLT-000043,INS-001,2024-09,372102,339882,32220,1.0000,1.0000,1.0239
ACT-000052,CLT-000043,INS-001,2024-10,422489,385906,36583,1.1197,1.0000,1.0239
ACT-000052,CLT-000043,INS-001,2024-11,384627,351322,33305,1.2072,1.0000,1.0239
ACT-000052,CLT-000043,INS-001,2024-12,396725,362372,34352,1.2393,1.0000,1.0239
ACT-000052,CLT-000043,INS-001,2025-01,324994,363790,-38796,1.2072,1.0000,1.0000
ACT-000052,CLT-000043,INS-001,2025-02,338297,378681,-40384,1.1197,1.0000,1.0000
ACT-000052,CLT-000043,INS-001,2025-03,365249,408851,-43602,1.0000,1.0000,1.0000
ACT-000052,CLT-000043,INS-001,2025-04,291827,326663,-34837,0.8803,1.0000,1.0000
ACT-000052,CLT-000043,INS-001,2025-05,329471,368801,-39331,0.7928,1.0000,1.0000
ACT-000052,CLT-000043,INS-001,2025-06,281808,315449,-33641,0.7607,1.0000,1.0000
ACT-000052,CLT-000043,INS-001,2025-07,347358,388824,-41466,0.7928,1.0000,1.0000
ACT-000052,CLT-000043,INS-001,2025-08,361980,405192,-43211,0.8804,1.0000,1.0000
ACT-000052,CLT-000043,INS-001,2025-09,399576,447276,-47699,1.0000,1.0000,1.0000
ACT-000052,CLT-000043,INS-001,2025-10,496459,555723,-59265,1.1197,1.0000,1.0000
ACT-000052,CLT-000043,INS-001,2025-11,491320,549972,-58651,1.2072,1.0000,1.0000
ACT-000052,CLT-000043,INS-001,2025-12,424819,475532,-50713,1.2393,1.0000,1.0000
ACT-000053,CLT-000044,INS-001,2022-09,120440,86367,34072,1.1727,1.0000,1.0000
ACT-000053,CLT-000044,INS-001,2022-10,148166,112625,35541,1.2991,1.0000,1.0000
ACT-000053,CLT-000044,INS-001,2022-11,133607,101558,32049,1.3454,1.0000,1.0000
ACT-000053,CLT-000044,INS-001,2022-12,122079,92795,29284,1.2991,1.0000,1.0000
ACT-000053,CLT-000044,INS-001,2023-01,128199,93770,34429,1.1727,1.0000,1.0000
ACT-000053,CLT-000044,INS-001,2023-02,92947,67986,24962,1.0000,1.0000,1.0000
ACT-000053,CLT-000044,INS-001,2023-03,79828,58390,21439,0.8273,1.0000,1.0000
ACT-000053,CLT-000044,INS-001,2023-04,60710,44406,16304,0.7009,1.0000,1.0000
ACT-000053,CLT-000044,INS-001,2023-05,50239,36747,13492,0.6546,1.0000,1.0000
ACT-000053,CLT-000044,INS-001,2023-06,50147,35960,14186,0.7009,1.0000,1.0000
ACT-000053,CLT-000044,INS-001,2023-07,80827,57961,22866,0.8273,1.0000,1.0000
ACT-000053,CLT-000044,INS-001,2023-08,92396,66257,26139,1.0000,1.0000,1.0000
ACT-000053,CLT-000044,INS-001,2023-09,119453,85660,33793,1.1727,1.0000,1.0000
ACT-000053,CLT-000044,INS-001,2023-10,118593,85043,33550,1.2991,1.0000,1.0000
ACT-000053,CLT-000044,INS-001,2023-11,104207,74727,29480,1.3454,1.0000,1.0000
ACT-000053,CLT-000044,INS-001,2023-12,117241,84073,33167,1.2991,1.0000,1.0000
ACT-000053,CLT-000044,INS-001,2024-01,95629,69947,25682,1.1727,1.0000,1.0239
ACT-000053,CLT-000044,INS-001,2024-02,86940,63591,23348,1.0000,1.0000,1.0239
ACT-000053,CLT-000044,INS-001,2024-03,73084,53457,19627,0.8273,1.0000,1.0239
ACT-000053,CLT-000044,INS-001,2024-04,87165,63756,23409,0.7009,1.0000,1.0239
ACT-000053,CLT-000044,INS-001,2024-05,75431,55174,20258,0.6546,1.0000,1.0239
ACT-000053,CLT-000044,INS-001,2024-06,70733,51737,18996,0.7009,1.0000,1.0239
ACT-000053,CLT-000044,INS-001,2024-07,73200,53541,19658,0.8273,1.0000,1.0239
ACT-000053,CLT-000044,INS-001,2024-08,77079,56378,20700,1.0000,1.0000,1.0239
ACT-000053,CLT-000044,INS-001,2024-09,79846,58402,21443,1.1727,1.0000,1.0239
ACT-000053,CLT-000044,INS-001,2024-10,85966,62879,23087,1.2991,1.0000,1.0239
ACT-000053,CLT-000044,INS-001,2024-11,97005,70954,26052,1.3454,1.0000,1.0239
ACT-000053,CLT-000044,INS-001,2024-12,121711,89024,32686,1.2991,1.0000,1.0239
ACT-000054,CLT-000045,INS-001,2022-10,651734,648006,3728,1.0895,1.0000,1.0000
ACT-000054,CLT-000045,INS-001,2022-11,578673,575363,3310,1.1549,1.0000,1.0000
ACT-000054,CLT-000045,INS-001,2022-12,671429,667589,3841,1.1789,1.0000,1.0000
ACT-000054,CLT-000045,INS-001,2023-01,671511,642475,29036,1.1549,1.0000,1.0000
ACT-000054,CLT-000045,INS-001,2023-02,603149,577069,26080,1.0895,1.0000,1.0000
ACT-000054,CLT-000045,INS-001,2023-03,501843,480143,21700,1.0000,1.0000,1.0000
ACT-000054,CLT-000045,INS-001,2023-04,545897,522293,23605,0.9105,1.0000,1.0000
ACT-000054,CLT-000045,INS-001,2023-05,432339,413645,18694,0.8451,1.0000,1.0000
ACT-000054,CLT-000045,INS-001,2023-06,463998,435230,28768,0.8211,1.0000,1.0000
ACT-000054,CLT-000045,INS-001,2023-07,512624,480841,31783,0.8451,1.0000,1.0000
ACT-000054,CLT-000045,INS-001,2023-08,493610,463006,30604,0.9106,1.0000,1.0000
ACT-000054,CLT-000045,INS-001,2023-09,623103,584470,38632,1.0000,1.0000,1.0000
ACT-000054,CLT-000045,INS-001,2023-10,498383,467483,30900,1.0895,1.0000,1.0000
ACT-000054,CLT-000045,INS-001,2023-11,766096,718598,47498,1.1549,1.0000,1.0000
ACT-000054,CLT-000045,INS-001,2023-12,837244,785335,51909,1.1789,1.0000,1.0000
ACT-000054,CLT-000045,INS-001,2024-01,881334,843225,38109,1.1549,1.0000,1.0239
ACT-000054,CLT-000045,INS-001,2024-02,964805,923087,41718,1.0895,1.0000,1.0239
ACT-000054,CLT-000045,INS-001,2024-03,613609,587076,26532,1.0000,1.0000,1.0239
ACT-000054,CLT-000045,INS-001,2024-04,578387,553377,25009,0.9105,1.0000,1.0239
ACT-000054,CLT-000045,INS-001,2024-05,626983,599872,27111,0.8451,1.0000,1.0239
ACT-000054,CLT-000045,INS-001,2024-06,597479,571644,25835,0.8211,1.0000,1.0239
ACT-000054,CLT-000045,INS-001,2024-07,593427,567767,25660,0.8451,1.0000,1.0239
ACT-000054,CLT-000045,INS-001,2024-08,613368,586846,26522,0.9106,1.0000,1.0239
ACT-000054,CLT-000045,INS-001,2024-09,660019,631479,28539,1.0000,1.0000,1.0239
ACT-000054,CLT-000045,INS-001,2024-10,933642,893271,40371,1.0895,1.0000,1.0239
ACT-000054,CLT-000045,INS-001,2024-11,808700,773732,34968,1.1549,1.0000,1.0239
ACT-000054,CLT-000045,INS-001,2024-12,828374,792555,35819,1.1789,1.0000,1.0239
ACT-000054,CLT-000045,INS-001,2025-01,750984,880528,-129545,1.1549,1.0000,1.0000
ACT-000054,CLT-000045,INS-001,2025-02,655593,768683,-113090,1.0895,1.0000,1.0000
ACT-000054,CLT-000045,INS-001,2025-03,586376,687526,-101150,1.0000,1.0000,1.0000
ACT-000054,CLT-000045,INS-001,2025-04,664630,779279,-114649,0.9105,1.0000,1.0000
ACT-000054,CLT-000045,INS-001,2025-05,718159,842041,-123882,0.8451,1.0000,1.0000
ACT-000054,CLT-000045,INS-001,2025-06,763432,895124,-131692,0.8211,1.0000,1.0000
ACT-000054,CLT-000045,INS-001,2025-07,738879,866336,-127457,0.8451,1.0000,1.0000
ACT-000054,CLT-000045,INS-001,2025-08,840058,984968,-144910,0.9106,1.0000,1.0000
ACT-000054,CLT-000045,INS-001,2025-09,930577,1091102,-160525,1.0000,1.0000,1.0000
ACT-000054,CLT-000045,INS-001,2025-10,1095651,1284651,-189000,1.0895,1.0000,1.0000
ACT-000054,CLT-000045,INS-001,2025-11,621546,728763,-107217,1.1549,0.6414,1.0000
ACT-000054,CLT-000045,INS-001,2025-12,581286,681558,-100272,1.1789,0.6414,1.0000
ACT-000055,CLT-000045,INS-001,2022-10,103660,87508,16152,1.1439,1.0000,1.0000
ACT-000055,CLT-000045,INS-001,2022-11,87753,74080,13673,1.2492,1.0000,1.0000
ACT-000055,CLT-000045,INS-001,2022-12,77437,65371,12066,1.2878,1.0000,1.0000
ACT-000055,CLT-000045,INS-001,2023-01,69598,56537,13062,1.2492,1.0000,1.0000
ACT-000055,CLT-000045,INS-001,2023-02,62895,51092,11804,1.1439,1.0000,1.0000
ACT-000055,CLT-000045,INS-001,2023-03,62812,51024,11788,1.0000,1.0000,1.0000
ACT-000055,CLT-000045,INS-001,2023-04,51577,41897,9679,0.8561,1.0000,1.0000
ACT-000055,CLT-000045,INS-001,2023-05,51333,41700,9634,0.7508,1.0000,1.0000
ACT-000055,CLT-000045,INS-001,2023-06,55818,44453,11365,0.7122,1.0000,1.0000
ACT-000055,CLT-000045,INS-001,2023-07,58194,46345,11848,0.7508,1.0000,1.0000
ACT-000055,CLT-000045,INS-001,2023-08,62417,49709,12708,0.8561,1.0000,1.0000
ACT-000055,CLT-000045,INS-001,2023-09,81226,64688,16538,1.0000,1.0000,1.0000
ACT-000055,CLT-000045,INS-001,2023-10,93672,74601,19072,1.1439,1.0000,1.0000
ACT-000055,CLT-000045,INS-001,2023-11,71596,57019,14577,1.2492,1.0000,1.0000
ACT-000055,CLT-000045,INS-001,2023-12,84961,67663,17298,1.2878,1.0000,1.0000
ACT-000055,CLT-000045,INS-001,2024-01,88069,71541,16528,1.2492,1.0000,1.0239
ACT-000055,CLT-000045,INS-001,2024-02,73708,59875,13833,1.1439,1.0000,1.0239
ACT-000055,CLT-000045,INS-001,2024-03,72093,58563,13530,1.0000,1.0000,1.0239
ACT-000055,CLT-000045,INS-001,2024-04,54109,43954,10155,0.8561,1.0000,1.0239
ACT-000055,CLT-000045,INS-001,2024-05,49622,40310,9313,0.7508,1.0000,1.0239
ACT-000055,CLT-000045,INS-001,2024-06,45949,37326,8623,0.7122,1.0000,1.0239
ACT-000055,CLT-000045,INS-001,2024-07,42943,34884,8059,0.7508,1.0000,1.0239
ACT-000055,CLT-000045,INS-001,2024-08,52524,42667,9857,0.8561,1.0000,1.0239
ACT-000055,CLT-000045,INS-001,2024-09,89412,72632,16780,1.0000,1.0000,1.0239
ACT-000055,CLT-000045,INS-001,2024-10,80729,65579,15151,1.1439,1.0000,1.0239
ACT-000055,CLT-000045,INS-001,2024-11,107168,87055,20112,1.2492,1.0000,1.0239
ACT-000055,CLT-000045,INS-001,2024-12,111853,90861,20992,1.2878,1.0000,1.0239
ACT-000055,CLT-000045,INS-001,2025-01,113215,112705,509,1.2492,1.0000,1.0000
ACT-000055,CLT-000045,INS-001,2025-02,102897,102434,463,1.1439,1.0000,1.0000
ACT-000055,CLT-000045,INS-001,2025-03,76181,75838,343,1.0000,1.0000,1.0000
ACT-000055,CLT-000045,INS-001,2025-04,85728,85342,386,0.8561,1.0000,1.0000
ACT-000055,CLT-000045,INS-001,2025-05,70915,70596,319,0.7508,1.0000,1.0000
ACT-000055,CLT-000045,INS-001,2025-06,74157,73823,334,0.7122,1.0000,1.0000
ACT-000055,CLT-000045,INS-001,2025-07,60054,59784,270,0.7508,1.0000,1.0000
ACT-000055,CLT-000045,INS-001,2025-08,66916,66615,301,0.8561,1.0000,1.0000
ACT-000055,CLT-000045,INS-001,2025-09,66392,66093,299,1.0000,1.0000,1.0000
ACT-000055,CLT-000045,INS-001,2025-10,66599,66299,300,1.1439,1.0000,1.0000
ACT-000055,CLT-000045,INS-001,2025-11,51274,51044,231,1.2492,0.6414,1.0000
ACT-000055,CLT-000045,INS-001,2025-12,54844,54597,247,1.2878,0.6414,1.0000
ACT-000056,CLT-000046,INS-001,2022-11,189832,159126,30706,1.1199,1.0000,1.0000
ACT-000056,CLT-000046,INS-001,2022-12,197317,165400,31916,1.1384,1.0000,1.0000
ACT-000056,CLT-000046,INS-001,2023-01,211653,170722,40930,1.1199,1.0000,1.0000
ACT-000056,CLT-000046,INS-001,2023-02,197653,159430,38223,1.0692,1.0000,1.0000
ACT-000056,CLT-000046,INS-001,2023-03,168160,135640,32519,1.0000,1.0000,1.0000
ACT-000056,CLT-000046,INS-001,2023-04,130403,105185,25218,0.9308,1.0000,1.0000
ACT-000056,CLT-000046,INS-001,2023-05,163808,132131,31678,0.8801,1.0000,1.0000
ACT-000056,CLT-000046,INS-001,2023-06,158595,125417,33178,0.8616,1.0000,1.0000
ACT-000056,CLT-000046,INS-001,2023-07,244944,193701,51242,0.8801,1.0000,1.0000
ACT-000056,CLT-000046,INS-001,2023-08,238721,188781,49940,0.9308,1.0000,1.0000
ACT-000056,CLT-000046,INS-001,2023-09,218089,172465,45624,1.0000,1.0000,1.0000
ACT-000056,CLT-000046,INS-001,2023-10,215325,170279,45046,1.0692,1.0000,1.0000
ACT-000056,CLT-000046,INS-001,2023-11,222047,175595,46452,1.1199,1.0000,1.0000
ACT-000056,CLT-000046,INS-001,2023-12,220442,174326,46116,1.1384,1.0000,1.0000
ACT-000056,CLT-000046,INS-001,2024-01,242597,195683,46914,1.1199,1.0000,1.0239
ACT-000056,CLT-000046,INS-001,2024-02,206583,166633,39950,1.0692,1.0000,1.0239
ACT-000056,CLT-000046,INS-001,2024-03,187979,151627,36352,1.0000,1.0000,1.0239
ACT-000056,CLT-000046,INS-001,2024-04,163967,132258,31709,0.9308,1.0000,1.0239
ACT-000056,CLT-000046,INS-001,2024-05,159057,128298,30759,0.8801,1.0000,1.0239
ACT-000056,CLT-000046,INS-001,2024-06,175898,141882,34016,0.8616,1.0000,1.0239
ACT-000056,CLT-000046,INS-001,2024-07,149955,120956,28999,0.8801,1.0000,1.0239
ACT-000056,CLT-000046,INS-001,2024-08,163647,132000,31647,0.9308,1.0000,1.0239
ACT-000056,CLT-000046,INS-001,2024-09,215661,173955,41705,1.0000,1.0000,1.0239
ACT-000056,CLT-000046,INS-001,2024-10,128310,103497,24813,1.0692,0.5376,1.0239
ACT-000056,CLT-000046,INS-001,2024-11,89331,72056,17275,1.1199,0.5376,1.0239
ACT-000056,CLT-000046,INS-001,2024-12,91518,73820,17698,1.1384,0.5376,1.0239
ACT-000056,CLT-000046,INS-001,2025-01,127633,126165,1468,1.1199,0.5376,1.0000
ACT-000056,CLT-000046,INS-001,2025-02,181011,178929,2082,1.0692,1.0000,1.0000
ACT-000056,CLT-000046,INS-001,2025-03,162441,160573,1868,1.0000,1.0000,1.0000
ACT-000056,CLT-000046,INS-001,2025-04,149219,147503,1716,0.9308,1.0000,1.0000
ACT-000056,CLT-000046,INS-001,2025-05,130898,129392,1505,0.8801,1.0000,1.0000
ACT-000056,CLT-000046,INS-001,2025-06,133655,132118,1537,0.8616,1.0000,1.0000
ACT-000056,CLT-000046,INS-001,2025-07,143343,141694,1648,0.8801,1.0000,1.0000
ACT-000056,CLT-000046,INS-001,2025-08,176061,174036,2025,0.9308,1.0000,1.0000
ACT-000056,CLT-000046,INS-001,2025-09,172693,170707,1986,1.0000,1.0000,1.0000
ACT-000056,CLT-000046,INS-001,2025-10,202710,200379,2331,1.0692,1.0000,1.0000
ACT-000056,CLT-000046,INS-001,2025-11,217614,215111,2503,1.1199,1.0000,1.0000
ACT-000056,CLT-000046,INS-001,2025-12,173510,171514,1995,1.1384,1.0000,1.0000
ACT-000057,CLT-000047,INS-001,2022-12,558203,521461,36742,1.1819,1.0000,1.0000
ACT-000057,CLT-000047,INS-001,2023-01,566541,509278,57263,1.1575,1.0000,1.0000
ACT-000057,CLT-000047,INS-001,2023-02,572197,514363,57834,1.0910,1.0000,1.0000
ACT-000057,CLT-000047,INS-001,2023-03,371684,334117,37568,1.0000,1.0000,1.0000
ACT-000057,CLT-000047,INS-001,2023-04,613247,551264,61983,0.9090,1.0000,1.0000
ACT-000057,CLT-000047,INS-001,2023-05,987609,887788,99822,0.8425,1.0000,1.0000
ACT-000057,CLT-000047,INS-001,2023-06,497114,438106,59007,0.8181,1.0000,1.0000
ACT-000057,CLT-000047,INS-001,2023-07,877682,773501,104181,0.8425,1.0000,1.0000
ACT-000057,CLT-000047,INS-001,2023-08,1393902,1228445,165456,0.9091,1.0000,1.0000
ACT-000057,CLT-000047,INS-001,2023-09,501838,442270,59568,1.0000,1.0000,1.0000
ACT-000057,CLT-000047,INS-001,2023-10,828848,730464,98384,1.0910,1.0000,1.0000
ACT-000057,CLT-000047,INS-001,2023-11,1094262,964373,129889,1.1575,1.0000,1.0000
ACT-000057,CLT-000047,INS-001,2023-12,1000095,881383,118711,1.1819,1.0000,1.0000
ACT-000057,CLT-000047,INS-001,2024-01,649335,583704,65631,1.1575,1.0000,1.0239
ACT-000057,CLT-000047,INS-001,2024-02,403414,362639,40775,1.0910,1.0000,1.0239
ACT-000057,CLT-000047,INS-001,2024-03,385776,346785,38992,1.0000,1.0000,1.0239
ACT-000057,CLT-000047,INS-001,2024-04,473569,425703,47865,0.9090,1.0000,1.0239
ACT-000057,CLT-000047,INS-001,2024-05,427853,384608,43245,0.8425,1.0000,1.0239
ACT-000057,CLT-000047,INS-001,2024-06,702897,631853,71045,0.8181,1.0000,1.0239
ACT-000057,CLT-000047,INS-001,2024-07,692886,622853,70033,0.8425,1.0000,1.0239
ACT-000057,CLT-000047,INS-001,2024-08,810299,728399,81900,0.9091,1.0000,1.0239
ACT-000057,CLT-000047,INS-001,2024-09,1204529,1082783,121747,1.0000,1.0000,1.0239
ACT-000057,CLT-000047,INS-001,2024-10,890854,800812,90042,1.0910,1.0000,1.0239
ACT-000057,CLT-000047,INS-001,2024-11,384773,345883,38891,1.1575,1.0000,1.0239
ACT-000057,CLT-000047,INS-001,2024-12,284984,256179,28804,1.1819,1.0000,1.0239
ACT-000057,CLT-000047,INS-001,2025-01,465455,512756,-47302,1.1575,1.0000,1.0000
ACT-000058,CLT-000048,INS-001,2022-12,165427,123167,42259,1.0000,1.0000,1.0000
ACT-000058,CLT-000048,INS-001,2023-01,163355,117035,46320,0.9191,1.0000,1.0000
ACT-000058,CLT-000048,INS-001,2023-02,128146,91810,36336,0.8600,1.0000,1.0000
ACT-000058,CLT-000048,INS-001,2023-03,135298,96934,38364,0.8383,1.0000,1.0000
ACT-000058,CLT-000048,INS-001,2023-04,142325,101968,40356,0.8600,1.0000,1.0000
ACT-000058,CLT-000048,INS-001,2023-05,115098,82461,32636,0.9192,1.0000,1.0000
ACT-000058,CLT-000048,INS-001,2023-06,146485,102891,43594,1.0000,1.0000,1.0000
ACT-000058,CLT-000048,INS-001,2023-07,147468,103582,43887,1.0809,1.0000,1.0000
ACT-000058,CLT-000048,INS-001,2023-08,127425,89503,37922,1.1400,1.0000,1.0000
ACT-000058,CLT-000048,INS-001,2023-09,127448,89520,37929,1.1617,1.0000,1.0000
ACT-000058,CLT-000048,INS-001,2023-10,139958,98306,41651,1.1400,1.0000,1.0000
ACT-000058,CLT-000048,INS-001,2023-11,123679,86872,36807,1.0809,1.0000,1.0000
ACT-000058,CLT-000048,INS-001,2023-12,123328,86626,36702,1.0000,1.0000,1.0000
ACT-000058,CLT-000048,INS-001,2024-01,127612,91427,36185,0.9191,1.0000,1.0239
ACT-000059,CLT-000048,INS-001,2022-12,68787,61080,7707,1.2152,1.0000,1.0000
ACT-000059,CLT-000048,INS-001,2023-01,77236,65994,11241,1.1864,1.0000,1.0000
ACT-000059,CLT-000048,INS-001,2023-02,81920,69997,11923,1.1076,1.0000,1.0000
ACT-000059,CLT-000048,INS-001,2023-03,72432,61890,10542,1.0000,1.0000,1.0000
ACT-000059,CLT-000048,INS-001,2023-04,71271,60898,10373,0.8924,1.0000,1.0000
ACT-000059,CLT-000048,INS-001,2023-05,68001,58104,9897,0.8136,1.0000,1.0000
ACT-000059,CLT-000048,INS-001,2023-06,53094,44476,8617,0.7848,1.0000,1.0000
ACT-000059,CLT-000048,INS-001,2023-07,49374,41361,8013,0.8136,1.0000,1.0000
ACT-000059,CLT-000048,INS-001,2023-08,72755,60946,11808,0.8924,1.0000,1.0000
ACT-000059,CLT-000048,INS-001,2023-09,70712,59235,11476,1.0000,1.0000,1.0000
ACT-000059,CLT-000048,INS-001,2023-10,81861,68575,13286,1.1076,1.0000,1.0000
ACT-000059,CLT-000048,INS-001,2023-11,94007,78750,15257,1.1864,1.0000,1.0000
ACT-000059,CLT-000048,INS-001,2023-12,102524,85884,16640,1.2152,1.0000,1.0000
ACT-000059,CLT-000048,INS-001,2024-01,80586,68857,11729,1.1864,1.0000,1.0239
ACT-000060,CLT-000049,INS-001,2023-01,235552,235457,94,1.1848,1.0000,1.0000
ACT-000060,CLT-000049,INS-001,2023-02,255458,255356,102,1.1067,1.0000,1.0000
ACT-000060,CLT-000049,INS-001,2023-03,368923,368776,148,1.0000,1.0000,1.0000
ACT-000060,CLT-000049,INS-001,2023-04,194423,194345,78,0.8933,1.0000,1.0000
ACT-000060,CLT-000049,INS-001,2023-05,181868,181795,73,0.8152,1.0000,1.0000
ACT-000060,CLT-000049,INS-001,2023-06,219590,215199,4392,0.7866,1.0000,1.0000
ACT-000060,CLT-000049,INS-001,2023-07,236474,231744,4729,0.8152,1.0000,1.0000
ACT-000060,CLT-000049,INS-001,2023-08,255193,250090,5104,0.8933,1.0000,1.0000
ACT-000060,CLT-000049,INS-001,2023-09,335787,329071,6716,1.0000,1.0000,1.0000
ACT-000060,CLT-000049,INS-001,2023-10,368968,361589,7379,1.1067,1.0000,1.0000
ACT-000060,CLT-000049,INS-001,2023-11,391778,383942,7836,1.1848,1.0000,1.0000
ACT-000060,CLT-000049,INS-001,2023-12,502154,492111,10043,1.2134,1.0000,1.0000
ACT-000060,CLT-000049,INS-001,2024-01,400969,400808,160,1.1848,1.0000,1.0239
ACT-000060,CLT-000049,INS-001,2024-02,339603,339467,136,1.1067,1.0000,1.0239
ACT-000060,CLT-000049,INS-001,2024-03,306778,306655,123,1.0000,1.0000,1.0239
ACT-000060,CLT-000049,INS-001,2024-04,263100,262995,105,0.8933,1.0000,1.0239
ACT-000060,CLT-000049,INS-001,2024-05,369105,368957,148,0.8152,1.0000,1.0239
ACT-000060,CLT-000049,INS-001,2024-06,265641,265534,106,0.7866,1.0000,1.0239
ACT-000060,CLT-000049,INS-001,2024-07,244086,243988,98,0.8152,1.0000,1.0239
ACT-000060,CLT-000049,INS-001,2024-08,242438,242341,97,0.8933,1.0000,1.0239
ACT-000060,CLT-000049,INS-001,2024-09,297235,297116,119,1.0000,1.0000,1.0239
ACT-000060,CLT-000049,INS-001,2024-10,364342,364197,146,1.1067,1.0000,1.0239
ACT-000060,CLT-000049,INS-001,2024-11,420389,420221,168,1.1848,1.0000,1.0239
ACT-000060,CLT-000049,INS-001,2024-12,536429,536214,215,1.2134,1.0000,1.0239
ACT-000060,CLT-000049,INS-001,2025-01,467965,573257,-105292,1.1848,1.0000,1.0000
ACT-000060,CLT-000049,INS-001,2025-02,419071,513362,-94291,1.1067,1.0000,1.0000
ACT-000060,CLT-000049,INS-001,2025-03,465499,570237,-104737,1.0000,1.0000,1.0000
ACT-000060,CLT-000049,INS-001,2025-04,422751,517869,-95119,0.8933,1.0000,1.0000
ACT-000060,CLT-000049,INS-001,2025-05,389210,476782,-87572,0.8152,1.0000,1.0000
ACT-000060,CLT-000049,INS-001,2025-06,373514,457555,-84041,0.7866,1.0000,1.0000
ACT-000060,CLT-000049,INS-001,2025-07,312576,382906,-70330,0.8152,1.0000,1.0000
ACT-000060,CLT-000049,INS-001,2025-08,433343,530845,-97502,0.8933,1.0000,1.0000
ACT-000060,CLT-000049,INS-001,2025-09,413546,506594,-93048,1.0000,1.0000,1.0000
ACT-000060,CLT-000049,INS-001,2025-10,398638,488332,-89694,1.1067,1.0000,1.0000
ACT-000060,CLT-000049,INS-001,2025-11,494619,605908,-111289,1.1848,1.0000,1.0000
ACT-000060,CLT-000049,INS-001,2025-12,557403,682819,-125416,1.2134,1.0000,1.0000
ACT-000061,CLT-000050,INS-001,2023-01,127365,67633,59733,1.1863,1.0000,1.0000
ACT-000061,CLT-000050,INS-001,2023-02,116314,61764,54550,1.1076,1.0000,1.0000
ACT-000061,CLT-000050,INS-001,2023-03,106613,56613,50000,1.0000,1.0427,1.0000
ACT-000061,CLT-000050,INS-001,2023-04,89604,47581,42023,0.8924,1.0427,1.0000
ACT-000061,CLT-000050,INS-001,2023-05,75050,39852,35197,0.8137,1.0427,1.0000
ACT-000061,CLT-000050,INS-001,2023-06,72766,37882,34884,0.7849,1.0427,1.0000
ACT-000061,CLT-000050,INS-001,2023-07,66573,34658,31915,0.8137,1.0000,1.0000
ACT-000061,CLT-000050,INS-001,2023-08,79515,41395,38119,0.8925,1.0000,1.0000
ACT-000061,CLT-000050,INS-001,2023-09,63846,33238,30608,1.0000,1.0000,1.0000
ACT-000061,CLT-000050,INS-001,2023-10,81325,42338,38987,1.1076,1.0000,1.0000
ACT-000061,CLT-000050,INS-001,2023-11,97990,51013,46976,1.1863,1.2261,1.0000
ACT-000061,CLT-000050,INS-001,2023-12,121088,63038,58049,1.2151,1.2261,1.0000
ACT-000061,CLT-000050,INS-001,2024-01,80292,42636,37656,1.1863,0.8576,1.0239
ACT-000061,CLT-000050,INS-001,2024-02,54103,28729,25374,1.1076,0.6995,1.0239
ACT-000061,CLT-000050,INS-001,2024-03,72947,38736,34211,1.0000,1.0000,1.0239
ACT-000061,CLT-000050,INS-001,2024-04,76433,40587,35846,0.8924,1.0000,1.0239
ACT-000061,CLT-000050,INS-001,2024-05,83177,44168,39009,0.8137,1.0000,1.0239
ACT-000061,CLT-000050,INS-001,2024-06,122754,65184,57570,0.7849,1.0000,1.0239
ACT-000061,CLT-000050,INS-001,2024-07,100584,53411,47173,0.8137,1.0000,1.0239
ACT-000061,CLT-000050,INS-001,2024-08,124389,66052,58337,0.8925,1.0000,1.0239
ACT-000061,CLT-000050,INS-001,2024-09,95522,50724,44799,1.0000,1.0000,1.0239
ACT-000061,CLT-000050,INS-001,2024-10,94183,50012,44171,1.1076,1.0000,1.0239
ACT-000061,CLT-000050,INS-001,2024-11,112175,59566,52609,1.1863,1.0000,1.0239
ACT-000061,CLT-000050,INS-001,2024-12,123302,65475,57827,1.2151,1.0000,1.0239
ACT-000061,CLT-000050,INS-001,2025-01,105599,68718,36880,1.1863,1.0000,1.0000
ACT-000061,CLT-000050,INS-001,2025-02,111051,72266,38785,1.1076,1.0000,1.0000
ACT-000061,CLT-000050,INS-001,2025-03,121401,79002,42399,1.0000,1.0000,1.0000
ACT-000061,CLT-000050,INS-001,2025-04,100758,65568,35190,0.8924,1.0000,1.0000
ACT-000061,CLT-000050,INS-001,2025-05,68582,44630,23952,0.8137,1.0000,1.0000
ACT-000061,CLT-000050,INS-001,2025-06,67764,44097,23666,0.7849,1.0000,1.0000
ACT-000061,CLT-000050,INS-001,2025-07,81544,53065,28479,0.8137,1.0000,1.0000
ACT-000061,CLT-000050,INS-001,2025-08,72883,47429,25455,0.8925,1.0000,1.0000
ACT-000061,CLT-000050,INS-001,2025-09,66457,43247,23210,1.0000,1.0000,1.0000
ACT-000061,CLT-000050,INS-001,2025-10,103555,67389,36167,1.1076,1.0000,1.0000
ACT-000061,CLT-000050,INS-001,2025-11,84245,54822,29423,1.1863,1.0000,1.0000
ACT-000061,CLT-000050,INS-001,2025-12,135845,88401,47444,1.2151,1.0000,1.0000
ACT-000062,CLT-000051,INS-001,2023-02,98869,89905,8964,1.0000,1.0000,1.0000
ACT-000062,CLT-000051,INS-001,2023-03,102416,93130,9286,0.9185,1.0000,1.0000
ACT-000062,CLT-000051,INS-001,2023-04,87028,79138,7891,0.8589,1.0000,1.0000
ACT-000062,CLT-000051,INS-001,2023-05,93831,85323,8508,0.8371,1.0000,1.0000
ACT-000062,CLT-000051,INS-001,2023-06,102734,91587,11147,0.8589,1.0000,1.0000
ACT-000062,CLT-000051,INS-001,2023-07,120288,107237,13051,0.9186,1.0000,1.0000
ACT-000062,CLT-000051,INS-001,2023-08,105896,94406,11490,1.0000,1.0000,1.0000
ACT-000062,CLT-000051,INS-001,2023-09,132453,118082,14371,1.0815,1.0000,1.0000
ACT-000062,CLT-000051,INS-001,2023-10,108560,96781,11779,1.1411,1.0000,1.0000
ACT-000062,CLT-000051,INS-001,2023-11,135754,121025,14729,1.1629,1.0000,1.0000
ACT-000062,CLT-000051,INS-001,2023-12,112997,100737,12260,1.1411,1.0000,1.0000
ACT-000062,CLT-000051,INS-001,2024-01,90075,81908,8167,1.0815,0.7370,1.0239
ACT-000062,CLT-000051,INS-001,2024-02,66396,60376,6020,1.0000,0.5870,1.0239
ACT-000062,CLT-000051,INS-001,2024-03,88993,80924,8069,0.9185,0.7370,1.0239
ACT-000062,CLT-000051,INS-001,2024-04,105579,96006,9573,0.8589,1.0000,1.0239
ACT-000062,CLT-000051,INS-001,2024-05,108314,98493,9821,0.8371,1.0000,1.0239
ACT-000062,CLT-000051,INS-001,2024-06,98297,89385,8913,0.8589,1.0000,1.0239
ACT-000062,CLT-000051,INS-001,2024-07,86782,78913,7868,0.9186,1.0000,1.0239
ACT-000062,CLT-000051,INS-001,2024-08,122167,111090,11077,1.0000,1.0000,1.0239
ACT-000062,CLT-000051,INS-001,2024-09,124652,113350,11302,1.0815,1.0000,1.0239
ACT-000062,CLT-000051,INS-001,2024-10,106171,96544,9627,1.1411,1.0000,1.0239
ACT-000062,CLT-000051,INS-001,2024-11,116347,105798,10549,1.1629,1.0000,1.0239
ACT-000062,CLT-000051,INS-001,2024-12,125260,113902,11357,1.1411,1.0000,1.0239
ACT-000062,CLT-000051,INS-001,2025-01,135211,150676,-15465,1.0815,1.0000,1.0000
ACT-000062,CLT-000051,INS-001,2025-02,98520,109788,-11268,1.0000,1.0000,1.0000
ACT-000062,CLT-000051,INS-001,2025-03,61948,69034,-7085,0.9185,0.5712,1.0000
ACT-000062,CLT-000051,INS-001,2025-04,57367,63928,-6561,0.8589,0.5712,1.0000
ACT-000062,CLT-000051,INS-001,2025-05,64574,71960,-7386,0.8371,0.5712,1.0000
ACT-000062,CLT-000051,INS-001,2025-06,59737,66570,-6832,0.8589,0.5712,1.0000
ACT-000062,CLT-000051,INS-001,2025-07,63980,71298,-7318,0.9186,0.5712,1.0000
ACT-000062,CLT-000051,INS-001,2025-08,130737,145690,-14953,1.0000,1.0000,1.0000
ACT-000062,CLT-000051,INS-001,2025-09,131712,146777,-15065,1.0815,1.0000,1.0000
ACT-000062,CLT-000051,INS-001,2025-10,144260,160759,-16500,1.1411,1.0000,1.0000
ACT-000062,CLT-000051,INS-001,2025-11,143158,159532,-16374,1.1629,1.0000,1.0000
ACT-000062,CLT-000051,INS-001,2025-12,119873,133583,-13710,1.1411,1.0000,1.0000
ACT-000063,CLT-000052,INS-001,2023-02,923429,853265,70164,1.0000,1.0000,1.0000
ACT-000063,CLT-000052,INS-001,2023-03,500760,462711,38049,0.7612,1.0000,1.0000
ACT-000063,CLT-000052,INS-001,2023-04,360956,333530,27426,0.5865,1.0000,1.0000
ACT-000063,CLT-000052,INS-001,2023-05,295578,273119,22459,0.5225,1.0000,1.0000
ACT-000063,CLT-000052,INS-001,2023-06,490414,444266,46148,0.5865,1.0000,1.0000
ACT-000063,CLT-000052,INS-001,2023-07,523802,474513,49290,0.7613,1.0000,1.0000
ACT-000063,CLT-000052,INS-001,2023-08,821874,744536,77338,1.0000,1.0000,1.0000
ACT-000063,CLT-000052,INS-001,2023-09,1144894,1037160,107735,1.2388,1.0000,1.0000
ACT-000063,CLT-000052,INS-001,2023-10,919706,833162,86544,1.4135,1.0000,1.0000
ACT-000063,CLT-000052,INS-001,2023-11,1064748,964555,100193,1.4775,1.0000,1.0000
ACT-000063,CLT-000052,INS-001,2023-12,1274238,1154332,119906,1.4135,1.0000,1.0000
ACT-000063,CLT-000052,INS-001,2024-01,878989,812202,66787,1.2388,1.0000,1.0239
ACT-000063,CLT-000052,INS-001,2024-02,493523,456024,37499,1.0000,0.6504,1.0239
ACT-000063,CLT-000052,INS-001,2024-03,316026,292014,24012,0.7612,0.6504,1.0239
ACT-000063,CLT-000052,INS-001,2024-04,217460,200937,16523,0.5865,0.6504,1.0239
ACT-000063,CLT-000052,INS-001,2024-05,184590,170564,14026,0.5225,0.6504,1.0239
ACT-000063,CLT-000052,INS-001,2024-06,121719,112470,9248,0.5865,0.2756,1.0239
ACT-000063,CLT-000052,INS-001,2024-07,220624,203861,16763,0.7613,0.4237,1.0239
ACT-000063,CLT-000052,INS-001,2024-08,214466,198170,16296,1.0000,0.4237,1.0239
ACT-000063,CLT-000052,INS-001,2024-09,352831,326022,26809,1.2388,0.4237,1.0239
ACT-000063,CLT-000052,INS-001,2024-10,360680,333275,27405,1.4135,0.4237,1.0239
ACT-000063,CLT-000052,INS-001,2024-11,386144,356804,29340,1.4775,0.4237,1.0239
ACT-000063,CLT-000052,INS-001,2024-12,1163586,1075175,88412,1.4135,1.0000,1.0239
ACT-000063,CLT-000052,INS-001,2025-01,1107330,1253912,-146583,1.2388,1.0000,1.0000
ACT-000063,CLT-000052,INS-001,2025-02,964350,1092006,-127656,1.0000,1.0000,1.0000
ACT-000063,CLT-000052,INS-001,2025-03,636685,720966,-84281,0.7612,1.0000,1.0000
ACT-000063,CLT-000052,INS-001,2025-04,510608,578199,-67592,0.5865,1.0000,1.0000
ACT-000063,CLT-000052,INS-001,2025-05,301860,341818,-39959,0.5225,1.0000,1.0000
ACT-000063,CLT-000052,INS-001,2025-06,300896,340727,-39831,0.5865,1.0000,1.0000
ACT-000064,CLT-000053,INS-001,2023-04,208607,175968,32639,0.9166,1.0000,1.0000
ACT-000064,CLT-000053,INS-001,2023-05,178207,150324,27882,0.8555,1.0000,1.0000
ACT-000064,CLT-000053,INS-001,2023-06,121710,100654,21056,0.8332,1.0000,1.0000
ACT-000064,CLT-000053,INS-001,2023-07,107387,88809,18578,0.8555,1.0000,1.0000
ACT-000064,CLT-000053,INS-001,2023-08,98761,81675,17086,0.9166,1.0000,1.0000
ACT-000064,CLT-000053,INS-001,2023-09,120076,99303,20773,1.0000,1.0000,1.0000
ACT-000064,CLT-000053,INS-001,2023-10,189404,156637,32767,1.0834,1.0000,1.0000
ACT-000064,CLT-000053,INS-001,2023-11,206870,171082,35789,1.1445,1.0000,1.0000
ACT-000064,CLT-000053,INS-001,2023-12,168805,139602,29203,1.1668,1.0000,1.0000
ACT-000064,CLT-000053,INS-001,2024-01,204588,172578,32010,1.1445,1.0000,1.0239
ACT-000064,CLT-000053,INS-001,2024-02,207047,174652,32395,1.0834,1.0000,1.0239
ACT-000064,CLT-000053,INS-001,2024-03,166467,140422,26045,1.0000,1.0000,1.0239
ACT-000064,CLT-000053,INS-001,2024-04,215775,182015,33760,0.9166,1.0000,1.0239
ACT-000064,CLT-000053,INS-001,2024-05,184795,155882,28913,0.8555,1.0000,1.0239
ACT-000064,CLT-000053,INS-001,2024-06,191032,161143,29889,0.8332,1.0000,1.0239
ACT-000064,CLT-000053,INS-001,2024-07,201259,169770,31489,0.8555,1.0000,1.0239
ACT-000064,CLT-000053,INS-001,2024-08,251434,212095,39339,0.9166,1.0000,1.0239
ACT-000064,CLT-000053,INS-001,2024-09,233952,197348,36604,1.0000,1.0000,1.0239
ACT-000064,CLT-000053,INS-001,2024-10,315372,266029,49343,1.0834,1.0000,1.0239
ACT-000064,CLT-000053,INS-001,2024-11,440488,371569,68919,1.1445,1.0000,1.0239
ACT-000064,CLT-000053,INS-001,2024-12,425244,358711,66534,1.1668,1.0000,1.0239
ACT-000064,CLT-000053,INS-001,2025-01,358352,370446,-12094,1.1445,1.0000,1.0000
ACT-000064,CLT-000053,INS-001,2025-02,390042,403206,-13164,1.0834,1.0000,1.0000
ACT-000064,CLT-000053,INS-001,2025-03,310777,321266,-10489,1.0000,1.0000,1.0000
ACT-000064,CLT-000053,INS-001,2025-04,257997,266704,-8707,0.9166,1.0000,1.0000
ACT-000064,CLT-000053,INS-001,2025-05,167726,173387,-5661,0.8555,1.0000,1.0000
ACT-000064,CLT-000053,INS-001,2025-06,139044,143737,-4693,0.8332,1.0000,1.0000
ACT-000064,CLT-000053,INS-001,2025-07,294308,304241,-9933,0.8555,1.0000,1.0000
ACT-000064,CLT-000053,INS-001,2025-08,297182,307212,-10030,0.9166,1.0000,1.0000
ACT-000064,CLT-000053,INS-001,2025-09,333660,344921,-11261,1.0000,1.0000,1.0000
ACT-000064,CLT-000053,INS-001,2025-10,391753,404975,-13222,1.0834,1.0000,1.0000
ACT-000064,CLT-000053,INS-001,2025-11,470713,486599,-15887,1.1445,1.0000,1.0000
ACT-000064,CLT-000053,INS-001,2025-12,473178,489147,-15970,1.1668,1.0000,1.0000
ACT-000065,CLT-000054,INS-001,2023-04,65436,37638,27799,0.8707,1.0000,1.0000
ACT-000065,CLT-000054,INS-001,2023-05,48298,27780,20518,0.8507,1.0000,1.0000
ACT-000065,CLT-000054,INS-001,2023-06,48222,27192,21030,0.8707,1.0000,1.0000
ACT-000065,CLT-000054,INS-001,2023-07,44126,24883,19243,0.9254,1.0000,1.0000
ACT-000065,CLT-000054,INS-001,2023-08,52011,29329,22682,1.0000,1.0000,1.0000
ACT-000065,CLT-000054,INS-001,2023-09,47650,26870,20780,1.0747,1.0000,1.0000
ACT-000065,CLT-000054,INS-001,2023-10,44877,25306,19571,1.1293,1.0000,1.0000
ACT-000065,CLT-000054,INS-001,2023-11,61763,34828,26935,1.1493,1.0000,1.0000
ACT-000065,CLT-000054,INS-001,2023-12,44204,24927,19278,1.1293,1.0000,1.0000
ACT-000065,CLT-000054,INS-001,2024-01,39652,22807,16845,1.0747,1.0000,1.0239
ACT-000065,CLT-000054,INS-001,2024-02,46072,26500,19572,1.0000,1.0000,1.0239
ACT-000065,CLT-000054,INS-001,2024-03,25730,14799,10931,0.9253,1.0000,1.0239
ACT-000065,CLT-000054,INS-001,2024-04,42166,24253,17913,0.8707,1.0000,1.0239
ACT-000065,CLT-000054,INS-001,2024-05,43081,24779,18302,0.8507,1.0000,1.0239
ACT-000065,CLT-000054,INS-001,2024-06,48372,27822,20549,0.8707,1.0000,1.0239
ACT-000065,CLT-000054,INS-001,2024-07,51023,29347,21676,0.9254,1.0000,1.0239
ACT-000065,CLT-000054,INS-001,2024-08,48865,28106,20759,1.0000,1.0000,1.0239
ACT-000065,CLT-000054,INS-001,2024-09,57297,32956,24341,1.0747,1.0000,1.0239
ACT-000065,CLT-000054,INS-001,2024-10,57225,32915,24310,1.1293,1.0000,1.0239
ACT-000065,CLT-000054,INS-001,2024-11,72191,41522,30668,1.1493,1.0000,1.0239
ACT-000065,CLT-000054,INS-001,2024-12,68653,39488,29165,1.1293,1.0000,1.0239
ACT-000065,CLT-000054,INS-001,2025-01,70810,49912,20898,1.0747,1.0000,1.0000
ACT-000065,CLT-000054,INS-001,2025-02,79792,56243,23549,1.0000,1.0000,1.0000
ACT-000065,CLT-000054,INS-001,2025-03,45869,32332,13537,0.9253,1.0000,1.0000
ACT-000065,CLT-000054,INS-001,2025-04,48110,33912,14198,0.8707,1.0000,1.0000
ACT-000065,CLT-000054,INS-001,2025-05,51310,36167,15143,0.8507,1.0000,1.0000
ACT-000065,CLT-000054,INS-001,2025-06,41274,29093,12181,0.8707,1.0000,1.0000
ACT-000065,CLT-000054,INS-001,2025-07,45321,31946,13375,0.9254,1.0000,1.0000
ACT-000065,CLT-000054,INS-001,2025-08,42679,30083,12596,1.0000,1.0000,1.0000
ACT-000065,CLT-000054,INS-001,2025-09,40799,28758,12041,1.0747,1.0000,1.0000
ACT-000065,CLT-000054,INS-001,2025-10,35489,25015,10474,1.1293,1.0000,1.0000
ACT-000065,CLT-000054,INS-001,2025-11,47574,33534,14040,1.1493,1.0000,1.0000
ACT-000065,CLT-000054,INS-001,2025-12,60270,42483,17787,1.1293,1.0000,1.0000
ACT-000066,CLT-000055,INS-001,2025-08,528991,478539,50453,1.0444,1.0000,1.0000
ACT-000066,CLT-000055,INS-001,2025-09,493205,446165,47039,1.0513,1.0000,1.0000
ACT-000066,CLT-000055,INS-001,2025-10,449177,406337,42840,1.0444,1.0000,1.0000
ACT-000066,CLT-000055,INS-001,2025-11,358708,324497,34212,1.0256,1.0000,1.0000
ACT-000066,CLT-000055,INS-001,2025-12,336576,304475,32101,1.0000,1.0000,1.0000
ACT-000067,CLT-000055,INS-001,2025-08,25444,30682,-5238,0.9088,1.0000,1.0000
ACT-000067,CLT-000055,INS-001,2025-09,27312,32935,-5623,1.0000,1.0000,1.0000
ACT-000067,CLT-000055,INS-001,2025-10,29093,35083,-5990,1.0912,1.0000,1.0000
ACT-000067,CLT-000055,INS-001,2025-11,44307,53429,-9122,1.1580,1.0000,1.0000
ACT-000067,CLT-000055,INS-001,2025-12,48857,58915,-10058,1.1824,1.0000,1.0000
ACT-000068,CLT-000056,INS-001,2023-05,271064,239215,31849,0.8368,1.0000,1.0000
ACT-000068,CLT-000056,INS-001,2023-06,199967,173011,26956,0.8116,1.0000,1.0000
ACT-000068,CLT-000056,INS-001,2023-07,270081,233674,36407,0.8368,1.0000,1.0000
ACT-000068,CLT-000056,INS-001,2023-08,306634,265300,41334,0.9058,1.0000,1.0000
ACT-000068,CLT-000056,INS-001,2023-09,371084,321062,50022,1.0000,1.0000,1.0000
ACT-000068,CLT-000056,INS-001,2023-10,308768,267146,41622,1.0942,1.0000,1.0000
ACT-000068,CLT-000056,INS-001,2023-11,292937,253449,39488,1.1632,1.0000,1.0000
ACT-000068,CLT-000056,INS-001,2023-12,306131,264864,41266,1.1884,1.0000,1.0000
ACT-000068,CLT-000056,INS-001,2024-01,288270,254399,33871,1.1632,1.0000,1.0239
ACT-000068,CLT-000056,INS-001,2024-02,408395,360410,47985,1.0942,1.0000,1.0239
ACT-000068,CLT-000056,INS-001,2024-03,334133,294874,39259,1.0000,1.0000,1.0239
ACT-000068,CLT-000056,INS-001,2024-04,297931,262925,35006,0.9058,1.0000,1.0239
ACT-000068,CLT-000056,INS-001,2024-05,292425,258066,34359,0.8368,1.0000,1.0239
ACT-000068,CLT-000056,INS-001,2024-06,393172,346976,46196,0.8116,1.0000,1.0239
ACT-000068,CLT-000056,INS-001,2024-07,362521,319926,42595,0.8368,1.0000,1.0239
ACT-000068,CLT-000056,INS-001,2024-08,355895,314079,41816,0.9058,1.0000,1.0239
ACT-000068,CLT-000056,INS-001,2024-09,418003,368890,49114,1.0000,1.0000,1.0239
ACT-000068,CLT-000056,INS-001,2024-10,481905,425283,56622,1.0942,1.0000,1.0239
ACT-000068,CLT-000056,INS-001,2024-11,355562,313785,41777,1.1632,1.0000,1.0239
ACT-000068,CLT-000056,INS-001,2024-12,507713,448059,59654,1.1884,1.0000,1.0239
ACT-000068,CLT-000056,INS-001,2025-01,359777,389098,-29322,1.1632,1.0000,1.0000
ACT-000068,CLT-000056,INS-001,2025-02,397081,429443,-32362,1.0942,1.0000,1.0000
ACT-000068,CLT-000056,INS-001,2025-03,315946,341696,-25750,1.0000,1.0000,1.0000
ACT-000068,CLT-000056,INS-001,2025-04,337948,365491,-27543,0.9058,1.0000,1.0000
ACT-000068,CLT-000056,INS-001,2025-05,274296,296651,-22355,0.8368,1.0000,1.0000
ACT-000068,CLT-000056,INS-001,2025-06,260009,281200,-21191,0.8116,1.0000,1.0000
ACT-000068,CLT-000056,INS-001,2025-07,286688,310053,-23365,0.8368,1.0000,1.0000
ACT-000068,CLT-000056,INS-001,2025-08,325741,352289,-26548,0.9058,1.0000,1.0000
ACT-000068,CLT-000056,INS-001,2025-09,362688,392248,-29559,1.0000,1.0000,1.0000
ACT-000068,CLT-000056,INS-001,2025-10,299554,323968,-24414,1.0942,1.0000,1.0000
ACT-000068,CLT-000056,INS-001,2025-11,364795,394526,-29731,1.1632,1.0000,1.0000
ACT-000068,CLT-000056,INS-001,2025-12,377397,408155,-30758,1.1884,1.0000,1.0000
ACT-000069,CLT-000057,INS-001,2025-03,244532,261618,-17087,1.0000,1.0000,1.0000
ACT-000069,CLT-000057,INS-001,2025-04,197184,210962,-13778,0.9301,1.0000,1.0000
ACT-000069,CLT-000057,INS-001,2025-05,141998,151920,-9922,0.8790,1.0000,1.0000
ACT-000069,CLT-000057,INS-001,2025-06,143003,152996,-9992,0.8603,1.0000,1.0000
ACT-000069,CLT-000057,INS-001,2025-07,150233,160731,-10498,0.8790,1.0000,1.0000
ACT-000069,CLT-000057,INS-001,2025-08,136406,145938,-9531,0.9302,1.0000,1.0000
ACT-000069,CLT-000057,INS-001,2025-09,114611,122619,-8008,1.0000,1.0000,1.0000
ACT-000069,CLT-000057,INS-001,2025-10,157549,168557,-11009,1.0698,1.0000,1.0000
ACT-000069,CLT-000057,INS-001,2025-11,237014,253576,-16561,1.1210,1.0000,1.0000
ACT-000069,CLT-000057,INS-001,2025-12,102338,109489,-7151,1.1397,0.4985,1.0000
ACT-000070,CLT-000058,INS-001,2023-06,1721589,1390528,331062,0.7393,1.0000,1.0000
ACT-000070,CLT-000058,INS-001,2023-07,2106060,1701064,404995,0.7742,1.0000,1.0000
ACT-000070,CLT-000058,INS-001,2023-08,2462245,1988755,473490,0.8697,1.0000,1.0000
ACT-000070,CLT-000058,INS-001,2023-09,2298742,1856694,442048,1.0000,1.0000,1.0000
ACT-000070,CLT-000058,INS-001,2023-10,3281199,2650224,630975,1.1303,1.0000,1.0000
ACT-000070,CLT-000058,INS-001,2023-11,3998275,3229407,768868,1.2258,1.0000,1.0000
ACT-000070,CLT-000058,INS-001,2023-12,3924361,3169707,754655,1.2607,1.0000,1.0000
ACT-000070,CLT-000058,INS-001,2024-01,4342195,3577334,764860,1.2258,1.0000,1.0239
ACT-000070,CLT-000058,INS-001,2024-02,4049896,3336523,713373,1.1303,1.0000,1.0239
ACT-000070,CLT-000058,INS-001,2024-03,3105943,2558844,547099,1.0000,1.0000,1.0239
ACT-000070,CLT-000058,INS-001,2024-04,2870557,2364920,505637,0.8696,1.0000,1.0239
ACT-000070,CLT-000058,INS-001,2024-05,3049344,2512215,537130,0.7742,1.0000,1.0239
ACT-000070,CLT-000058,INS-001,2024-06,2410913,1986240,424673,0.7393,1.0000,1.0239
ACT-000070,CLT-000058,INS-001,2024-07,2889219,2380295,508924,0.7742,1.0000,1.0239
ACT-000070,CLT-000058,INS-001,2024-08,4038176,3326867,711308,0.8697,1.0000,1.0239
ACT-000070,CLT-000058,INS-001,2024-09,3197622,2634374,563248,1.0000,1.0000,1.0239
ACT-000070,CLT-000058,INS-001,2024-10,3934487,3241443,693044,1.1303,1.0000,1.0239
ACT-000070,CLT-000058,INS-001,2024-11,3767211,3103632,663579,1.2258,1.0000,1.0239
ACT-000070,CLT-000058,INS-001,2024-12,4229259,3484292,744967,1.2607,1.0000,1.0239
ACT-000070,CLT-000058,INS-001,2025-01,4728583,4774096,-45513,1.2258,1.0000,1.0000
ACT-000070,CLT-000058,INS-001,2025-02,4147043,4186958,-39915,1.1303,1.0000,1.0000
ACT-000070,CLT-000058,INS-001,2025-03,3949238,3987250,-38011,1.0000,1.0000,1.0000
ACT-000070,CLT-000058,INS-001,2025-04,3847992,3885029,-37037,0.8696,1.0000,1.0000
ACT-000070,CLT-000058,INS-001,2025-05,3547875,3582023,-34148,0.7742,1.0000,1.0000
ACT-000070,CLT-000058,INS-001,2025-06,3228143,3259214,-31071,0.7393,1.0941,1.0000
ACT-000070,CLT-000058,INS-001,2025-07,3798776,3835339,-36563,0.7742,1.0941,1.0000
ACT-000070,CLT-000058,INS-001,2025-08,3644870,3679952,-35082,0.8697,1.0941,1.0000
ACT-000070,CLT-000058,INS-001,2025-09,4361953,4403936,-41984,1.0000,1.0941,1.0000
ACT-000070,CLT-000058,INS-001,2025-10,5268483,5319192,-50709,1.1303,1.0941,1.0000
ACT-000070,CLT-000058,INS-001,2025-11,6293579,6354155,-60576,1.2258,1.0941,1.0000
ACT-000070,CLT-000058,INS-001,2025-12,5827223,5883310,-56087,1.2607,1.0000,1.0000
ACT-000071,CLT-000059,INS-001,2023-06,216941,181840,35101,0.7581,1.0000,1.0000
ACT-000071,CLT-000059,INS-001,2023-07,228095,191189,36906,0.7905,1.0000,1.0000
ACT-000071,CLT-000059,INS-001,2023-08,263545,220904,42642,0.8791,1.0000,1.0000
ACT-000071,CLT-000059,INS-001,2023-09,276235,231540,44695,1.0000,1.0000,1.0000
ACT-000071,CLT-000059,INS-001,2023-10,304870,255542,49328,1.1210,1.0000,1.0000
ACT-000071,CLT-000059,INS-001,2023-11,323217,270921,52297,1.2095,1.0000,1.0000
ACT-000071,CLT-000059,INS-001,2023-12,344162,288477,55685,1.2419,1.0000,1.0000
ACT-000071,CLT-000059,INS-001,2024-01,337849,288849,49000,1.2095,1.0000,1.0239
ACT-000071,CLT-000059,INS-001,2024-02,312561,267229,45333,1.1210,1.0000,1.0239
ACT-000071,CLT-000059,INS-001,2024-03,278724,238299,40425,1.0000,1.0000,1.0239
ACT-000071,CLT-000059,INS-001,2024-04,274917,235044,39873,0.8790,1.0000,1.0239
ACT-000071,CLT-000059,INS-001,2024-05,220171,188238,31933,0.7905,1.0000,1.0239
ACT-000071,CLT-000059,INS-001,2024-06,199304,170398,28906,0.7581,1.0000,1.0239
ACT-000071,CLT-000059,INS-001,2024-07,218265,186609,31656,0.7905,1.0000,1.0239
ACT-000071,CLT-000059,INS-001,2024-08,222568,190288,32280,0.8791,1.0000,1.0239
ACT-000071,CLT-000059,INS-001,2024-09,227700,194675,33025,1.0000,1.0000,1.0239
ACT-000071,CLT-000059,INS-001,2024-10,217763,186179,31583,1.1210,0.8483,1.0239
ACT-000071,CLT-000059,INS-001,2024-11,244764,209264,35500,1.2095,0.8483,1.0239
ACT-000071,CLT-000059,INS-001,2024-12,255816,218714,37103,1.2419,0.8483,1.0239
ACT-000071,CLT-000059,INS-001,2025-01,197953,207405,-9452,1.2095,0.8483,1.0000
ACT-000071,CLT-000059,INS-001,2025-02,191831,200990,-9160,1.1210,0.8483,1.0000
ACT-000071,CLT-000059,INS-001,2025-03,168504,176550,-8046,1.0000,0.8483,1.0000
ACT-000071,CLT-000059,INS-001,2025-04,183456,192216,-8760,0.8790,1.0000,1.0000
ACT-000071,CLT-000059,INS-001,2025-05,160682,168355,-7673,0.7905,1.0000,1.0000
ACT-000071,CLT-000059,INS-001,2025-06,143365,150210,-6846,0.7581,1.0000,1.0000
ACT-000071,CLT-000059,INS-001,2025-07,149694,156842,-7148,0.7905,1.0000,1.0000
ACT-000071,CLT-000059,INS-001,2025-08,170026,178144,-8119,0.8791,1.0000,1.0000
ACT-000071,CLT-000059,INS-001,2025-09,194410,203693,-9283,1.0000,1.0000,1.0000
ACT-000071,CLT-000059,INS-001,2025-10,195444,204776,-9332,1.1210,1.0000,1.0000
ACT-000071,CLT-000059,INS-001,2025-11,209812,219830,-10019,1.2095,1.0000,1.0000
ACT-000071,CLT-000059,INS-001,2025-12,219302,229774,-10472,1.2419,1.0000,1.0000
ACT-000072,CLT-000060,INS-001,2023-07,100145,87998,12148,0.8070,1.0000,1.0000
ACT-000072,CLT-000060,INS-001,2023-08,121811,107035,14776,0.8886,1.0000,1.0000
ACT-000072,CLT-000060,INS-001,2023-09,137579,120891,16688,1.0000,1.0000,1.0000
ACT-000072,CLT-000060,INS-001,2023-10,156936,137899,19036,1.1115,1.0000,1.0000
ACT-000072,CLT-000060,INS-001,2023-11,189414,166438,22976,1.1930,1.0000,1.0000
ACT-000072,CLT-000060,INS-001,2023-12,156226,137276,18950,1.2229,1.0000,1.0000
ACT-000072,CLT-000060,INS-001,2024-01,135434,121386,14048,1.1930,1.0000,1.0239
ACT-000072,CLT-000060,INS-001,2024-02,95214,85338,9876,1.1115,1.0000,1.0239
ACT-000072,CLT-000060,INS-001,2024-03,89291,80029,9262,1.0000,1.0000,1.0239
ACT-000072,CLT-000060,INS-001,2024-04,45548,40824,4725,0.8885,0.6187,1.0239
ACT-000072,CLT-000060,INS-001,2024-05,46652,41813,4839,0.8070,0.6187,1.0239
ACT-000072,CLT-000060,INS-001,2024-06,57181,51250,5931,0.7771,0.6187,1.0239
ACT-000072,CLT-000060,INS-001,2024-07,53554,47999,5555,0.8070,0.6187,1.0239
ACT-000072,CLT-000060,INS-001,2024-08,49955,44773,5182,0.8886,0.6187,1.0239
ACT-000072,CLT-000060,INS-001,2024-09,70093,62823,7271,1.0000,0.6187,1.0239
ACT-000072,CLT-000060,INS-001,2024-10,76249,68340,7909,1.1115,0.6187,1.0239
ACT-000072,CLT-000060,INS-001,2024-11,105828,94851,10977,1.1930,1.0000,1.0239
ACT-000072,CLT-000060,INS-001,2024-12,121632,109016,12616,1.2229,1.0000,1.0239
ACT-000072,CLT-000060,INS-001,2025-01,115697,127079,-11382,1.1930,1.0000,1.0000
ACT-000072,CLT-000060,INS-001,2025-02,113777,124970,-11193,1.1115,1.0000,1.0000
ACT-000072,CLT-000060,INS-001,2025-03,127446,139983,-12537,1.0000,1.0000,1.0000
ACT-000072,CLT-000060,INS-001,2025-04,104655,114951,-10295,0.8885,1.0000,1.0000
ACT-000072,CLT-000060,INS-001,2025-05,90825,99760,-8935,0.8070,1.0000,1.0000
ACT-000072,CLT-000060,INS-001,2025-06,99700,109508,-9808,0.7771,1.0000,1.0000
ACT-000072,CLT-000060,INS-001,2025-07,75582,83017,-7435,0.8070,1.0000,1.0000
ACT-000072,CLT-000060,INS-001,2025-08,92966,102111,-9145,0.8886,1.0000,1.0000
ACT-000072,CLT-000060,INS-001,2025-09,78090,85772,-7682,1.0000,1.0000,1.0000
ACT-000072,CLT-000060,INS-001,2025-10,107674,118267,-10592,1.1115,1.0380,1.0000
ACT-000072,CLT-000060,INS-001,2025-11,101877,111899,-10022,1.1930,1.0380,1.0000
ACT-000072,CLT-000060,INS-001,2025-12,101765,111776,-10011,1.2229,1.0380,1.0000
ACT-000073,CLT-000060,INS-001,2023-07,158567,112091,46476,1.1897,1.0000,1.0000
ACT-000073,CLT-000060,INS-001,2023-08,168767,119301,49466,1.2191,1.0000,1.0000
ACT-000073,CLT-000060,INS-001,2023-09,157606,111412,46194,1.1897,1.0000,1.0000
ACT-000073,CLT-000060,INS-001,2023-10,119406,84408,34998,1.1096,1.0000,1.0000
ACT-000073,CLT-000060,INS-001,2023-11,136770,96683,40087,1.0000,1.0000,1.0000
ACT-000073,CLT-000060,INS-001,2023-12,104331,73752,30579,0.8905,1.0000,1.0000
ACT-000073,CLT-000060,INS-001,2024-01,128741,92827,35914,0.8103,1.0000,1.0239
ACT-000073,CLT-000060,INS-001,2024-02,106257,76616,29642,0.7809,1.0000,1.0239
ACT-000073,CLT-000060,INS-001,2024-03,99072,71434,27637,0.8103,1.0000,1.0239
ACT-000073,CLT-000060,INS-001,2024-04,63182,45557,17625,0.8905,0.6187,1.0239
ACT-000073,CLT-000060,INS-001,2024-05,85405,61580,23825,1.0000,0.6187,1.0239
ACT-000073,CLT-000060,INS-001,2024-06,101627,73277,28350,1.1096,0.6187,1.0239
ACT-000073,CLT-000060,INS-001,2024-07,96805,69800,27005,1.1897,0.6187,1.0239
ACT-000073,CLT-000060,INS-001,2024-08,98193,70801,27392,1.2191,0.6187,1.0239
ACT-000073,CLT-000060,INS-001,2024-09,106425,76737,29689,1.1897,0.6187,1.0239
ACT-000073,CLT-000060,INS-001,2024-10,85074,61341,23732,1.1096,0.6187,1.0239
ACT-000073,CLT-000060,INS-001,2024-11,118466,85418,33047,1.0000,1.0000,1.0239
ACT-000073,CLT-000060,INS-001,2024-12,111640,80497,31143,0.8905,1.0000,1.0239
ACT-000073,CLT-000060,INS-001,2025-01,95153,84080,11073,0.8103,1.0000,1.0000
ACT-000073,CLT-000060,INS-001,2025-02,102488,90561,11927,0.7809,1.0000,1.0000
ACT-000073,CLT-000060,INS-001,2025-03,99069,87540,11529,0.8103,1.0000,1.0000
ACT-000073,CLT-000060,INS-001,2025-04,94590,83582,11008,0.8905,1.0000,1.0000
ACT-000073,CLT-000060,INS-001,2025-05,97879,86488,11391,1.0000,1.0000,1.0000
ACT-000073,CLT-000060,INS-001,2025-06,103472,91431,12042,1.1096,1.0000,1.0000
ACT-000073,CLT-000060,INS-001,2025-07,102406,90489,11918,1.1897,1.0000,1.0000
ACT-000073,CLT-000060,INS-001,2025-08,126800,112044,14756,1.2191,1.0000,1.0000
ACT-000073,CLT-000060,INS-001,2025-09,141297,124853,16443,1.1897,1.0000,1.0000
ACT-000073,CLT-000060,INS-001,2025-10,102177,90286,11891,1.1096,1.0380,1.0000
ACT-000073,CLT-000060,INS-001,2025-11,73543,64985,8559,1.0000,1.0380,1.0000
ACT-000073,CLT-000060,INS-001,2025-12,86490,76425,10065,0.8905,1.0380,1.0000
ACT-000074,CLT-000061,INS-001,2025-09,157204,146180,11024,1.1124,1.0000,1.0000
ACT-000074,CLT-000061,INS-001,2025-10,146742,136452,10290,1.0649,1.0000,1.0000
ACT-000074,CLT-000061,INS-001,2025-11,126055,117215,8840,1.0000,1.0000,1.0000
ACT-000074,CLT-000061,INS-001,2025-12,134847,125390,9456,0.9351,1.0000,1.0000
ACT-000075,CLT-000062,INS-001,2023-09,5658008,3910249,1747759,1.0190,1.0000,1.0000
ACT-000075,CLT-000062,INS-001,2023-10,2880328,1990595,889733,1.0165,1.0000,1.0000
ACT-000075,CLT-000062,INS-001,2023-11,1398759,966682,432077,1.0095,1.0000,1.0000
ACT-000075,CLT-000062,INS-001,2023-12,728303,503330,224973,1.0000,1.0000,1.0000
ACT-000075,CLT-000062,INS-001,2024-01,750703,529187,221516,0.9905,1.0000,1.0239
ACT-000075,CLT-000062,INS-001,2024-02,673410,474701,198708,0.9835,1.0000,1.0239
ACT-000075,CLT-000062,INS-001,2024-03,905399,638236,267163,0.9810,0.4724,1.0239
ACT-000075,CLT-000062,INS-001,2024-04,737885,520151,217734,0.9835,0.4724,1.0239
ACT-000075,CLT-000062,INS-001,2024-05,640234,451315,188919,0.9905,0.4724,1.0239
ACT-000075,CLT-000062,INS-001,2024-06,877721,618725,258996,1.0000,0.4724,1.0239
ACT-000075,CLT-000062,INS-001,2024-07,1101559,776513,325046,1.0095,0.4724,1.0239
ACT-000075,CLT-000062,INS-001,2024-08,2087284,1471372,615912,1.0165,1.0000,1.0239
ACT-000075,CLT-000062,INS-001,2024-09,1105904,779576,326328,1.0190,1.0000,1.0239
ACT-000075,CLT-000062,INS-001,2024-10,1090118,768448,321670,1.0165,1.0000,1.0239
ACT-000075,CLT-000062,INS-001,2024-11,1363878,961427,402450,1.0095,1.0000,1.0239
ACT-000075,CLT-000062,INS-001,2024-12,1100125,775503,324623,1.0000,1.0000,1.0239
ACT-000075,CLT-000062,INS-001,2025-01,687485,593901,93584,0.9905,0.6160,1.0000
ACT-000075,CLT-000062,INS-001,2025-02,1051430,908304,143126,0.9835,0.6160,1.0000
ACT-000075,CLT-000062,INS-001,2025-03,1360492,1175295,185197,0.9810,0.6160,1.0000
ACT-000075,CLT-000062,INS-001,2025-04,846297,731095,115202,0.9835,0.6160,1.0000
ACT-000075,CLT-000062,INS-001,2025-05,842360,727693,114666,0.9905,0.6160,1.0000
ACT-000075,CLT-000062,INS-001,2025-06,1263994,1091933,172061,1.0000,0.6160,1.0000
ACT-000075,CLT-000062,INS-001,2025-07,1676245,1448066,228179,1.0095,0.6160,1.0000
ACT-000075,CLT-000062,INS-001,2025-08,2767426,2390710,376716,1.0165,1.0000,1.0000
ACT-000075,CLT-000062,INS-001,2025-09,2425851,2095632,330219,1.0190,1.0000,1.0000
ACT-000075,CLT-000062,INS-001,2025-10,4192549,3621839,570711,1.0165,1.0000,1.0000
ACT-000075,CLT-000062,INS-001,2025-11,1751154,1512778,238376,1.0095,1.0000,1.0000
ACT-000075,CLT-000062,INS-001,2025-12,2193005,1894482,298523,1.0000,1.0000,1.0000
ACT-000076,CLT-000063,INS-001,2023-10,429159,393153,36006,1.0762,1.0000,1.0000
ACT-000076,CLT-000063,INS-001,2023-11,444055,406799,37256,1.1321,1.0000,1.0000
ACT-000076,CLT-000063,INS-001,2023-12,450079,412317,37762,1.1525,1.0000,1.0000
ACT-000076,CLT-000063,INS-001,2024-01,438522,409764,28757,1.1321,1.0000,1.0239
ACT-000076,CLT-000063,INS-001,2024-02,453621,423874,29748,1.0762,1.0000,1.0239
ACT-000076,CLT-000063,INS-001,2024-03,451647,422028,29618,1.0000,1.0000,1.0239
ACT-000076,CLT-000063,INS-001,2024-04,406350,379703,26648,0.9237,1.0000,1.0239
ACT-000076,CLT-000063,INS-001,2024-05,428528,400426,28102,0.8679,1.0000,1.0239
ACT-000076,CLT-000063,INS-001,2024-06,409620,382758,26862,0.8475,1.0000,1.0239
ACT-000076,CLT-000063,INS-001,2024-07,451343,421745,29598,0.8679,1.0000,1.0239
ACT-000076,CLT-000063,INS-001,2024-08,460022,429855,30167,0.9238,1.0000,1.0239
ACT-000076,CLT-000063,INS-001,2024-09,474895,443752,31143,1.0000,1.0000,1.0239
ACT-000076,CLT-000063,INS-001,2024-10,552479,516249,36230,1.0762,1.0000,1.0239
ACT-000076,CLT-000063,INS-001,2024-11,596373,557264,39109,1.1321,1.0000,1.0239
ACT-000076,CLT-000063,INS-001,2024-12,598352,559113,39239,1.1525,1.0000,1.0239
ACT-000076,CLT-000063,INS-001,2025-01,512815,587238,-74422,1.1321,1.0000,1.0000
ACT-000076,CLT-000063,INS-001,2025-02,550122,629958,-79836,1.0762,1.0000,1.0000
ACT-000076,CLT-000063,INS-001,2025-03,563586,645377,-81790,1.0000,1.0000,1.0000
ACT-000076,CLT-000063,INS-001,2025-04,485660,556141,-70481,0.9237,1.0000,1.0000
ACT-000076,CLT-000063,INS-001,2025-05,448135,513170,-65036,0.8679,1.0000,1.0000
ACT-000076,CLT-000063,INS-001,2025-06,452421,518079,-65658,0.8475,1.0000,1.0000
ACT-000076,CLT-000063,INS-001,2025-07,498847,571242,-72395,0.8679,1.0000,1.0000
ACT-000076,CLT-000063,INS-001,2025-08,474439,543292,-68853,0.9238,1.0000,1.0000
ACT-000076,CLT-000063,INS-001,2025-09,571326,654240,-82914,1.0000,1.0000,1.0000
ACT-000076,CLT-000063,INS-001,2025-10,599866,686921,-87056,1.0762,1.0000,1.0000
ACT-000076,CLT-000063,INS-001,2025-11,646509,740334,-93825,1.1321,1.0000,1.0000
ACT-000076,CLT-000063,INS-001,2025-12,461173,528100,-66928,1.1525,0.7680,1.0000
ACT-000077,CLT-000064,INS-001,2024-01,236452,184841,51611,1.2547,1.0000,1.0239
ACT-000077,CLT-000064,INS-001,2024-02,280843,219543,61300,1.0000,1.0000,1.0239
ACT-000077,CLT-000064,INS-001,2024-03,179348,140201,39147,0.7453,1.0000,1.0239
ACT-000077,CLT-000064,INS-001,2024-04,88178,68932,19247,0.5589,1.0000,1.0239
ACT-000077,CLT-000064,INS-001,2024-05,128371,100351,28020,0.4907,1.0000,1.0239
ACT-000077,CLT-000064,INS-001,2024-06,136378,106611,29768,0.5589,1.0000,1.0239
ACT-000077,CLT-000064,INS-001,2024-07,135878,106220,29658,0.7454,1.0000,1.0239
ACT-000077,CLT-000064,INS-001,2024-08,142066,111057,31009,1.0000,1.0000,1.0239
ACT-000077,CLT-000064,INS-001,2024-09,326766,255442,71324,1.2547,1.0000,1.0239
ACT-000077,CLT-000064,INS-001,2024-10,468062,365897,102165,1.4411,1.0000,1.0239
ACT-000077,CLT-000064,INS-001,2024-11,378127,295593,82535,1.5093,1.0000,1.0239
ACT-000077,CLT-000064,INS-001,2024-12,214086,167357,46729,1.4411,1.0000,1.0239
ACT-000077,CLT-000064,INS-001,2025-01,456579,437403,19176,1.2547,1.0000,1.0000
ACT-000077,CLT-000064,INS-001,2025-02,172547,165300,7247,1.0000,1.0000,1.0000
ACT-000077,CLT-000064,INS-001,2025-03,100392,96175,4216,0.7453,1.0000,1.0000
ACT-000077,CLT-000064,INS-001,2025-04,28381,27189,1192,0.5589,1.0000,1.0000
ACT-000077,CLT-000064,INS-001,2025-05,25446,24377,1069,0.4907,1.0000,1.0000
ACT-000077,CLT-000064,INS-001,2025-06,40430,38732,1698,0.5589,1.0000,1.0000
ACT-000077,CLT-000064,INS-001,2025-07,121188,116098,5090,0.7454,1.0000,1.0000
ACT-000077,CLT-000064,INS-001,2025-08,248157,237735,10423,1.0000,1.0000,1.0000
ACT-000077,CLT-000064,INS-001,2025-09,345957,331427,14530,1.2547,1.0000,1.0000
ACT-000077,CLT-000064,INS-001,2025-10,246729,236366,10363,1.4411,1.0613,1.0000
ACT-000077,CLT-000064,INS-001,2025-11,219389,210174,9214,1.5093,1.0613,1.0000
ACT-000078,CLT-000064,INS-001,2024-01,95812,84359,11453,1.0951,1.0000,1.0239
ACT-000078,CLT-000064,INS-001,2024-02,81723,71954,9769,1.0000,1.0000,1.0239
ACT-000078,CLT-000064,INS-001,2024-03,145560,128160,17400,0.9049,1.0000,1.0239
ACT-000078,CLT-000064,INS-001,2024-04,180189,158650,21539,0.8354,1.0000,1.0239
ACT-000078,CLT-000064,INS-001,2024-05,238927,210367,28560,0.8099,1.0000,1.0239
ACT-000078,CLT-000064,INS-001,2024-06,376859,331811,45048,0.8354,1.0000,1.0239
ACT-000078,CLT-000064,INS-001,2024-07,292482,257520,34962,0.9050,1.0000,1.0239
ACT-000078,CLT-000064,INS-001,2024-08,243399,214304,29095,1.0000,1.0000,1.0239
ACT-000078,CLT-000064,INS-001,2024-09,294161,258998,35163,1.0951,1.0000,1.0239
ACT-000078,CLT-000064,INS-001,2024-10,181723,160001,21722,1.1646,1.0000,1.0239
ACT-000078,CLT-000064,INS-001,2024-11,151661,133532,18129,1.1901,1.0000,1.0239
ACT-000078,CLT-000064,INS-001,2024-12,696244,613018,83226,1.1646,1.0000,1.0239
ACT-000078,CLT-000064,INS-001,2025-01,448601,484041,-35439,1.0951,1.0000,1.0000
ACT-000078,CLT-000064,INS-001,2025-02,368666,397791,-29125,1.0000,1.0000,1.0000
ACT-000078,CLT-000064,INS-001,2025-03,198124,213776,-15652,0.9049,1.0000,1.0000
ACT-000078,CLT-000064,INS-001,2025-04,214151,231069,-16918,0.8354,1.0000,1.0000
ACT-000078,CLT-000064,INS-001,2025-05,133347,143881,-10534,0.8099,1.0000,1.0000
ACT-000078,CLT-000064,INS-001,2025-06,153957,166119,-12163,0.8354,1.0000,1.0000
ACT-000078,CLT-000064,INS-001,2025-07,141805,153008,-11203,0.9050,1.0000,1.0000
ACT-000078,CLT-000064,INS-001,2025-08,221510,239010,-17499,1.0000,1.0000,1.0000
ACT-000078,CLT-000064,INS-001,2025-09,403483,435358,-31875,1.0951,1.0000,1.0000
ACT-000078,CLT-000064,INS-001,2025-10,205621,221865,-16244,1.1646,1.0613,1.0000
ACT-000078,CLT-000064,INS-001,2025-11,185768,200444,-14676,1.1901,1.0613,1.0000
ACT-000079,CLT-000065,INS-001,2025-09,164314,183395,-19081,1.1126,1.0000,1.0000
ACT-000079,CLT-000065,INS-001,2025-10,232172,259133,-26961,1.1951,1.0000,1.0000
ACT-000079,CLT-000065,INS-001,2025-11,192068,214372,-22304,1.2253,1.0000,1.0000
ACT-000079,CLT-000065,INS-001,2025-12,283701,316646,-32945,1.1951,1.0000,1.0000
ACT-000080,CLT-000066,INS-001,2024-01,292162,264956,27206,1.1172,1.0000,1.0239
ACT-000080,CLT-000066,INS-001,2024-02,192306,174399,17907,1.0000,1.0000,1.0239
ACT-000080,CLT-000066,INS-001,2024-03,245256,222419,22838,0.8828,1.0000,1.0239
ACT-000080,CLT-000066,INS-001,2024-04,227745,206538,21207,0.7970,1.0000,1.0239
ACT-000080,CLT-000066,INS-001,2024-05,154316,139946,14370,0.7656,1.0000,1.0239
ACT-000080,CLT-000066,INS-001,2024-06,168994,153258,15736,0.7970,1.0000,1.0239
ACT-000080,CLT-000066,INS-001,2024-07,238102,215930,22172,0.8828,1.0000,1.0239
ACT-000080,CLT-000066,INS-001,2024-08,299090,271239,27851,1.0000,1.0000,1.0239
ACT-000080,CLT-000066,INS-001,2024-09,315653,286260,29393,1.1172,1.0000,1.0239
ACT-000080,CLT-000066,INS-001,2024-10,427561,387748,39814,1.2030,1.0000,1.0239
ACT-000080,CLT-000066,INS-001,2024-11,419761,380674,39087,1.2344,1.0000,1.0239
ACT-000080,CLT-000066,INS-001,2024-12,502627,455823,46804,1.2030,1.0000,1.0239
ACT-000080,CLT-000066,INS-001,2025-01,433487,481766,-48280,1.1172,1.0000,1.0000
ACT-000080,CLT-000066,INS-001,2025-02,365580,406297,-40717,1.0000,1.0000,1.0000
ACT-000080,CLT-000066,INS-001,2025-03,378132,420246,-42114,0.8828,1.0000,1.0000
ACT-000080,CLT-000066,INS-001,2025-04,298977,332276,-33299,0.7970,1.0000,1.0000
ACT-000080,CLT-000066,INS-001,2025-05,271990,302283,-30293,0.7656,1.0000,1.0000
ACT-000080,CLT-000066,INS-001,2025-06,311499,346192,-34693,0.7970,1.0000,1.0000
ACT-000080,CLT-000066,INS-001,2025-07,366567,407393,-40826,0.8828,1.0000,1.0000
ACT-000080,CLT-000066,INS-001,2025-08,327815,364326,-36510,1.0000,1.0000,1.0000
ACT-000081,CLT-000067,INS-001,2024-01,195315,177367,17948,1.1014,1.0000,1.0239
ACT-000081,CLT-000067,INS-001,2024-02,207535,188464,19071,1.0000,1.0000,1.0239
ACT-000081,CLT-000067,INS-001,2024-03,167237,151869,15368,0.8986,1.0000,1.0239
ACT-000081,CLT-000067,INS-001,2024-04,152499,138485,14014,0.8245,1.0000,1.0239
ACT-000081,CLT-000067,INS-001,2024-05,171255,155518,15737,0.7973,1.0000,1.0239
ACT-000081,CLT-000067,INS-001,2024-06,189254,171863,17391,0.8245,1.0000,1.0239
ACT-000081,CLT-000067,INS-001,2024-07,174224,158214,16010,0.8987,1.0000,1.0239
ACT-000081,CLT-000067,INS-001,2024-08,198281,180060,18221,1.0000,1.0000,1.0239
ACT-000081,CLT-000067,INS-001,2024-09,229651,208548,21104,1.1014,1.0000,1.0239
ACT-000081,CLT-000067,INS-001,2024-10,250500,227481,23019,1.1755,1.0000,1.0239
ACT-000081,CLT-000067,INS-001,2024-11,268372,243710,24662,1.2027,1.0000,1.0239
ACT-000081,CLT-000067,INS-001,2024-12,269994,245183,24811,1.1755,1.0000,1.0239
ACT-000081,CLT-000067,INS-001,2025-01,249597,277770,-28173,1.1014,1.0000,1.0000
ACT-000081,CLT-000067,INS-001,2025-02,229200,255071,-25871,1.0000,1.0000,1.0000
ACT-000081,CLT-000067,INS-001,2025-03,231305,257414,-26109,0.8986,1.0000,1.0000
ACT-000081,CLT-000067,INS-001,2025-04,205732,228954,-23222,0.8245,1.0000,1.0000
ACT-000081,CLT-000067,INS-001,2025-05,194670,216644,-21973,0.7973,1.0000,1.0000
ACT-000081,CLT-000067,INS-001,2025-06,210643,234420,-23776,0.8245,1.0000,1.0000
ACT-000081,CLT-000067,INS-001,2025-07,223214,248409,-25195,0.8987,1.0000,1.0000
ACT-000081,CLT-000067,INS-001,2025-08,258037,287163,-29126,1.0000,1.0000,1.0000
ACT-000081,CLT-000067,INS-001,2025-09,300358,334260,-33903,1.1014,1.0000,1.0000
ACT-000081,CLT-000067,INS-001,2025-10,333074,370670,-37596,1.1755,1.0000,1.0000
ACT-000081,CLT-000067,INS-001,2025-11,371704,413660,-41956,1.2027,1.0000,1.0000
ACT-000081,CLT-000067,INS-001,2025-12,363433,404456,-41023,1.1755,1.0000,1.0000
ACT-000082,CLT-000068,INS-001,2024-02,44925,37108,7817,1.0000,1.0000,1.0239
ACT-000082,CLT-000068,INS-001,2024-03,51634,42649,8984,0.8898,1.0000,1.0239
ACT-000082,CLT-000068,INS-001,2024-04,44930,37112,7818,0.8091,1.0000,1.0239
ACT-000082,CLT-000068,INS-001,2024-05,32644,26964,5680,0.7796,1.0000,1.0239
ACT-000082,CLT-000068,INS-001,2024-06,28660,23673,4987,0.8091,1.0000,1.0239
ACT-000082,CLT-000068,INS-001,2024-07,31687,26173,5514,0.8898,1.0000,1.0239
ACT-000082,CLT-000068,INS-001,2024-08,30586,25264,5322,1.0000,1.0000,1.0239
ACT-000082,CLT-000068,INS-001,2024-09,30101,24863,5238,1.1102,0.8304,1.0239
ACT-000082,CLT-000068,INS-001,2024-10,32301,26680,5620,1.1909,0.8304,1.0239
ACT-000082,CLT-000068,INS-001,2024-11,40476,33433,7043,1.2204,0.8304,1.0239
ACT-000082,CLT-000068,INS-001,2024-12,43834,36207,7627,1.1909,0.8304,1.0239
ACT-000082,CLT-000068,INS-001,2025-01,35971,36412,-441,1.1102,0.8304,1.0000
ACT-000082,CLT-000068,INS-001,2025-02,28160,28505,-345,1.0000,0.8304,1.0000
ACT-000082,CLT-000068,INS-001,2025-03,27770,28110,-340,0.8898,0.8304,1.0000
ACT-000082,CLT-000068,INS-001,2025-04,34987,35416,-429,0.8091,1.2630,1.0000
ACT-000082,CLT-000068,INS-001,2025-05,32390,32787,-397,0.7796,1.2630,1.0000
ACT-000082,CLT-000068,INS-001,2025-06,37293,37750,-457,0.8091,1.2630,1.0000
ACT-000082,CLT-000068,INS-001,2025-07,45768,46328,-561,0.8898,1.0000,1.0000
ACT-000082,CLT-000068,INS-001,2025-08,34724,35150,-425,1.0000,1.0000,1.0000
ACT-000082,CLT-000068,INS-001,2025-09,25114,25421,-308,1.1102,1.0000,1.0000
ACT-000082,CLT-000068,INS-001,2025-10,37706,38168,-462,1.1909,1.0000,1.0000
ACT-000082,CLT-000068,INS-001,2025-11,32978,33382,-404,1.2204,1.0000,1.0000
ACT-000082,CLT-000068,INS-001,2025-12,43952,44491,-538,1.1909,1.0000,1.0000
ACT-000083,CLT-000069,INS-001,2024-02,357431,321705,35726,1.0000,1.0000,1.0239
ACT-000083,CLT-000069,INS-001,2024-03,348182,313381,34802,0.9808,1.0000,1.0239
ACT-000083,CLT-000069,INS-001,2024-04,329394,296470,32924,0.9668,1.0000,1.0239
ACT-000083,CLT-000069,INS-001,2024-05,292428,263199,29229,0.9617,1.0000,1.0239
ACT-000083,CLT-000069,INS-001,2024-06,276537,248897,27640,0.9668,1.0000,1.0239
ACT-000083,CLT-000069,INS-001,2024-07,411300,370190,41110,0.9808,1.0000,1.0239
ACT-000083,CLT-000069,INS-001,2024-08,452820,407560,45260,1.0000,1.0000,1.0239
ACT-000083,CLT-000069,INS-001,2024-09,339584,305642,33942,1.0192,1.0000,1.0239
ACT-000083,CLT-000069,INS-001,2024-10,394763,355306,39457,1.0332,1.0000,1.0239
ACT-000083,CLT-000069,INS-001,2024-11,403983,363604,40379,1.0383,1.0000,1.0239
ACT-000083,CLT-000069,INS-001,2024-12,341481,307350,34132,1.0332,1.0000,1.0239
ACT-000083,CLT-000069,INS-001,2025-01,379642,418745,-39103,1.0192,1.0000,1.0000
ACT-000083,CLT-000069,INS-001,2025-02,315274,347747,-32473,1.0000,1.0000,1.0000
ACT-000083,CLT-000069,INS-001,2025-03,286450,315955,-29504,0.9808,1.0000,1.0000
ACT-000083,CLT-000069,INS-001,2025-04,289920,319782,-29862,0.9668,1.0000,1.0000
ACT-000083,CLT-000069,INS-001,2025-05,298454,329195,-30741,0.9617,1.0000,1.0000
ACT-000083,CLT-000069,INS-001,2025-06,278818,307537,-28718,0.9668,1.0000,1.0000
ACT-000083,CLT-000069,INS-001,2025-07,294323,324639,-30315,0.9808,1.0000,1.0000
ACT-000083,CLT-000069,INS-001,2025-08,413892,456523,-42631,1.0000,1.0000,1.0000
ACT-000083,CLT-000069,INS-001,2025-09,437389,482440,-45051,1.0192,1.0000,1.0000
ACT-000083,CLT-000069,INS-001,2025-10,284495,313797,-29303,1.0332,1.0000,1.0000
ACT-000083,CLT-000069,INS-001,2025-11,362182,399487,-37305,1.0383,1.0000,1.0000
ACT-000083,CLT-000069,INS-001,2025-12,344521,380006,-35486,1.0332,1.0000,1.0000
ACT-000084,CLT-000070,INS-001,2024-03,1094294,804877,289417,0.8628,1.0000,1.0239
ACT-000084,CLT-000070,INS-001,2024-04,932215,685665,246550,0.8416,1.0000,1.0239
ACT-000084,CLT-000070,INS-001,2024-05,952264,700411,251853,0.8628,1.0000,1.0239
ACT-000084,CLT-000070,INS-001,2024-06,1044076,767941,276135,0.9208,1.0000,1.0239
ACT-000084,CLT-000070,INS-001,2024-07,1227222,902649,324573,1.0000,1.0000,1.0239
ACT-000084,CLT-000070,INS-001,2024-08,1329628,977971,351657,1.0792,1.0000,1.0239
ACT-000084,CLT-000070,INS-001,2024-09,1213722,892719,321003,1.1372,1.0000,1.0239
ACT-000084,CLT-000070,INS-001,2024-10,519728,382272,137457,1.1584,0.4282,1.0239
ACT-000084,CLT-000070,INS-001,2024-11,1119808,823643,296165,1.1372,1.0000,1.0239
ACT-000084,CLT-000070,INS-001,2024-12,1140722,839026,301696,1.0792,1.0000,1.0239
ACT-000084,CLT-000070,INS-001,2025-01,903555,814442,89113,1.0000,1.0000,1.0000
ACT-000084,CLT-000070,INS-001,2025-02,842989,759850,83140,0.9208,1.0000,1.0000
ACT-000084,CLT-000070,INS-001,2025-03,840678,757766,82912,0.8628,1.0000,1.0000
ACT-000084,CLT-000070,INS-001,2025-04,864284,779044,85240,0.8416,1.0000,1.0000
ACT-000084,CLT-000070,INS-001,2025-05,766740,691120,75620,0.8628,1.0000,1.0000
ACT-000084,CLT-000070,INS-001,2025-06,689663,621645,68018,0.9208,0.7713,1.0000
ACT-000084,CLT-000070,INS-001,2025-07,666197,600494,65704,1.0000,0.7713,1.0000
ACT-000084,CLT-000070,INS-001,2025-08,698462,629576,68886,1.0792,0.7713,1.0000
ACT-000084,CLT-000070,INS-001,2025-09,937621,845148,92473,1.1372,0.7713,1.0000
ACT-000084,CLT-000070,INS-001,2025-10,827895,746244,81651,1.1584,0.7713,1.0000
ACT-000084,CLT-000070,INS-001,2025-11,874587,788331,86256,1.1372,0.7713,1.0000
ACT-000084,CLT-000070,INS-001,2025-12,994086,896044,98042,1.0792,1.0000,1.0000
ACT-000085,CLT-000071,INS-001,2024-03,259114,172744,86370,0.9163,1.0000,1.0239
ACT-000085,CLT-000071,INS-001,2024-04,248559,165707,82852,0.9516,1.0000,1.0239
ACT-000085,CLT-000071,INS-001,2024-05,224526,149685,74841,1.0000,1.0000,1.0239
ACT-000085,CLT-000071,INS-001,2024-06,239397,159600,79798,1.0484,1.0000,1.0239
ACT-000085,CLT-000071,INS-001,2024-07,312127,208086,104041,1.0837,1.0000,1.0239
ACT-000085,CLT-000071,INS-001,2024-08,342006,228006,114000,1.0967,1.0000,1.0239
ACT-000085,CLT-000071,INS-001,2024-09,270845,180565,90280,1.0837,1.0000,1.0239
ACT-000085,CLT-000071,INS-001,2024-10,268762,179176,89586,1.0484,1.0000,1.0239
ACT-000085,CLT-000071,INS-001,2024-11,258573,172383,86189,1.0000,1.0000,1.0239
ACT-000085,CLT-000071,INS-001,2024-12,120699,80466,40232,0.9516,0.4691,1.0239
ACT-000085,CLT-000071,INS-001,2025-01,88951,72673,16278,0.9163,0.4691,1.0000
ACT-000085,CLT-000071,INS-001,2025-02,109394,89375,20019,0.9033,0.4691,1.0000
ACT-000085,CLT-000071,INS-001,2025-03,101310,82770,18540,0.9163,0.4691,1.0000
ACT-000085,CLT-000071,INS-001,2025-04,92315,75422,16894,0.9516,0.4691,1.0000
ACT-000086,CLT-000071,INS-001,2024-03,48767,42455,6312,0.8474,1.0000,1.0239
ACT-000086,CLT-000071,INS-001,2024-04,39696,34558,5138,0.7357,1.0000,1.0239
ACT-000086,CLT-000071,INS-001,2024-05,39101,34040,5061,0.6948,1.0000,1.0239
ACT-000086,CLT-000071,INS-001,2024-06,47574,41417,6158,0.7357,1.0000,1.0239
ACT-000086,CLT-000071,INS-001,2024-07,45489,39601,5888,0.8474,1.0000,1.0239
ACT-000086,CLT-000071,INS-001,2024-08,58818,51206,7613,1.0000,1.0000,1.0239
ACT-000086,CLT-000071,INS-001,2024-09,59242,51575,7668,1.1526,1.0000,1.0239
ACT-000086,CLT-000071,INS-001,2024-10,69777,60746,9031,1.2643,1.0000,1.0239
ACT-000086,CLT-000071,INS-001,2024-11,93560,81450,12109,1.3052,1.0000,1.0239
ACT-000086,CLT-000071,INS-001,2024-12,37047,32252,4795,1.2643,0.4691,1.0239
ACT-000086,CLT-000071,INS-001,2025-01,28158,30041,-1883,1.1526,0.4691,1.0000
ACT-000086,CLT-000071,INS-001,2025-02,26446,28214,-1769,1.0000,0.4691,1.0000
ACT-000086,CLT-000071,INS-001,2025-03,24279,25903,-1624,0.8474,0.4691,1.0000
ACT-000086,CLT-000071,INS-001,2025-04,19455,20757,-1301,0.7357,0.4691,1.0000
ACT-000087,CLT-000072,INS-001,2024-05,123527,123478,49,0.7883,1.0000,1.0239
ACT-000087,CLT-000072,INS-001,2024-06,113168,113123,45,0.7556,1.0000,1.0239
ACT-000087,CLT-000072,INS-001,2024-07,127886,127835,51,0.7883,1.0000,1.0239
ACT-000087,CLT-000072,INS-001,2024-08,136929,136874,55,0.8778,1.0000,1.0239
ACT-000087,CLT-000072,INS-001,2024-09,156080,156017,62,1.0000,1.0000,1.0239
ACT-000087,CLT-000072,INS-001,2024-10,185555,185481,74,1.1222,1.0000,1.0239
ACT-000087,CLT-000072,INS-001,2024-11,209271,209187,84,1.2117,1.0000,1.0239
ACT-000087,CLT-000072,INS-001,2024-12,209663,209579,84,1.2444,0.8675,1.0239
ACT-000087,CLT-000072,INS-001,2025-01,192170,235408,-43238,1.2117,0.8675,1.0000
ACT-000087,CLT-000072,INS-001,2025-02,195391,239354,-43963,1.1222,1.0000,1.0000
ACT-000087,CLT-000072,INS-001,2025-03,166464,203918,-37454,1.0000,1.0000,1.0000
ACT-000087,CLT-000072,INS-001,2025-04,159620,195535,-35915,0.8778,1.0000,1.0000
ACT-000087,CLT-000072,INS-001,2025-05,147222,180347,-33125,0.7883,1.0000,1.0000
ACT-000087,CLT-000072,INS-001,2025-06,137693,168674,-30981,0.7556,1.0000,1.0000
ACT-000087,CLT-000072,INS-001,2025-07,148585,182017,-33432,0.7883,1.0000,1.0000
ACT-000087,CLT-000072,INS-001,2025-08,165179,202345,-37165,0.8778,1.0000,1.0000
ACT-000087,CLT-000072,INS-001,2025-09,195656,239678,-44023,1.0000,1.0000,1.0000
ACT-000087,CLT-000072,INS-001,2025-10,199438,244312,-44874,1.1222,1.0000,1.0000
ACT-000087,CLT-000072,INS-001,2025-11,225131,275786,-50655,1.2117,1.0000,1.0000
ACT-000087,CLT-000072,INS-001,2025-12,228620,280060,-51440,1.2444,1.0000,1.0000
ACT-000088,CLT-000073,INS-001,2024-07,430682,392994,37688,0.8417,1.0000,1.0239
ACT-000088,CLT-000073,INS-001,2024-08,549294,501226,48068,0.9086,1.0000,1.0239
ACT-000088,CLT-000073,INS-001,2024-09,535524,488661,46863,1.0000,1.0000,1.0239
ACT-000088,CLT-000073,INS-001,2024-10,287175,262045,25130,1.0914,0.5088,1.0239
ACT-000088,CLT-000073,INS-001,2024-11,302107,275670,26437,1.1583,0.5088,1.0239
ACT-000088,CLT-000073,INS-001,2024-12,612286,558706,53580,1.1828,1.0000,1.0239
ACT-000088,CLT-000073,INS-001,2025-01,551250,616435,-65185,1.1583,1.0000,1.0000
ACT-000088,CLT-000073,INS-001,2025-02,479013,535656,-56643,1.0914,1.0000,1.0000
ACT-000088,CLT-000073,INS-001,2025-03,509456,569699,-60243,1.0000,1.0000,1.0000
ACT-000088,CLT-000073,INS-001,2025-04,454326,508050,-53724,0.9086,1.0000,1.0000
ACT-000088,CLT-000073,INS-001,2025-05,463905,518762,-54857,0.8417,1.0000,1.0000
ACT-000088,CLT-000073,INS-001,2025-06,421251,471064,-49813,0.8172,1.0000,1.0000
ACT-000088,CLT-000073,INS-001,2025-07,443321,495743,-52423,0.8417,1.0000,1.0000
ACT-000088,CLT-000073,INS-001,2025-08,672106,751582,-79477,0.9086,1.2364,1.0000
ACT-000088,CLT-000073,INS-001,2025-09,587671,657164,-69492,1.0000,1.2364,1.0000
ACT-000088,CLT-000073,INS-001,2025-10,648956,725695,-76739,1.0914,1.2364,1.0000
ACT-000088,CLT-000073,INS-001,2025-11,625030,698939,-73910,1.1583,1.2364,1.0000
ACT-000088,CLT-000073,INS-001,2025-12,748702,837236,-88534,1.1828,1.2364,1.0000
ACT-000089,CLT-000074,INS-001,2024-07,198562,168710,29852,0.9189,1.0000,1.0239
ACT-000089,CLT-000074,INS-001,2024-08,289426,245914,43512,1.0000,1.1146,1.0239
ACT-000089,CLT-000074,INS-001,2024-09,306622,260524,46098,1.0812,1.1146,1.0239
ACT-000089,CLT-000074,INS-001,2024-10,300366,255209,45157,1.1406,1.3275,1.0239
ACT-000089,CLT-000074,INS-001,2024-11,415922,353392,62530,1.1623,1.1910,1.0239
ACT-000089,CLT-000074,INS-001,2024-12,339272,288266,51006,1.1406,1.1910,1.0239
ACT-000089,CLT-000074,INS-001,2025-01,209275,217907,-8633,1.0812,1.1910,1.0000
ACT-000089,CLT-000074,INS-001,2025-02,231985,241554,-9569,1.0000,1.1910,1.0000
ACT-000089,CLT-000074,INS-001,2025-03,232268,241849,-9581,0.9188,1.1910,1.0000
ACT-000089,CLT-000074,INS-001,2025-04,238906,248761,-9855,0.8594,1.1910,1.0000
ACT-000089,CLT-000074,INS-001,2025-05,205719,214205,-8486,0.8377,1.0000,1.0000
ACT-000089,CLT-000074,INS-001,2025-06,157486,163982,-6496,0.8594,1.0000,1.0000
ACT-000089,CLT-000074,INS-001,2025-07,172513,179629,-7116,0.9189,1.0000,1.0000
ACT-000089,CLT-000074,INS-001,2025-08,149216,155371,-6155,1.0000,1.0000,1.0000
ACT-000089,CLT-000074,INS-001,2025-09,166692,173569,-6876,1.0812,1.0000,1.0000
ACT-000089,CLT-000074,INS-001,2025-10,159783,166374,-6591,1.1406,1.0000,1.0000
ACT-000089,CLT-000074,INS-001,2025-11,181873,189376,-7502,1.1623,1.0000,1.0000
ACT-000089,CLT-000074,INS-001,2025-12,231096,240629,-9533,1.1406,1.1772,1.0000
ACT-000090,CLT-000075,INS-001,2024-08,698369,594730,103639,0.9192,1.0000,1.0239
ACT-000090,CLT-000075,INS-001,2024-09,734211,625252,108958,1.0000,1.0000,1.0239
ACT-000090,CLT-000075,INS-001,2024-10,777370,662007,115363,1.0808,1.0000,1.0239
ACT-000090,CLT-000075,INS-001,2024-11,361331,307709,53622,1.1399,0.4381,1.0239
ACT-000090,CLT-000075,INS-001,2024-12,399828,340493,59335,1.1616,0.4381,1.0239
ACT-000090,CLT-000075,INS-001,2025-01,983581,1026490,-42909,1.1399,1.0000,1.0000
ACT-000090,CLT-000075,INS-001,2025-02,893316,932286,-38971,1.0808,1.0000,1.0000
ACT-000090,CLT-000075,INS-001,2025-03,887804,926534,-38730,1.0000,1.0000,1.0000
ACT-000090,CLT-000075,INS-001,2025-04,763312,796612,-33300,0.9192,1.0000,1.0000
ACT-000090,CLT-000075,INS-001,2025-05,671986,701301,-29315,0.8601,1.0000,1.0000
ACT-000090,CLT-000075,INS-001,2025-06,730739,762618,-31878,0.8384,1.0000,1.0000
ACT-000090,CLT-000075,INS-001,2025-07,750137,782861,-32725,0.8601,1.0000,1.0000
ACT-000090,CLT-000075,INS-001,2025-08,684088,713931,-29843,0.9192,1.0000,1.0000
ACT-000090,CLT-000075,INS-001,2025-09,893565,932546,-38982,1.0000,1.0000,1.0000
ACT-000090,CLT-000075,INS-001,2025-10,941151,982209,-41058,1.0808,1.0000,1.0000
ACT-000090,CLT-000075,INS-001,2025-11,1035724,1080908,-45183,1.1399,1.0000,1.0000
ACT-000090,CLT-000075,INS-001,2025-12,1224531,1277951,-53420,1.1616,1.1105,1.0000
ACT-000091,CLT-000076,INS-001,2024-09,687914,656554,31359,1.0000,1.0000,1.0239
ACT-000091,CLT-000076,INS-001,2024-10,847590,808952,38638,1.0956,1.0000,1.0239
ACT-000091,CLT-000076,INS-001,2024-11,788881,752919,35962,1.1656,1.0000,1.0239
ACT-000091,CLT-000076,INS-001,2024-12,894320,853552,40768,1.1912,1.0000,1.0239
ACT-000091,CLT-000076,INS-001,2025-01,841995,984819,-142823,1.1656,1.0000,1.0000
ACT-000091,CLT-000076,INS-001,2025-02,953283,1114983,-161701,1.0956,1.0000,1.0000
ACT-000091,CLT-000076,INS-001,2025-03,532809,623187,-90378,1.0000,1.0000,1.0000
ACT-000091,CLT-000076,INS-001,2025-04,639679,748184,-108506,0.9044,1.0000,1.0000
ACT-000091,CLT-000076,INS-001,2025-05,580672,679168,-98496,0.8344,1.0000,1.0000
ACT-000091,CLT-000076,INS-001,2025-06,625580,731694,-106114,0.8088,1.0000,1.0000
ACT-000091,CLT-000076,INS-001,2025-07,513689,600824,-87135,0.8344,1.0000,1.0000
ACT-000091,CLT-000076,INS-001,2025-08,598295,699781,-101486,0.9044,1.0000,1.0000
ACT-000091,CLT-000076,INS-001,2025-09,611903,715697,-103794,1.0000,0.8448,1.0000
ACT-000091,CLT-000076,INS-001,2025-10,558637,653396,-94759,1.0956,0.8448,1.0000
ACT-000091,CLT-000076,INS-001,2025-11,671166,785013,-113847,1.1656,0.8448,1.0000
ACT-000091,CLT-000076,INS-001,2025-12,747843,874696,-126853,1.1912,0.8448,1.0000
ACT-000092,CLT-000077,INS-001,2024-09,359506,330357,29149,1.0000,1.0000,1.0239
ACT-000092,CLT-000077,INS-001,2024-10,427339,392690,34650,1.1522,1.0000,1.0239
ACT-000092,CLT-000077,INS-001,2024-11,420483,386389,34094,1.2636,1.0000,1.0239
ACT-000092,CLT-000077,INS-001,2024-12,544305,500172,44133,1.3044,1.0000,1.0239
ACT-000092,CLT-000077,INS-001,2025-01,445222,501375,-56154,1.2636,1.0000,1.0000
ACT-000092,CLT-000077,INS-001,2025-02,403766,454690,-50925,1.1522,1.0000,1.0000
ACT-000092,CLT-000077,INS-001,2025-03,269086,303025,-33938,1.0000,0.6653,1.0000
ACT-000092,CLT-000077,INS-001,2025-04,212645,239465,-26820,0.8478,0.6653,1.0000
ACT-000092,CLT-000077,INS-001,2025-05,168251,189472,-21221,0.7364,0.6653,1.0000
ACT-000092,CLT-000077,INS-001,2025-06,225663,254125,-28462,0.6956,1.0000,1.0000
ACT-000092,CLT-000077,INS-001,2025-07,215077,242204,-27127,0.7364,1.0000,1.0000
ACT-000092,CLT-000077,INS-001,2025-08,311929,351271,-39342,0.8478,1.0000,1.0000
ACT-000092,CLT-000077,INS-001,2025-09,367561,413920,-46359,1.0000,1.0000,1.0000
ACT-000092,CLT-000077,INS-001,2025-10,518275,583642,-65367,1.1522,1.0000,1.0000
ACT-000092,CLT-000077,INS-001,2025-11,563065,634082,-71017,1.2636,1.0000,1.0000
ACT-000092,CLT-000077,INS-001,2025-12,542076,610445,-68369,1.3044,1.0000,1.0000
ACT-000093,CLT-000078,INS-001,2024-10,300310,225909,74402,1.1870,1.0000,1.0239
ACT-000093,CLT-000078,INS-001,2024-11,274897,206791,68106,1.1079,1.0000,1.0239
ACT-000093,CLT-000078,INS-001,2024-12,236969,178260,58709,1.0000,1.0000,1.0239
ACT-000093,CLT-000078,INS-001,2025-01,206721,190571,16150,0.8920,1.0000,1.0000
ACT-000093,CLT-000078,INS-001,2025-02,177710,163827,13884,0.8130,0.9294,1.0000
ACT-000093,CLT-000078,INS-001,2025-03,191798,176813,14984,0.7841,1.0000,1.0000
ACT-000093,CLT-000078,INS-001,2025-04,233032,214826,18206,0.8130,1.0000,1.0000
ACT-000093,CLT-000078,INS-001,2025-05,271784,250551,21233,0.8921,1.0000,1.0000
ACT-000093,CLT-000078,INS-001,2025-06,260757,240385,20372,1.0000,1.0000,1.0000
ACT-000093,CLT-000078,INS-001,2025-07,309779,285577,24201,1.1079,1.0000,1.0000
ACT-000093,CLT-000078,INS-001,2025-08,355622,327839,27783,1.1870,1.0000,1.0000
ACT-000093,CLT-000078,INS-001,2025-09,324447,299099,25347,1.2159,1.0000,1.0000
ACT-000093,CLT-000078,INS-001,2025-10,324165,298839,25325,1.1870,1.0000,1.0000
ACT-000093,CLT-000078,INS-001,2025-11,269851,248769,21082,1.1079,1.0000,1.0000
ACT-000093,CLT-000078,INS-001,2025-12,254664,234769,19896,1.0000,1.0000,1.0000
ACT-000094,CLT-000079,INS-001,2024-10,381748,294685,87063,1.0861,1.0000,1.0239
ACT-000094,CLT-000079,INS-001,2024-11,303292,234122,69170,1.0746,0.7840,1.0239
ACT-000094,CLT-000079,INS-001,2024-12,324724,250666,74058,1.0431,0.7840,1.0239
ACT-000094,CLT-000079,INS-001,2025-01,305278,288793,16485,1.0000,0.7840,1.0000
ACT-000094,CLT-000079,INS-001,2025-02,369697,349733,19964,0.9569,0.8714,1.0000
ACT-000094,CLT-000079,INS-001,2025-03,295583,279621,15961,0.9254,0.8714,1.0000
ACT-000094,CLT-000079,INS-001,2025-04,376647,356308,20339,0.9139,1.1115,1.0000
ACT-000094,CLT-000079,INS-001,2025-05,343301,324763,18538,0.9254,1.1115,1.0000
ACT-000094,CLT-000079,INS-001,2025-06,462676,437691,24984,0.9569,1.3306,1.0000
ACT-000094,CLT-000079,INS-001,2025-07,406140,384208,21932,1.0000,1.3306,1.0000
ACT-000094,CLT-000079,INS-001,2025-08,351831,332832,18999,1.0431,1.1032,1.0000
ACT-000094,CLT-000079,INS-001,2025-09,340576,322184,18391,1.0746,0.9925,1.0000
ACT-000094,CLT-000079,INS-001,2025-10,264814,250514,14300,1.0861,0.8290,1.0000
ACT-000094,CLT-000079,INS-001,2025-11,286591,271115,15476,1.0746,0.8290,1.0000
ACT-000094,CLT-000079,INS-001,2025-12,253480,239792,13688,1.0431,0.8290,1.0000
ACT-000095,CLT-000080,INS-001,2024-11,83913,72435,11477,1.2627,1.0000,1.0239
ACT-000095,CLT-000080,INS-001,2024-12,97296,83989,13308,1.3033,1.1419,1.0239
ACT-000095,CLT-000080,INS-001,2025-01,78052,82569,-4517,1.2627,1.1419,1.0000
ACT-000095,CLT-000080,INS-001,2025-02,76848,81295,-4448,1.1517,1.1419,1.0000
ACT-000095,CLT-000080,INS-001,2025-03,71823,75979,-4157,1.0000,1.1419,1.0000
ACT-000095,CLT-000080,INS-001,2025-04,61453,65009,-3557,0.8483,1.1419,1.0000
ACT-000095,CLT-000080,INS-001,2025-05,48112,50897,-2784,0.7373,1.1419,1.0000
ACT-000095,CLT-000080,INS-001,2025-06,49095,51937,-2841,0.6967,1.1419,1.0000
ACT-000095,CLT-000080,INS-001,2025-07,55843,59074,-3232,0.7373,1.1419,1.0000
ACT-000095,CLT-000080,INS-001,2025-08,57288,60604,-3316,0.8484,1.0000,1.0000
ACT-000095,CLT-000080,INS-001,2025-09,67152,71038,-3886,1.0000,1.0000,1.0000
ACT-000095,CLT-000080,INS-001,2025-10,93861,99293,-5432,1.1517,1.0000,1.0000
ACT-000095,CLT-000080,INS-001,2025-11,108325,114594,-6269,1.2627,1.0000,1.0000
ACT-000095,CLT-000080,INS-001,2025-12,115399,122078,-6679,1.3033,1.0000,1.0000
ACT-000096,CLT-000081,INS-001,2025-01,575750,590720,-14970,1.0676,1.0000,1.0000
ACT-000096,CLT-000081,INS-001,2025-02,332167,340804,-8636,1.0000,1.0000,1.0000
ACT-000096,CLT-000081,INS-001,2025-03,300806,308627,-7821,0.9324,1.0000,1.0000
ACT-000096,CLT-000081,INS-001,2025-04,338800,347609,-8809,0.8829,1.1767,1.0000
ACT-000096,CLT-000081,INS-001,2025-05,433257,444522,-11265,0.8648,1.1767,1.0000
ACT-000096,CLT-000081,INS-001,2025-06,254159,260767,-6608,0.8829,1.1767,1.0000
ACT-000096,CLT-000081,INS-001,2025-07,189160,194078,-4918,0.9324,1.1767,1.0000
ACT-000096,CLT-000081,INS-001,2025-08,344472,353429,-8956,1.0000,1.1767,1.0000
ACT-000096,CLT-000081,INS-001,2025-09,554695,569117,-14422,1.0676,1.1767,1.0000
ACT-000096,CLT-000081,INS-001,2025-10,599503,615090,-15587,1.1171,1.1767,1.0000
ACT-000096,CLT-000081,INS-001,2025-11,367715,377276,-9561,1.1352,1.0000,1.0000
ACT-000096,CLT-000081,INS-001,2025-12,362482,371907,-9425,1.1171,1.0000,1.0000
ACT-000097,CLT-000082,INS-001,2025-01,1273081,1366653,-93571,1.0913,1.0000,1.0000
ACT-000097,CLT-000082,INS-001,2025-02,866606,930301,-63696,1.0000,1.0000,1.0000
ACT-000097,CLT-000082,INS-001,2025-03,668132,717240,-49108,0.9087,1.0000,1.0000
ACT-000097,CLT-000082,INS-001,2025-04,554088,594814,-40726,0.8420,1.0000,1.0000
ACT-000097,CLT-000082,INS-001,2025-05,612183,657179,-44995,0.8175,1.0000,1.0000
ACT-000097,CLT-000082,INS-001,2025-06,908026,974765,-66740,0.8420,1.0000,1.0000
ACT-000097,CLT-000082,INS-001,2025-07,969634,1040902,-71268,0.9088,1.0000,1.0000
ACT-000097,CLT-000082,INS-001,2025-08,960171,1030744,-70573,1.0000,1.0000,1.0000
ACT-000097,CLT-000082,INS-001,2025-09,890301,955738,-65437,1.0913,1.0000,1.0000
ACT-000097,CLT-000082,INS-001,2025-10,1115276,1197249,-81973,1.1580,1.0000,1.0000
ACT-000097,CLT-000082,INS-001,2025-11,1088534,1168542,-80007,1.1825,1.0000,1.0000
ACT-000097,CLT-000082,INS-001,2025-12,795079,853517,-58438,1.1580,1.0000,1.0000
ACT-000098,CLT-000082,INS-001,2025-01,18988,19726,-738,1.0846,1.0000,1.0000
ACT-000098,CLT-000082,INS-001,2025-02,16606,17252,-646,1.0000,1.0000,1.0000
ACT-000098,CLT-000082,INS-001,2025-03,18967,19705,-737,0.9154,1.0000,1.0000
ACT-000098,CLT-000082,INS-001,2025-04,15088,15674,-587,0.8536,1.0000,1.0000
ACT-000098,CLT-000082,INS-001,2025-05,14576,15143,-567,0.8309,1.0000,1.0000
ACT-000098,CLT-000082,INS-001,2025-06,13922,14464,-541,0.8536,1.0000,1.0000
ACT-000098,CLT-000082,INS-001,2025-07,14433,14995,-561,0.9155,1.0000,1.0000
ACT-000098,CLT-000082,INS-001,2025-08,16381,17018,-637,1.0000,1.0000,1.0000
ACT-000098,CLT-000082,INS-001,2025-09,19254,20002,-748,1.0846,1.0000,1.0000
ACT-000098,CLT-000082,INS-001,2025-10,21212,22037,-825,1.1464,1.0000,1.0000
ACT-000098,CLT-000082,INS-001,2025-11,21137,21959,-822,1.1691,1.0000,1.0000
ACT-000098,CLT-000082,INS-001,2025-12,17819,18512,-693,1.1464,1.0000,1.0000
ACT-000099,CLT-000083,INS-001,2025-01,440873,488156,-47284,1.0660,1.0992,1.0000
ACT-000099,CLT-000083,INS-001,2025-02,431586,477874,-46288,1.0000,1.0992,1.0000
ACT-000099,CLT-000083,INS-001,2025-03,426009,471698,-45689,0.9340,1.0992,1.0000
ACT-000099,CLT-000083,INS-001,2025-04,377690,418198,-40507,0.8857,1.0992,1.0000
ACT-000099,CLT-000083,INS-001,2025-05,364479,403569,-39090,0.8680,1.0992,1.0000
ACT-000099,CLT-000083,INS-001,2025-06,334476,370348,-35873,0.8857,1.0000,1.0000
ACT-000099,CLT-000083,INS-001,2025-07,364923,404061,-39138,0.9340,1.0000,1.0000
ACT-000099,CLT-000083,INS-001,2025-08,404101,447441,-43340,1.0000,1.0000,1.0000
ACT-000099,CLT-000083,INS-001,2025-09,409782,453731,-43949,1.0660,1.0000,1.0000
ACT-000099,CLT-000083,INS-001,2025-10,468662,518926,-50264,1.1143,1.0000,1.0000
ACT-000099,CLT-000083,INS-001,2025-11,423497,468917,-45420,1.1320,1.0000,1.0000
ACT-000099,CLT-000083,INS-001,2025-12,321398,355867,-34470,1.1143,0.7948,1.0000
ACT-000100,CLT-000084,INS-001,2025-03,219727,255872,-36145,1.0000,1.0000,1.0000
ACT-000100,CLT-000084,INS-001,2025-04,327104,380913,-53809,0.9034,1.0000,1.0000
ACT-000100,CLT-000084,INS-001,2025-05,323616,376851,-53235,0.8327,1.0000,1.0000
ACT-000100,CLT-000084,INS-001,2025-06,292150,340209,-48059,0.8068,1.0000,1.0000
ACT-000100,CLT-000084,INS-001,2025-07,377485,439581,-62096,0.8327,1.0000,1.0000
ACT-000100,CLT-000084,INS-001,2025-08,316050,368040,-51990,0.9034,1.0000,1.0000
ACT-000100,CLT-000084,INS-001,2025-09,220461,256727,-36266,1.0000,1.0000,1.0000
ACT-000100,CLT-000084,INS-001,2025-10,321798,374734,-52936,1.0966,1.0000,1.0000
ACT-000100,CLT-000084,INS-001,2025-11,669809,779992,-110184,1.1673,1.0000,1.0000
ACT-000100,CLT-000084,INS-001,2025-12,330931,385369,-54438,1.1932,1.0000,1.0000
ACT-000101,CLT-000085,INS-001,2025-04,142196,148044,-5848,0.9257,1.0000,1.0000
ACT-000101,CLT-000085,INS-001,2025-05,111813,116411,-4598,0.8713,1.0000,1.0000
ACT-000101,CLT-000085,INS-001,2025-06,110443,114985,-4542,0.8514,1.0000,1.0000
ACT-000101,CLT-000085,INS-001,2025-07,93095,96924,-3829,0.8713,1.0000,1.0000
ACT-000101,CLT-000085,INS-001,2025-08,118362,123230,-4868,0.9257,1.0000,1.0000
ACT-000101,CLT-000085,INS-001,2025-09,144354,150290,-5937,1.0000,1.0000,1.0000
ACT-000101,CLT-000085,INS-001,2025-10,117923,122773,-4850,1.0743,1.0000,1.0000
ACT-000101,CLT-000085,INS-001,2025-11,119217,124120,-4903,1.1287,1.0000,1.0000
ACT-000101,CLT-000085,INS-001,2025-12,96370,100333,-3963,1.1486,1.0000,1.0000
ACT-000102,CLT-000086,INS-001,2025-05,83793,80787,3006,0.7858,1.0000,1.0000
ACT-000102,CLT-000086,INS-001,2025-06,93537,90182,3356,0.7527,1.0000,1.0000
ACT-000102,CLT-000086,INS-001,2025-07,114200,110103,4097,0.7858,1.0000,1.0000
ACT-000102,CLT-000086,INS-001,2025-08,109067,105154,3913,0.8764,1.0000,1.0000
ACT-000102,CLT-000086,INS-001,2025-09,129323,124684,4639,1.0000,1.0000,1.0000
ACT-000102,CLT-000086,INS-001,2025-10,151591,146153,5438,1.1237,1.0000,1.0000
ACT-000102,CLT-000086,INS-001,2025-11,157942,152276,5666,1.2142,1.0000,1.0000
ACT-000102,CLT-000086,INS-001,2025-12,184833,178202,6631,1.2473,1.0000,1.0000
ACT-000103,CLT-000087,INS-001,2025-06,287930,298836,-10905,0.8184,1.0000,1.0000
ACT-000103,CLT-000087,INS-001,2025-07,308957,320658,-11702,0.8427,1.0000,1.0000
ACT-000103,CLT-000087,INS-001,2025-08,431734,448086,-16352,0.9092,1.0000,1.0000
ACT-000103,CLT-000087,INS-001,2025-09,428414,444641,-16226,1.0000,1.0000,1.0000
ACT-000103,CLT-000087,INS-001,2025-10,371272,385334,-14062,1.0908,1.0000,1.0000
ACT-000103,CLT-000087,INS-001,2025-11,512233,531634,-19401,1.1573,1.0000,1.0000
ACT-000103,CLT-000087,INS-001,2025-12,709957,736846,-26890,1.1816,1.2668,1.0000
ACT-000104,CLT-000088,INS-001,2025-06,480598,448338,32260,0.7680,1.2678,1.0000
ACT-000104,CLT-000088,INS-001,2025-07,401370,374428,26942,0.8660,1.2678,1.0000
ACT-000104,CLT-000088,INS-001,2025-08,371134,346221,24912,1.0000,1.2678,1.0000
ACT-000104,CLT-000088,INS-001,2025-09,456667,426013,30654,1.1340,1.2678,1.0000
ACT-000104,CLT-000088,INS-001,2025-10,717242,669097,48145,1.2320,1.2678,1.0000
ACT-000104,CLT-000088,INS-001,2025-11,930994,868501,62493,1.2679,1.2678,1.0000
ACT-000104,CLT-000088,INS-001,2025-12,578769,539919,38850,1.2320,1.2678,1.0000
ACT-000105,CLT-000089,INS-001,2025-07,42122,30044,12079,0.9230,1.0000,1.0000
ACT-000105,CLT-000089,INS-001,2025-08,57947,41331,16616,1.0000,1.0000,1.0000
ACT-000105,CLT-000089,INS-001,2025-09,56121,40029,16093,1.0771,1.0000,1.0000
ACT-000105,CLT-000089,INS-001,2025-10,55399,39513,15886,1.1335,1.0000,1.0000
ACT-000105,CLT-000089,INS-001,2025-11,42081,30014,12067,1.1541,1.0000,1.0000
ACT-000105,CLT-000089,INS-001,2025-12,51733,36899,14834,1.1335,1.0000,1.0000
ACT-000106,CLT-000090,INS-001,2025-07,193948,178844,15104,0.8970,1.0000,1.0000
ACT-000106,CLT-000090,INS-001,2025-08,214899,198164,16735,0.9405,1.0000,1.0000
ACT-000106,CLT-000090,INS-001,2025-09,232427,214327,18100,1.0000,1.0000,1.0000
ACT-000106,CLT-000090,INS-001,2025-10,216314,199468,16845,1.0595,1.0000,1.0000
ACT-000106,CLT-000090,INS-001,2025-11,261676,241298,20378,1.1030,1.0000,1.0000
ACT-000106,CLT-000090,INS-001,2025-12,272353,251143,21209,1.1189,1.0000,1.0000
ACT-000107,CLT-000090,INS-001,2025-07,101944,105117,-3173,0.9042,1.0000,1.0000
ACT-000107,CLT-000090,INS-001,2025-08,96158,99151,-2993,1.0000,1.0000,1.0000
ACT-000107,CLT-000090,INS-001,2025-09,105250,108526,-3276,1.0958,1.0000,1.0000
ACT-000107,CLT-000090,INS-001,2025-10,143425,147889,-4464,1.1659,1.0000,1.0000
ACT-000107,CLT-000090,INS-001,2025-11,132588,136715,-4127,1.1916,1.0000,1.0000
ACT-000107,CLT-000090,INS-001,2025-12,131388,135477,-4089,1.1659,1.0000,1.0000
ACT-000108,CLT-000091,INS-001,2025-08,623095,686261,-63166,1.0000,1.0000,1.0000
ACT-000108,CLT-000091,INS-001,2025-09,610294,672162,-61869,1.1048,1.0000,1.0000
ACT-000108,CLT-000091,INS-001,2025-10,720449,793484,-73036,1.1815,1.0000,1.0000
ACT-000108,CLT-000091,INS-001,2025-11,1127420,1241712,-114292,1.2096,1.0000,1.0000
ACT-000108,CLT-000091,INS-001,2025-12,781086,860269,-79183,1.1815,1.0000,1.0000
ACT-000109,CLT-000091,INS-001,2025-08,160720,144427,16293,1.2167,1.0000,1.0000
ACT-000109,CLT-000091,INS-001,2025-09,135960,122177,13783,1.2502,1.0000,1.0000
ACT-000109,CLT-000091,INS-001,2025-10,189408,170207,19201,1.2167,1.0000,1.0000
ACT-000109,CLT-000091,INS-001,2025-11,174456,156770,17685,1.1251,1.0000,1.0000
ACT-000109,CLT-000091,INS-001,2025-12,136116,122317,13799,1.0000,1.0000,1.0000
ACT-000110,CLT-000092,INS-001,2025-08,279243,295893,-16650,1.0000,1.0000,1.0000
ACT-000110,CLT-000092,INS-001,2025-09,305400,323609,-18209,1.0644,1.1970,1.0000
ACT-000110,CLT-000092,INS-001,2025-10,545881,578429,-32548,1.1115,1.1970,1.0000
ACT-000110,CLT-000092,INS-001,2025-11,454585,481689,-27105,1.1287,1.1970,1.0000
ACT-000110,CLT-000092,INS-001,2025-12,365723,387529,-21806,1.1115,1.1970,1.0000
ACT-000111,CLT-000093,INS-001,2025-09,336964,376979,-40015,1.0000,1.0000,1.0000
ACT-000111,CLT-000093,INS-001,2025-10,357846,400340,-42494,1.1019,1.0000,1.0000
ACT-000111,CLT-000093,INS-001,2025-11,419795,469645,-49851,1.1766,1.0000,1.0000
ACT-000111,CLT-000093,INS-001,2025-12,457100,511381,-54281,1.2039,1.0000,1.0000
ACT-000112,CLT-000094,INS-001,2025-09,782280,915463,-133183,1.1038,1.1197,1.0000
ACT-000112,CLT-000094,INS-001,2025-10,832952,974762,-141810,1.1799,1.1197,1.0000
ACT-000112,CLT-000094,INS-001,2025-11,864755,1011980,-147225,1.2077,1.1197,1.0000
ACT-000112,CLT-000094,INS-001,2025-12,856013,1001750,-145736,1.1799,1.1197,1.0000
ACT-000113,CLT-000095,INS-001,2025-09,77700,58324,19376,1.0000,1.0000,1.0000
ACT-000113,CLT-000095,INS-001,2025-10,59644,44771,14874,1.1551,1.0000,1.0000
ACT-000113,CLT-000095,INS-001,2025-11,80465,60399,20066,1.2686,1.0000,1.0000
ACT-000113,CLT-000095,INS-001,2025-12,94557,70977,23580,1.3102,1.0000,1.0000
ACT-000114,CLT-000096,INS-001,2025-10,621307,510637,110670,1.1005,1.0000,1.0000
ACT-000114,CLT-000096,INS-001,2025-11,684060,562211,121848,1.0580,1.0000,1.0000
ACT-000114,CLT-000096,INS-001,2025-12,633715,520834,112880,1.0000,1.0000,1.0000
ACT-000115,CLT-000096,INS-001,2025-10,143858,176226,-32368,1.1058,1.0000,1.0000
ACT-000115,CLT-000096,INS-001,2025-11,142056,174018,-31963,1.1222,1.0000,1.0000
ACT-000115,CLT-000096,INS-001,2025-12,161838,198251,-36413,1.1058,1.0000,1.0000
ACT-000116,CLT-000097,INS-001,2025-10,537039,580674,-43634,1.1604,1.0000,1.0000
ACT-000116,CLT-000097,INS-001,2025-11,408085,441242,-33157,1.2778,1.0000,1.0000
ACT-000116,CLT-000097,INS-001,2025-12,311682,337006,-25324,1.3208,1.0000,1.0000
ACT-000117,CLT-000098,INS-001,2025-10,221860,228904,-7044,1.1370,1.0000,1.0000
ACT-000117,CLT-000098,INS-001,2025-11,154097,158989,-4893,1.1582,1.0000,1.0000
ACT-000117,CLT-000098,INS-001,2025-12,192823,198946,-6122,1.1370,1.0000,1.0000
ACT-000118,CLT-000099,INS-001,2025-11,699341,772072,-72731,1.2761,1.1636,1.0000
ACT-000118,CLT-000099,INS-001,2025-12,645268,712376,-67108,1.2391,1.1636,1.0000
ACT-000119,CLT-000100,INS-001,2025-12,635775,734638,-98863,1.1448,1.0000,1.0000
