identifiant_client,identifiant_institution,mois,revenu_net_activites,autres_revenus_menage,charges_menage,capacite_mensuelle,coussin_estime
CLT-000003,INS-001,2021-01,91589,375252,35539,431302,107825
CLT-000003,INS-001,2021-02,109980,332802,42675,400107,207852
CLT-000003,INS-001,2021-03,91548,397109,35523,453134,321136
CLT-000003,INS-001,2021-04,74112,584727,28757,630082,478656
CLT-000003,INS-001,2021-05,76200,456999,29568,503632,604564
CLT-000003,INS-001,2021-06,74533,429339,28921,474951,723302
CLT-000003,INS-001,2021-07,72183,496158,28009,540332,858385
CLT-000003,INS-001,2021-08,87293,336303,33872,389724,955816
CLT-000003,INS-001,2021-09,104601,365071,40588,429085,1063087
CLT-000003,INS-001,2021-10,112383,445114,43608,513889,1191559
CLT-000003,INS-001,2021-11,120988,572603,46946,646644,1353220
CLT-000003,INS-001,2021-12,110559,437163,42900,504822,1479426
CLT-000003,INS-001,2022-01,93677,568781,36349,626109,1635953
CLT-000003,INS-001,2022-02,88592,442419,34376,496635,1760112
CLT-000003,INS-001,2022-03,75740,568149,29389,614500,1913737
CLT-000003,INS-001,2022-04,58926,399791,22865,435853,2022700
CLT-000003,INS-001,2022-05,28816,404431,11181,422066,2128216
CLT-000003,INS-001,2022-06,31462,544009,12208,563263,2269032
CLT-000003,INS-001,2022-07,34898,519415,13541,540772,2404225
CLT-000003,INS-001,2022-08,36262,327152,14071,349344,2491561
CLT-000003,INS-001,2022-09,71720,436023,27829,479914,2611540
CLT-000003,INS-001,2022-10,61455,390823,23846,428432,2718648
CLT-000003,INS-001,2022-11,56868,516891,22066,551693,2856571
CLT-000003,INS-001,2022-12,51610,329383,20026,360967,2946813
CLT-000003,INS-001,2023-01,94851,593540,36805,651586,3109709
CLT-000003,INS-001,2023-02,87251,577871,33856,631267,3267526
CLT-000003,INS-001,2023-03,82853,325650,32149,376354,3361614
CLT-000003,INS-001,2023-04,44270,489438,17178,516530,3490747
CLT-000003,INS-001,2023-05,68365,385781,26527,427619,3597652
CLT-000003,INS-001,2023-06,79710,472196,30930,520977,3727896
CLT-000003,INS-001,2023-07,92247,366351,35794,422804,3833597
CLT-000003,INS-001,2023-08,106763,577256,41427,642593,3994245
CLT-000003,INS-001,2023-09,110792,404656,42990,472458,4112359
CLT-000003,INS-001,2023-10,97038,553058,37653,612443,4265470
CLT-000003,INS-001,2023-11,120571,343848,46785,417634,4369879
CLT-000003,INS-001,2023-12,131354,335368,50969,415753,4473817
CLT-000003,INS-001,2024-01,112634,409834,43705,478763,4593508
CLT-000003,INS-001,2024-02,131475,564434,51016,644893,4754731
CLT-000003,INS-001,2024-03,84318,499580,32718,551181,4892526
CLT-000003,INS-001,2024-04,92144,446790,35754,503180,5018321
CLT-000003,INS-001,2024-05,86258,462079,33470,514866,5147038
CLT-000003,INS-001,2024-06,73363,395858,28467,440754,5257226
CLT-000003,INS-001,2024-07,82879,414649,32159,465369,5373569
CLT-000003,INS-001,2024-08,94707,339545,36749,397503,5472944
CLT-000004,INS-001,2021-01,124037,0,70938,53099,13275
CLT-000004,INS-001,2021-02,77588,0,44373,33215,21578
CLT-000004,INS-001,2021-03,61294,0,35055,26239,28138
CLT-000004,INS-001,2021-04,69014,0,39470,29544,35524
CLT-000004,INS-001,2021-05,71311,0,40784,30527,43156
CLT-000006,INS-001,2021-01,6857,0,4477,2380,595
CLT-000006,INS-001,2021-02,6992,0,4565,2427,1202
CLT-000006,INS-001,2021-03,4742,0,3096,1646,1613
CLT-000006,INS-001,2021-04,4051,0,2645,1406,1964
CLT-000006,INS-001,2021-05,4117,0,2688,1429,2322
CLT-000006,INS-001,2021-06,4882,0,3188,1694,2745
CLT-000006,INS-001,2021-07,5597,0,3655,1942,3231
CLT-000006,INS-001,2021-08,6623,0,4325,2298,3805
CLT-000006,INS-001,2021-09,6466,0,4222,2244,4366
CLT-000006,INS-001,2021-10,6892,0,4500,2392,4964
CLT-000006,INS-001,2021-11,6285,0,4104,2181,5510
CLT-000006,INS-001,2021-12,6805,0,4443,2362,6100
CLT-000006,INS-001,2022-01,6638,0,4334,2304,6676
CLT-000006,INS-001,2022-02,5838,0,3812,2026,7182
CLT-000006,INS-001,2022-03,5876,0,3837,2039,7692
CLT-000006,INS-001,2022-04,6183,0,4037,2146,8229
CLT-000006,INS-001,2022-05,8275,0,5403,2872,8947
CLT-000006,INS-001,2022-06,9311,0,6080,3231,9755
CLT-000006,INS-001,2022-07,10461,0,6831,3630,10662
CLT-000006,INS-001,2022-08,11404,0,7446,3958,11652
CLT-000006,INS-001,2022-09,9958,0,6502,3456,12515
CLT-000006,INS-001,2022-10,-7885,0,0,-7885,10544
CLT-000006,INS-001,2022-11,-6895,0,0,-6895,8820
CLT-000006,INS-001,2022-12,-5915,0,0,-5915,7342
CLT-000006,INS-001,2023-01,2585,0,1688,897,7566
CLT-000006,INS-001,2023-02,1971,0,1287,684,7737
CLT-000006,INS-001,2023-03,2064,0,1348,716,7916
CLT-000006,INS-001,2023-04,1984,0,1295,689,8088
CLT-000006,INS-001,2023-05,1810,0,1182,628,8245
CLT-000006,INS-001,2023-06,5547,0,3622,1925,8727
CLT-000006,INS-001,2023-07,5744,0,3751,1993,9225
CLT-000006,INS-001,2023-08,6250,0,4081,2169,9767
CLT-000006,INS-001,2023-09,7807,0,5098,2709,10444
CLT-000006,INS-001,2023-10,8097,0,5287,2810,11147
CLT-000006,INS-001,2023-11,7103,0,4638,2465,11763
CLT-000006,INS-001,2023-12,6236,0,4072,2164,12304
CLT-000006,INS-001,2024-01,3040,0,1985,1055,12568
CLT-000006,INS-001,2024-02,2256,0,1473,783,12764
CLT-000006,INS-001,2024-03,1413,0,923,490,12886
CLT-000006,INS-001,2024-04,1317,0,860,457,13001
CLT-000006,INS-001,2024-05,1840,0,1201,639,13160
CLT-000006,INS-001,2024-06,2378,0,1553,825,13367
CLT-000006,INS-001,2024-07,3320,0,2168,1152,13655
CLT-000006,INS-001,2024-08,3026,0,1976,1050,13917
CLT-000006,INS-001,2024-09,3157,0,2061,1096,14191
CLT-000006,INS-001,2024-10,2717,0,1774,943,14427
CLT-000006,INS-001,2024-11,2801,0,1829,972,14670
CLT-000006,INS-001,2024-12,2923,0,1909,1014,14923
CLT-000006,INS-001,2025-01,-37117,0,0,-37117,5644
CLT-000006,INS-001,2025-02,-31891,0,0,-31891,0
CLT-000006,INS-001,2025-03,-26761,0,0,-26761,0
CLT-000006,INS-001,2025-04,-29043,0,0,-29043,0
CLT-000006,INS-001,2025-05,-22159,0,0,-22159,0
CLT-000006,INS-001,2025-06,-22730,0,0,-22730,0
CLT-000006,INS-001,2025-07,-40959,0,0,-40959,0
CLT-000006,INS-001,2025-08,-46615,0,0,-46615,0
CLT-000006,INS-001,2025-09,-60578,0,0,-60578,0
CLT-000006,INS-001,2025-10,-65562,0,0,-65562,0
CLT-000006,INS-001,2025-11,-63137,0,0,-63137,0
CLT-000006,INS-001,2025-12,-60664,0,0,-60664,0
CLT-000008,INS-001,2021-01,90313,0,60382,29931,31483
CLT-000008,INS-001,2021-02,115828,0,77441,38387,41079
CLT-000008,INS-001,2021-03,140615,0,94013,46602,52730
CLT-000008,INS-001,2021-04,120711,0,80706,40005,62731
CLT-000008,INS-001,2021-05,73580,0,49195,24385,68827
CLT-000008,INS-001,2021-06,68956,0,46103,22853,74541
CLT-000008,INS-001,2021-07,107807,0,72078,35729,83473
CLT-000008,INS-001,2021-08,139979,0,93588,46391,95070
CLT-000008,INS-001,2021-09,114530,0,76573,37957,104560
CLT-000008,INS-001,2021-10,115928,0,77508,38420,114165
CLT-000008,INS-001,2021-11,145833,0,97502,48331,126247
CLT-000008,INS-001,2021-12,106560,0,71245,35315,135076
CLT-000008,INS-001,2022-01,99342,0,66419,32923,143307
CLT-000008,INS-001,2022-02,86466,0,57810,28656,150471
CLT-000008,INS-001,2022-03,91475,0,61159,30316,158050
CLT-000008,INS-001,2022-04,77711,0,51957,25754,164488
CLT-000008,INS-001,2022-05,76474,0,51130,25344,170825
CLT-000008,INS-001,2022-06,86917,0,58112,28805,178026
CLT-000008,INS-001,2022-07,63961,0,42764,21197,183325
CLT-000008,INS-001,2022-08,58099,0,38844,19255,188139
CLT-000008,INS-001,2022-09,99495,0,66521,32974,196382
CLT-000008,INS-001,2022-10,106345,0,71101,35244,205193
CLT-000008,INS-001,2022-11,102305,0,68400,33905,213670
CLT-000008,INS-001,2022-12,85496,0,57162,28334,220753
CLT-000008,INS-001,2023-01,58490,0,39106,19384,225599
CLT-000008,INS-001,2023-02,79392,0,53081,26311,232177
CLT-000008,INS-001,2023-03,51621,0,34513,17108,236454
CLT-000008,INS-001,2023-04,50856,0,34002,16854,240668
CLT-000008,INS-001,2023-05,64428,0,43076,21352,246006
CLT-000008,INS-001,2023-06,79306,0,53023,26283,252577
CLT-000008,INS-001,2023-07,89020,0,59518,29502,259952
CLT-000008,INS-001,2023-08,87882,0,58757,29125,267233
CLT-000008,INS-001,2023-09,113736,0,76042,37694,276657
CLT-000008,INS-001,2023-10,104074,0,69583,34491,285280
CLT-000008,INS-001,2023-11,83719,0,55973,27746,292216
CLT-000008,INS-001,2023-12,63332,0,42343,20989,297463
CLT-000008,INS-001,2024-01,78297,0,52348,25949,303950
CLT-000008,INS-001,2024-02,56379,0,37694,18685,308622
CLT-000008,INS-001,2024-03,30443,0,20354,10089,311144
CLT-000008,INS-001,2024-04,29742,0,19885,9857,313608
CLT-000008,INS-001,2024-05,37210,0,24878,12332,316691
CLT-000008,INS-001,2024-06,73774,0,49324,24450,322804
CLT-000008,INS-001,2024-07,97062,0,64894,32168,330845
CLT-000008,INS-001,2024-08,115908,0,77495,38413,340449
CLT-000008,INS-001,2024-09,91300,0,61042,30258,348013
CLT-000008,INS-001,2024-10,64676,0,43242,21434,353372
CLT-000008,INS-001,2024-11,129322,0,86463,42859,364087
CLT-000008,INS-001,2024-12,203322,0,135939,67383,380932
CLT-000008,INS-001,2025-01,19490,0,13031,6459,382547
CLT-000008,INS-001,2025-02,11271,0,7536,3735,383481
CLT-000008,INS-001,2025-03,10185,0,6810,3375,384325
CLT-000008,INS-001,2025-04,11193,0,7484,3709,385252
CLT-000008,INS-001,2025-05,22013,0,14718,7295,387076
CLT-000008,INS-001,2025-06,16933,0,11321,5612,388479
CLT-000008,INS-001,2025-07,16051,0,10732,5319,389809
CLT-000008,INS-001,2025-08,16868,0,11278,5590,391207
CLT-000008,INS-001,2025-09,17671,0,11815,5856,392671
CLT-000008,INS-001,2025-10,16406,0,10969,5437,394030
CLT-000008,INS-001,2025-11,12428,0,8309,4119,395060
CLT-000008,INS-001,2025-12,13562,0,9067,4495,396183
CLT-000009,INS-001,2021-01,114778,0,62946,51832,12958
CLT-000009,INS-001,2021-02,105086,0,57631,47455,24822
CLT-000009,INS-001,2021-03,106722,0,58528,48194,36870
CLT-000009,INS-001,2021-04,89680,0,49182,40498,46995
CLT-000009,INS-001,2021-05,92046,0,50479,41567,57386
CLT-000009,INS-001,2021-06,91809,0,50349,41460,67751
CLT-000009,INS-001,2021-07,96089,0,52697,43392,78599
CLT-000009,INS-001,2021-08,107221,0,58802,48419,90704
CLT-000009,INS-001,2021-09,140070,0,76817,63253,106518
CLT-000009,INS-001,2021-10,106363,0,58331,48032,118526
CLT-000009,INS-001,2021-11,127487,0,69916,57571,132918
CLT-000009,INS-001,2021-12,178252,0,97756,80496,153042
CLT-000009,INS-001,2022-01,142400,0,78094,64306,169119
CLT-000009,INS-001,2022-02,138293,0,75842,62451,184731
CLT-000010,INS-001,2021-01,117016,0,45454,71562,64890
CLT-000010,INS-001,2021-02,112276,0,43613,68663,82056
CLT-000010,INS-001,2021-03,81001,0,31465,49536,94440
CLT-000010,INS-001,2021-04,88549,0,34397,54152,107978
CLT-000010,INS-001,2021-05,65313,0,25371,39942,117964
CLT-000010,INS-001,2021-06,51335,0,19941,31394,125812
CLT-000010,INS-001,2021-07,52387,0,20350,32037,133822
CLT-000010,INS-001,2021-08,68045,0,26432,41613,144225
CLT-000010,INS-001,2021-09,65648,0,25501,40147,154262
CLT-000010,INS-001,2021-10,89868,0,34909,54959,168002
CLT-000010,INS-001,2021-11,85282,0,33127,52155,181040
CLT-000010,INS-001,2021-12,98246,0,38163,60083,196061
CLT-000010,INS-001,2022-01,89955,0,34943,55012,209814
CLT-000010,INS-001,2022-02,72734,0,28253,44481,220934
CLT-000010,INS-001,2022-03,67111,0,26069,41042,231195
CLT-000010,INS-001,2022-04,77629,0,30155,47474,243063
CLT-000010,INS-001,2022-05,70169,0,27257,42912,253791
CLT-000010,INS-001,2022-06,79325,0,30814,48511,265919
CLT-000010,INS-001,2022-07,68179,0,26484,41695,276343
CLT-000010,INS-001,2022-08,85497,0,33211,52286,289415
CLT-000010,INS-001,2022-09,98972,0,38445,60527,304546
CLT-000010,INS-001,2022-10,70074,0,27220,42854,315260
CLT-000010,INS-001,2022-11,70817,0,27509,43308,326087
CLT-000010,INS-001,2022-12,79277,0,30795,48482,338207
CLT-000010,INS-001,2023-01,110335,0,42859,67476,355076
CLT-000010,INS-001,2023-02,91993,0,35734,56259,369141
CLT-000010,INS-001,2023-03,76065,0,29547,46518,380770
CLT-000010,INS-001,2023-04,70986,0,27574,43412,391623
CLT-000010,INS-001,2023-05,73640,0,28605,45035,402882
CLT-000010,INS-001,2023-06,94936,0,36878,58058,417397
CLT-000010,INS-001,2023-07,87124,0,33843,53281,430717
CLT-000010,INS-001,2023-08,88966,0,34559,54407,444319
CLT-000010,INS-001,2023-09,100791,0,39152,61639,459729
CLT-000010,INS-001,2023-10,125977,0,48935,77042,478989
CLT-000010,INS-001,2023-11,139532,0,54201,85331,500322
CLT-000010,INS-001,2023-12,137720,0,53497,84223,521378
CLT-000010,INS-001,2024-01,104474,0,40583,63891,537350
CLT-000010,INS-001,2024-02,95513,0,37102,58411,551953
CLT-000010,INS-001,2024-03,78223,0,30385,47838,563913
CLT-000010,INS-001,2024-04,44338,0,17223,27115,570691
CLT-000010,INS-001,2024-05,47936,0,18621,29315,578020
CLT-000010,INS-001,2024-06,43635,0,16950,26685,584692
CLT-000010,INS-001,2024-07,59073,0,22947,36126,593723
CLT-000010,INS-001,2024-08,57662,0,22399,35263,602539
CLT-000010,INS-001,2024-09,76366,0,29664,46702,614215
CLT-000010,INS-001,2024-10,92239,0,35830,56409,628317
CLT-000010,INS-001,2024-11,32195,0,12506,19689,633239
CLT-000010,INS-001,2024-12,28797,0,11186,17611,637642
CLT-000010,INS-001,2025-01,-26491,0,0,-26491,631019
CLT-000010,INS-001,2025-02,-24059,0,0,-24059,625004
CLT-000010,INS-001,2025-03,-22230,0,0,-22230,619447
CLT-000010,INS-001,2025-04,-19584,0,0,-19584,614551
CLT-000010,INS-001,2025-05,-16250,0,0,-16250,610488
CLT-000010,INS-001,2025-06,-19374,0,0,-19374,605645
CLT-000010,INS-001,2025-07,-21034,0,0,-21034,600386
CLT-000010,INS-001,2025-08,-15412,0,0,-15412,596533
CLT-000010,INS-001,2025-09,-70511,0,0,-70511,578905
CLT-000010,INS-001,2025-10,-64701,0,0,-64701,562730
CLT-000010,INS-001,2025-11,-68154,0,0,-68154,545692
CLT-000010,INS-001,2025-12,-91295,0,0,-91295,522868
CLT-000012,INS-001,2021-01,15386,23519,4905,34000,52500
CLT-000012,INS-001,2021-02,13128,18717,4185,27659,59415
CLT-000012,INS-001,2021-03,12532,22808,3995,31344,67251
CLT-000012,INS-001,2021-04,13173,17081,4200,26054,73764
CLT-000012,INS-001,2021-05,15527,26000,4950,36577,82909
CLT-000012,INS-001,2021-06,18649,21447,5946,34151,91446
CLT-000012,INS-001,2021-07,18502,17097,5899,29700,98871
CLT-000012,INS-001,2021-08,15990,26798,5098,37690,108294
CLT-000012,INS-001,2021-09,17842,23108,5688,35261,117109
CLT-000012,INS-001,2021-10,18815,27247,5999,40063,127125
CLT-000012,INS-001,2021-11,20738,20977,6612,35104,135901
CLT-000012,INS-001,2021-12,20089,24249,6405,37934,145384
CLT-000012,INS-001,2022-01,18108,24556,5773,36891,154607
CLT-000012,INS-001,2022-02,14815,17109,4723,27201,161407
CLT-000012,INS-001,2022-03,14233,26237,4538,35933,170390
CLT-000012,INS-001,2022-04,12203,23459,3891,31771,178333
CLT-000012,INS-001,2022-05,12268,28527,3911,36884,187554
CLT-000012,INS-001,2022-06,13015,16718,4149,25584,193950
CLT-000012,INS-001,2022-07,11849,28108,3778,36179,202995
CLT-000012,INS-001,2022-08,13567,20102,4325,29344,210331
CLT-000012,INS-001,2022-09,13259,24979,4227,34011,218834
CLT-000012,INS-001,2022-10,11044,16924,3521,24447,224945
CLT-000012,INS-001,2022-11,7302,28939,2328,33913,233423
CLT-000012,INS-001,2022-12,7263,20534,2316,25481,239794
CLT-000012,INS-001,2023-01,9103,20017,2902,26218,246348
CLT-000012,INS-001,2023-02,6919,28507,2206,33220,254653
CLT-000012,INS-001,2023-03,10569,24517,3370,31716,262582
CLT-000012,INS-001,2023-04,9033,22280,2880,28433,269691
CLT-000012,INS-001,2023-05,8196,15869,2613,21452,275053
CLT-000012,INS-001,2023-06,17245,19153,5498,30900,282778
CLT-000012,INS-001,2023-07,18446,22736,5881,35302,291604
CLT-000012,INS-001,2023-08,19096,18175,6088,31183,299400
CLT-000012,INS-001,2023-09,13451,23527,4288,32690,307572
CLT-000012,INS-001,2023-10,13801,26700,4400,36101,316597
CLT-000012,INS-001,2023-11,14496,27294,4622,37168,325889
CLT-000012,INS-001,2023-12,11324,26499,3610,34212,334442
CLT-000012,INS-001,2024-01,11538,19666,3679,27525,341324
CLT-000012,INS-001,2024-02,7534,20373,2402,25505,347700
CLT-000012,INS-001,2024-03,8682,25423,2768,31337,355534
CLT-000012,INS-001,2024-04,9370,24371,2987,30754,363223
CLT-000012,INS-001,2024-05,8834,25027,2816,31045,370984
CLT-000012,INS-001,2024-06,8501,24960,2710,30750,378672
CLT-000012,INS-001,2024-07,9177,17418,2926,23670,384589
CLT-000012,INS-001,2024-08,10752,29072,3428,36396,393688
CLT-000012,INS-001,2024-09,11524,22090,3674,29940,401173
CLT-000012,INS-001,2024-10,12787,18041,4077,26751,407861
CLT-000012,INS-001,2024-11,12399,23054,3953,31500,415736
CLT-000012,INS-001,2024-12,11033,22405,3518,29920,423216
CLT-000012,INS-001,2025-01,-2431,28998,0,26567,429858
CLT-000012,INS-001,2025-02,-2221,19239,0,17018,434112
CLT-000012,INS-001,2025-03,-1938,19241,0,17303,438438
CLT-000012,INS-001,2025-04,-1733,16139,0,14406,442039
CLT-000012,INS-001,2025-05,-2093,23447,0,21354,447378
CLT-000012,INS-001,2025-06,-2142,17380,0,15238,451187
CLT-000012,INS-001,2025-07,-2421,23028,0,20607,456339
CLT-000012,INS-001,2025-08,-2589,20496,0,17907,460816
CLT-000012,INS-001,2025-09,-3302,22957,0,19655,465729
CLT-000012,INS-001,2025-10,-3109,28665,0,25556,472118
CLT-000012,INS-001,2025-11,-2317,28611,0,26294,478692
CLT-000012,INS-001,2025-12,-2164,23807,0,21643,484103
CLT-000013,INS-001,2021-01,45345,359732,31928,373149,93287
CLT-000013,INS-001,2021-02,48177,307354,33922,321609,173690
CLT-000013,INS-001,2021-03,45763,270761,32222,284302,244765
CLT-000013,INS-001,2021-04,47867,293010,33704,307174,321558
CLT-000013,INS-001,2021-05,46779,232263,32938,246104,383084
CLT-000013,INS-001,2021-06,50103,340328,35278,355153,471873
CLT-000013,INS-001,2021-07,52851,356835,37213,372473,564991
CLT-000013,INS-001,2021-08,54795,390576,38582,406789,666688
CLT-000013,INS-001,2021-09,49582,323132,34911,337803,751139
CLT-000013,INS-001,2021-10,45017,402406,31697,415726,855070
CLT-000013,INS-001,2021-11,52635,236850,37061,252424,918176
CLT-000013,INS-001,2021-12,51110,290465,35987,305588,994573
CLT-000013,INS-001,2022-01,47431,238169,33397,252204,1057624
CLT-000013,INS-001,2022-02,41574,362776,29273,375077,1151394
CLT-000013,INS-001,2022-03,45193,273434,31821,286806,1223095
CLT-000013,INS-001,2022-04,44583,372883,31391,386075,1319614
CLT-000013,INS-001,2022-05,49104,316563,34575,331092,1402387
CLT-000013,INS-001,2022-06,51908,341909,36549,357268,1491704
CLT-000013,INS-001,2022-07,41372,271325,29130,283566,1562595
CLT-000013,INS-001,2022-08,42307,424888,29789,437406,1671947
CLT-000013,INS-001,2022-09,42705,347492,30069,360128,1761979
CLT-000013,INS-001,2022-10,35886,341626,25268,352244,1850040
CLT-000013,INS-001,2022-11,34102,317555,24012,327645,1931951
CLT-000013,INS-001,2022-12,30952,307618,21794,316777,2011145
CLT-000013,INS-001,2023-01,31748,238143,22354,247537,2073030
CLT-000013,INS-001,2023-02,31635,391454,22275,400814,2173233
CLT-000013,INS-001,2023-03,31015,251530,21838,260707,2238410
CLT-000013,INS-001,2023-04,32426,381043,22831,390637,2336069
CLT-000013,INS-001,2023-05,33030,247859,23257,257632,2400477
CLT-000013,INS-001,2023-06,40660,252197,28629,264228,2466534
CLT-000013,INS-001,2023-07,41299,399371,29079,411591,2569432
CLT-000013,INS-001,2023-08,39018,373518,27473,385063,2665698
CLT-000013,INS-001,2023-09,44697,269485,31472,282711,2736376
CLT-000013,INS-001,2023-10,33810,290520,23806,300524,2811507
CLT-000013,INS-001,2023-11,17608,348342,12398,353553,2899895
CLT-000013,INS-001,2023-12,16901,233831,11900,238832,2959603
CLT-000013,INS-001,2024-01,14055,333372,9896,337531,3043986
CLT-000013,INS-001,2024-02,24773,275711,17443,283041,3114746
CLT-000013,INS-001,2024-03,24009,353612,16905,360716,3204925
CLT-000013,INS-001,2024-04,23994,300435,16894,307534,3281808
CLT-000013,INS-001,2024-05,23888,233048,16820,240116,3341837
CLT-000013,INS-001,2024-06,23095,275506,16261,282339,3412422
CLT-000013,INS-001,2024-07,25958,302801,18277,310482,3490043
CLT-000013,INS-001,2024-08,27472,296819,19343,304948,3566280
CLT-000013,INS-001,2024-09,26102,247283,18379,255006,3630031
CLT-000013,INS-001,2024-10,14856,414642,10460,419038,3734791
CLT-000013,INS-001,2024-11,14028,229451,9877,233602,3793191
CLT-000013,INS-001,2024-12,24862,243857,17506,251213,3855995
CLT-000013,INS-001,2025-01,8939,330602,6294,333247,3939306
CLT-000013,INS-001,2025-02,8467,285497,5962,288002,4011307
CLT-000013,INS-001,2025-03,7784,419495,5481,421798,4116756
CLT-000013,INS-001,2025-04,7768,382041,5470,384340,4212841
CLT-000013,INS-001,2025-05,8228,351714,5793,354149,4301378
CLT-000013,INS-001,2025-06,7205,332445,5073,334577,4385023
CLT-000013,INS-001,2025-07,7924,278952,5579,281297,4455347
CLT-000013,INS-001,2025-08,9081,256669,6394,259356,4520186
CLT-000013,INS-001,2025-09,10170,420336,7161,423345,4626022
CLT-000013,INS-001,2025-10,10899,295706,7674,298931,4700755
CLT-000013,INS-001,2025-11,9646,292639,6792,295493,4774629
CLT-000013,INS-001,2025-12,9287,325125,6539,327873,4856597
CLT-000014,INS-001,2021-01,44528,0,28363,16165,4041
CLT-000014,INS-001,2021-02,38491,0,24517,13974,7535
CLT-000014,INS-001,2021-03,40339,0,25695,14644,11196
CLT-000014,INS-001,2021-04,34356,0,21884,12472,14314
CLT-000014,INS-001,2021-05,29023,0,18487,10536,16948
CLT-000014,INS-001,2021-06,37472,0,23868,13604,20349
CLT-000014,INS-001,2021-07,47134,0,30023,17111,24627
CLT-000014,INS-001,2021-08,51050,0,32517,18533,29260
CLT-000014,INS-001,2021-09,51373,0,32723,18650,33923
CLT-000014,INS-001,2021-10,54603,0,34780,19823,38878
CLT-000014,INS-001,2021-11,48899,0,31147,17752,43316
CLT-000014,INS-001,2021-12,39893,0,25410,14483,46937
CLT-000014,INS-001,2022-01,34173,0,21767,12406,50038
CLT-000014,INS-001,2022-02,30378,0,19350,11028,52795
CLT-000014,INS-001,2022-03,26910,0,17141,9769,55238
CLT-000014,INS-001,2022-04,25839,0,16459,9380,57583
CLT-000014,INS-001,2022-05,28330,0,18045,10285,60154
CLT-000014,INS-001,2022-06,35524,0,22628,12896,63378
CLT-000014,INS-001,2022-07,46860,0,29848,17012,67631
CLT-000014,INS-001,2022-08,42339,0,26968,15371,71474
CLT-000014,INS-001,2022-09,50967,0,32464,18503,76099
CLT-000014,INS-001,2022-10,49291,0,31397,17894,80573
CLT-000014,INS-001,2022-11,52069,0,33166,18903,85299
CLT-000014,INS-001,2022-12,44219,0,28166,16053,89312
CLT-000014,INS-001,2023-01,37927,0,24158,13769,92754
CLT-000014,INS-001,2023-02,36954,0,23538,13416,96108
CLT-000014,INS-001,2023-03,31914,0,20328,11586,99005
CLT-000014,INS-001,2023-04,30843,0,19646,11197,101804
CLT-000014,INS-001,2023-05,36141,0,23021,13120,105084
CLT-000014,INS-001,2023-06,42909,0,27332,15577,108978
CLT-000014,INS-001,2023-07,43584,0,27761,15823,112934
CLT-000014,INS-001,2023-08,38231,0,24352,13879,116404
CLT-000014,INS-001,2023-09,49648,0,31624,18024,120910
CLT-000014,INS-001,2023-10,46745,0,29775,16970,125152
CLT-000014,INS-001,2023-11,42837,0,27286,15551,129040
CLT-000014,INS-001,2023-12,50065,0,31890,18175,133584
CLT-000014,INS-001,2024-01,17201,0,10956,6245,135145
CLT-000014,INS-001,2024-02,15370,0,9790,5580,136540
CLT-000014,INS-001,2024-03,17999,0,11465,6534,138174
CLT-000014,INS-001,2024-04,20279,0,12917,7362,140014
CLT-000014,INS-001,2024-05,17788,0,11330,6458,141628
CLT-000014,INS-001,2024-06,17136,0,10915,6221,143184
CLT-000014,INS-001,2024-07,20534,0,13079,7455,145047
CLT-000014,INS-001,2024-08,44209,0,28160,16049,149060
CLT-000014,INS-001,2024-09,51615,0,32877,18738,153744
CLT-000014,INS-001,2024-10,56087,0,35725,20362,158835
CLT-000014,INS-001,2024-11,50766,0,32336,18430,163442
CLT-000014,INS-001,2024-12,47471,0,30237,17234,167750
CLT-000014,INS-001,2025-01,15563,0,9913,5650,169163
CLT-000014,INS-001,2025-02,17369,0,11063,6306,170739
CLT-000014,INS-001,2025-03,14500,0,9236,5264,172055
CLT-000014,INS-001,2025-04,15595,0,9933,5662,173471
CLT-000014,INS-001,2025-05,14631,0,9319,5312,174799
CLT-000014,INS-001,2025-06,18274,0,11640,6634,176457
CLT-000014,INS-001,2025-07,17457,0,11120,6337,178042
CLT-000014,INS-001,2025-08,19611,0,12492,7119,179821
CLT-000014,INS-001,2025-09,24257,0,15451,8806,182023
CLT-000014,INS-001,2025-10,23105,0,14717,8388,184120
CLT-000014,INS-001,2025-11,17222,0,10970,6252,185683
CLT-000014,INS-001,2025-12,15827,0,10081,5746,187119
CLT-000015,INS-001,2021-01,9795,111505,5767,115533,110383
CLT-000015,INS-001,2021-02,10425,97029,6138,101316,135712
CLT-000015,INS-001,2021-03,13576,78331,7993,83914,156691
CLT-000015,INS-001,2021-04,12550,75692,7389,80853,176904
CLT-000015,INS-001,2021-05,9556,106110,5626,110040,204414
CLT-000015,INS-001,2021-06,8621,109527,5076,113072,232682
CLT-000015,INS-001,2021-07,8161,104179,4805,107536,259566
CLT-000015,INS-001,2021-08,9988,73290,5880,77398,278916
CLT-000015,INS-001,2021-09,10097,107306,5945,111458,306780
CLT-000015,INS-001,2021-10,9682,80562,5700,84544,327916
CLT-000015,INS-001,2021-11,11023,78488,6490,83022,348671
CLT-000015,INS-001,2021-12,15279,80131,8996,86414,370275
CLT-000015,INS-001,2022-01,15077,106721,8877,112921,398505
CLT-000015,INS-001,2022-02,12146,98557,7151,103552,424393
CLT-000015,INS-001,2022-03,11391,62269,6706,66953,441131
CLT-000015,INS-001,2022-04,10780,65097,6347,69531,458514
CLT-000015,INS-001,2022-05,7530,104616,4433,107712,485442
CLT-000015,INS-001,2022-06,8940,80398,5263,84075,506461
CLT-000015,INS-001,2022-07,10158,85515,5981,89693,528884
CLT-000015,INS-001,2022-08,10123,70237,5960,74400,547484
CLT-000015,INS-001,2022-09,11022,93819,6489,98352,572072
CLT-000015,INS-001,2022-10,-1357,107175,0,105818,598527
CLT-000015,INS-001,2022-11,-1385,89497,0,88112,620555
CLT-000015,INS-001,2022-12,-1219,89086,0,87867,642521
CLT-000015,INS-001,2023-01,6355,68273,3742,70886,660243
CLT-000015,INS-001,2023-02,7581,70355,4463,73473,678611
CLT-000015,INS-001,2023-03,7547,69070,4443,72173,696655
CLT-000015,INS-001,2023-04,9732,86301,5730,90304,719231
CLT-000015,INS-001,2023-05,9249,92614,5445,96417,743335
CLT-000015,INS-001,2023-06,12148,108856,7152,113851,771798
CLT-000015,INS-001,2023-07,14488,71080,8530,77038,791057
CLT-000015,INS-001,2023-08,13954,74817,8215,80556,811196
CLT-000015,INS-001,2023-09,16422,81862,9668,88616,833350
CLT-000015,INS-001,2023-10,19754,75902,11630,84026,854357
CLT-000015,INS-001,2023-11,17955,91002,10571,98386,878953
CLT-000015,INS-001,2023-12,25978,98084,15295,108768,906145
CLT-000015,INS-001,2024-01,13279,111345,7818,116806,935347
CLT-000015,INS-001,2024-02,9920,111219,5840,115299,964171
CLT-000015,INS-001,2024-03,11029,63428,6493,67964,981162
CLT-000015,INS-001,2024-04,11429,100086,6729,104786,1007359
CLT-000015,INS-001,2024-05,10383,109313,6113,113583,1035755
CLT-000015,INS-001,2024-06,9952,74348,5859,78440,1055365
CLT-000015,INS-001,2024-07,11614,81183,6838,85960,1076855
CLT-000015,INS-001,2024-08,11280,75375,6641,80014,1096858
CLT-000015,INS-001,2024-09,11753,98944,6920,103778,1122803
CLT-000015,INS-001,2024-10,12863,107348,7573,112638,1150962
CLT-000015,INS-001,2024-11,14938,81128,8795,87272,1172780
CLT-000015,INS-001,2024-12,13833,63494,8144,69183,1190076
CLT-000015,INS-001,2025-01,-67658,93224,0,25566,1196467
CLT-000015,INS-001,2025-02,-60635,94077,0,33442,1204828
CLT-000015,INS-001,2025-03,-50340,110659,0,60319,1219907
CLT-000015,INS-001,2025-04,-47143,83609,0,36466,1229024
CLT-000015,INS-001,2025-05,-45985,89557,0,43572,1239917
CLT-000015,INS-001,2025-06,-42546,82235,0,39689,1249839
CLT-000015,INS-001,2025-07,-45616,83308,0,37692,1259262
CLT-000015,INS-001,2025-08,-52674,92426,0,39752,1269200
CLT-000015,INS-001,2025-09,-64546,67916,0,3370,1270042
CLT-000016,INS-001,2021-01,14425,439754,9807,444372,134593
CLT-000016,INS-001,2021-02,9222,326013,6270,328966,216834
CLT-000016,INS-001,2021-03,9950,450278,6765,453463,330200
CLT-000016,INS-001,2021-04,11425,392906,7767,396563,429341
CLT-000016,INS-001,2021-05,6991,447818,4753,450056,541855
CLT-000016,INS-001,2021-06,5807,378267,3948,380126,636886
CLT-000016,INS-001,2021-07,6908,373883,4697,376094,730910
CLT-000016,INS-001,2021-08,6612,437328,4495,439445,840771
CLT-000016,INS-001,2021-09,11841,398288,8050,402078,941291
CLT-000016,INS-001,2021-10,10781,488400,7330,491851,1064253
CLT-000016,INS-001,2021-11,11572,524406,7867,528111,1196281
CLT-000016,INS-001,2021-12,11411,472271,7758,475924,1315262
CLT-000016,INS-001,2022-01,14205,502138,9657,506686,1441933
CLT-000016,INS-001,2022-02,11897,487679,8088,491488,1564805
CLT-000016,INS-001,2022-03,11533,465879,7841,469572,1682198
CLT-000016,INS-001,2022-04,8891,287107,6045,289953,1754687
CLT-000016,INS-001,2022-05,9950,336173,6765,339358,1839526
CLT-000016,INS-001,2022-06,7587,449318,5158,451747,1952463
CLT-000016,INS-001,2022-07,6240,480330,4242,482328,2073045
CLT-000016,INS-001,2022-08,6870,391548,4671,393747,2171482
CLT-000016,INS-001,2022-09,7609,484733,5173,487169,2293274
CLT-000016,INS-001,2022-10,5332,301505,3625,303212,2369077
CLT-000016,INS-001,2022-11,4617,354935,3139,356413,2458180
CLT-000016,INS-001,2022-12,3963,324939,2694,326208,2539732
CLT-000016,INS-001,2023-01,7684,290247,5224,292707,2612909
CLT-000016,INS-001,2023-02,7160,352541,4868,354833,2701617
CLT-000017,INS-001,2021-01,176160,0,69972,106188,39047
CLT-000017,INS-001,2021-02,159719,0,63441,96278,63117
CLT-000017,INS-001,2021-03,151454,0,60158,91296,85941
CLT-000017,INS-001,2021-04,132476,0,52620,79856,105905
CLT-000017,INS-001,2021-05,108143,0,42955,65188,122202
CLT-000017,INS-001,2021-06,115596,0,45915,69681,139622
CLT-000017,INS-001,2021-07,136818,0,54345,82473,160240
CLT-000017,INS-001,2021-08,150641,0,59835,90806,182942
CLT-000017,INS-001,2021-09,153497,0,60970,92527,206073
CLT-000017,INS-001,2021-10,158548,0,62976,95572,229966
CLT-000017,INS-001,2021-11,180655,0,71757,108898,257191
CLT-000017,INS-001,2021-12,195929,0,77824,118105,286717
CLT-000017,INS-001,2022-01,165629,0,65789,99840,311677
CLT-000017,INS-001,2022-02,155662,0,61830,93832,335135
CLT-000017,INS-001,2022-03,131585,0,52266,79319,354965
CLT-000017,INS-001,2022-04,138358,0,54956,83402,375815
CLT-000017,INS-001,2022-05,129750,0,51537,78213,395369
CLT-000017,INS-001,2022-06,142067,0,56430,85637,416778
CLT-000017,INS-001,2022-07,145206,0,57676,87530,438660
CLT-000017,INS-001,2022-08,172376,0,68469,103907,464637
CLT-000017,INS-001,2022-09,166484,0,66128,100356,489726
CLT-000017,INS-001,2022-10,112612,0,44730,67882,506697
CLT-000017,INS-001,2022-11,133268,0,52935,80333,526780
CLT-000017,INS-001,2022-12,143349,0,56939,86410,548383
CLT-000017,INS-001,2023-01,168631,0,66981,101650,573795
CLT-000017,INS-001,2023-02,146387,0,58146,88241,595855
CLT-000017,INS-001,2023-03,158357,0,62900,95457,619720
CLT-000017,INS-001,2023-04,111781,0,44400,67381,636565
CLT-000017,INS-001,2023-05,90827,0,36077,54750,650252
CLT-000017,INS-001,2023-06,97287,0,38643,58644,664914
CLT-000017,INS-001,2023-07,97616,0,38774,58842,679624
CLT-000017,INS-001,2023-08,101472,0,40305,61167,694916
CLT-000017,INS-001,2023-09,106150,0,42163,63987,710913
CLT-000017,INS-001,2023-10,118631,0,47121,71510,728790
CLT-000017,INS-001,2023-11,129749,0,51537,78212,748343
CLT-000017,INS-001,2023-12,158498,0,62956,95542,772229
CLT-000017,INS-001,2024-01,136851,0,54358,82493,792852
CLT-000017,INS-001,2024-02,138065,0,54840,83225,813658
CLT-000017,INS-001,2024-03,133150,0,52888,80262,833724
CLT-000017,INS-001,2024-04,130658,0,51898,78760,853414
CLT-000017,INS-001,2024-05,126851,0,50386,76465,872530
CLT-000017,INS-001,2024-06,132137,0,52485,79652,892443
CLT-000017,INS-001,2024-07,151979,0,60367,91612,915346
CLT-000017,INS-001,2024-08,167808,0,66654,101154,940634
CLT-000017,INS-001,2024-09,168039,0,66746,101293,965958
CLT-000017,INS-001,2024-10,169617,0,67373,102244,991519
CLT-000017,INS-001,2024-11,97251,0,38629,58622,1006174
CLT-000017,INS-001,2024-12,95741,0,38029,57712,1020603
CLT-000017,INS-001,2025-01,-40107,0,0,-40107,1010576
CLT-000017,INS-001,2025-02,-61015,0,0,-61015,995322
CLT-000017,INS-001,2025-03,-25378,0,0,-25378,988978
CLT-000017,INS-001,2025-04,-23701,0,0,-23701,983052
CLT-000017,INS-001,2025-05,-52456,0,0,-52456,969938
CLT-000017,INS-001,2025-06,-52205,0,0,-52205,956887
CLT-000017,INS-001,2025-07,-53427,0,0,-53427,943530
CLT-000017,INS-001,2025-08,-61598,0,0,-61598,928131
CLT-000018,INS-001,2021-01,96965,0,42595,54370,66593
CLT-000018,INS-001,2021-02,99479,0,43699,55780,80538
CLT-000018,INS-001,2021-03,61329,0,26941,34388,89135
CLT-000018,INS-001,2021-04,95949,0,42148,53801,102585
CLT-000018,INS-001,2021-05,71736,0,31512,40224,112641
CLT-000018,INS-001,2021-06,92674,0,40710,51964,125632
CLT-000018,INS-001,2021-07,78824,0,34626,44198,136681
CLT-000018,INS-001,2021-08,79993,0,35139,44854,147895
CLT-000018,INS-001,2021-09,63045,0,27694,35351,156733
CLT-000018,INS-001,2021-10,81763,0,35917,45846,168194
CLT-000018,INS-001,2021-11,148426,0,65200,83226,189001
CLT-000018,INS-001,2021-12,129224,0,56765,72459,207115
CLT-000018,INS-001,2022-01,104557,0,45930,58627,221772
CLT-000018,INS-001,2022-02,97980,0,43041,54939,235507
CLT-000018,INS-001,2022-03,88921,0,39061,49860,247972
CLT-000018,INS-001,2022-04,50123,0,22018,28105,254998
CLT-000018,INS-001,2022-05,69131,0,30368,38763,264689
CLT-000018,INS-001,2022-06,115803,0,50870,64933,280922
CLT-000018,INS-001,2022-07,104653,0,45972,58681,295593
CLT-000018,INS-001,2022-08,32444,0,14252,18192,300141
CLT-000018,INS-001,2022-09,45132,0,19826,25306,306467
CLT-000018,INS-001,2022-10,32660,0,14347,18313,311046
CLT-000018,INS-001,2022-11,41534,0,18245,23289,316868
CLT-000018,INS-001,2022-12,48738,0,21410,27328,323700
CLT-000018,INS-001,2023-01,92649,0,40699,51950,336687
CLT-000018,INS-001,2023-02,46419,0,20391,26028,343194
CLT-000018,INS-001,2023-03,26463,0,11625,14838,346904
CLT-000018,INS-001,2023-04,58658,0,25767,32891,355127
CLT-000018,INS-001,2023-05,49662,0,21815,27847,362088
CLT-000018,INS-001,2023-06,70040,0,30767,39273,371907
CLT-000018,INS-001,2023-07,86196,0,37864,48332,383990
CLT-000018,INS-001,2023-08,96063,0,42198,53865,397456
CLT-000018,INS-001,2023-09,196123,0,86153,109970,424948
CLT-000018,INS-001,2023-10,136918,0,60145,76773,444142
CLT-000018,INS-001,2023-11,142794,0,62726,80068,464158
CLT-000018,INS-001,2023-12,113408,0,49818,63590,480056
CLT-000018,INS-001,2024-01,82248,0,36130,46118,491586
CLT-000018,INS-001,2024-02,70521,0,30978,39543,501471
CLT-000018,INS-001,2024-03,69428,0,30498,38930,511204
CLT-000018,INS-001,2024-04,39312,0,17269,22043,516714
CLT-000018,INS-001,2024-05,39525,0,17362,22163,522255
CLT-000018,INS-001,2024-06,57363,0,25198,32165,530296
CLT-000018,INS-001,2024-07,66955,0,29412,37543,539682
CLT-000018,INS-001,2024-08,65364,0,28713,36651,548845
CLT-000018,INS-001,2024-09,167540,0,73597,93943,572331
CLT-000019,INS-001,2021-01,69749,20429,19778,70400,17600
CLT-000019,INS-001,2021-02,74591,20928,21151,74368,36192
CLT-000019,INS-001,2021-03,86242,25041,24455,86828,57899
CLT-000019,INS-001,2021-04,87610,24520,24843,87287,79721
CLT-000019,INS-001,2021-05,64322,22145,18239,68228,96778
CLT-000019,INS-001,2021-06,65681,16945,18625,64001,112778
CLT-000019,INS-001,2021-07,67842,20813,19237,69418,130133
CLT-000019,INS-001,2021-08,70776,15631,20069,66338,146717
CLT-000019,INS-001,2021-09,108856,18970,30867,96958,170957
CLT-000019,INS-001,2021-10,100389,21235,28466,93157,194246
CLT-000019,INS-001,2021-11,70738,25673,20059,76353,213334
CLT-000019,INS-001,2021-12,72335,23320,20511,75144,232120
CLT-000019,INS-001,2022-01,61419,14849,17416,58852,246833
CLT-000019,INS-001,2022-02,84616,20871,23994,81493,267206
CLT-000019,INS-001,2022-03,79506,25137,22545,82098,287731
CLT-000019,INS-001,2022-04,75040,14920,21278,68681,304901
CLT-000019,INS-001,2022-05,81264,25044,23043,83264,325717
CLT-000019,INS-001,2022-06,81956,22347,23240,81064,345983
CLT-000019,INS-001,2022-07,90492,26066,25660,90898,368708
CLT-000019,INS-001,2022-08,91322,23574,25895,89001,390958
CLT-000019,INS-001,2022-09,102072,22832,28944,95961,414948
CLT-000019,INS-001,2022-10,111300,16121,31560,95861,438913
CLT-000019,INS-001,2022-11,84131,17075,23856,77350,458251
CLT-000019,INS-001,2022-12,82373,18755,23358,77770,477693
CLT-000019,INS-001,2023-01,113318,18925,32133,100111,502721
CLT-000019,INS-001,2023-02,90601,24001,25691,88911,524949
CLT-000019,INS-001,2023-03,99445,18771,28199,90017,547453
CLT-000019,INS-001,2023-04,113839,25393,32280,106952,574191
CLT-000019,INS-001,2023-05,91843,20217,26043,86017,595695
CLT-000019,INS-001,2023-06,100174,20968,28405,92736,618879
CLT-000019,INS-001,2023-07,129134,16325,36617,108841,646090
CLT-000019,INS-001,2023-08,124477,19486,35297,108666,673256
CLT-000019,INS-001,2023-09,116749,23008,33106,106652,699919
CLT-000019,INS-001,2023-10,101723,22551,28845,95429,723776
CLT-000019,INS-001,2023-11,120534,14328,34179,100683,748947
CLT-000019,INS-001,2023-12,109653,15519,31093,94079,772467
CLT-000019,INS-001,2024-01,97617,20026,27680,89963,794958
CLT-000019,INS-001,2024-02,96730,18174,27429,87475,816826
CLT-000019,INS-001,2024-03,79927,23288,22664,80551,836964
CLT-000019,INS-001,2024-04,93876,15237,26620,82494,857588
CLT-000019,INS-001,2024-05,103566,26382,29367,100580,882733
CLT-000019,INS-001,2024-06,113510,19160,32187,100483,907853
CLT-000019,INS-001,2024-07,102658,25148,29110,98696,932528
CLT-000019,INS-001,2024-08,122616,22248,34769,110094,960051
CLT-000019,INS-001,2024-09,147749,17047,41896,122900,990776
CLT-000019,INS-001,2024-10,128342,22988,36393,114937,1019510
CLT-000019,INS-001,2024-11,167263,19214,47429,139047,1054272
CLT-000019,INS-001,2024-12,154101,16309,43697,126713,1085950
CLT-000019,INS-001,2025-01,112182,19541,31810,99912,1110928
CLT-000019,INS-001,2025-02,105965,17080,30048,92998,1134178
CLT-000019,INS-001,2025-03,79003,23666,22402,80267,1154245
CLT-000019,INS-001,2025-04,83754,21020,23749,81024,1174501
CLT-000019,INS-001,2025-05,92467,17212,26220,83459,1195365
CLT-000019,INS-001,2025-06,74345,22410,21081,75673,1214284
CLT-000019,INS-001,2025-07,86443,24217,24512,86149,1235821
CLT-000019,INS-001,2025-08,82880,20267,23502,79645,1255732
CLT-000019,INS-001,2025-09,116876,22067,33142,105801,1282182
CLT-000019,INS-001,2025-10,120437,16452,34151,102737,1307867
CLT-000019,INS-001,2025-11,140441,19309,39824,119926,1337848
CLT-000019,INS-001,2025-12,139060,16426,39432,116054,1366862
CLT-000020,INS-001,2021-01,97880,0,66679,31201,81300
CLT-000020,INS-001,2021-02,101687,0,69272,32415,89404
CLT-000020,INS-001,2021-03,109465,0,74571,34894,98128
CLT-000020,INS-001,2021-04,106612,0,72627,33985,106624
CLT-000020,INS-001,2021-05,83704,0,57022,26682,113294
CLT-000020,INS-001,2021-06,71271,0,48552,22719,118974
CLT-000020,INS-001,2021-07,73896,0,50340,23556,124863
CLT-000020,INS-001,2021-08,108071,0,73621,34450,133476
CLT-000020,INS-001,2021-09,112482,0,76626,35856,142440
CLT-000020,INS-001,2021-10,105260,0,71706,33554,150828
CLT-000020,INS-001,2021-11,111901,0,76230,35671,159746
CLT-000020,INS-001,2021-12,98440,0,67060,31380,167591
CLT-000020,INS-001,2022-01,101517,0,69156,32361,175681
CLT-000020,INS-001,2022-02,91703,0,62471,29232,182989
CLT-000020,INS-001,2022-03,85124,0,57989,27135,189773
CLT-000020,INS-001,2022-04,80592,0,54902,25690,196195
CLT-000020,INS-001,2022-05,68272,0,46509,21763,201636
CLT-000020,INS-001,2022-06,75385,0,51354,24031,207644
CLT-000020,INS-001,2022-07,87534,0,59631,27903,214620
CLT-000020,INS-001,2022-08,90033,0,61333,28700,221795
CLT-000020,INS-001,2022-09,101269,0,68987,32282,229865
CLT-000020,INS-001,2022-10,24390,0,16615,7775,231809
CLT-000020,INS-001,2022-11,24808,0,16900,7908,233786
CLT-000020,INS-001,2022-12,25934,0,17667,8267,235852
CLT-000020,INS-001,2023-01,75858,0,51677,24181,241898
CLT-000020,INS-001,2023-02,70561,0,48068,22493,247521
CLT-000020,INS-001,2023-03,66823,0,45522,21301,252846
CLT-000020,INS-001,2023-04,61267,0,41737,19530,257729
CLT-000020,INS-001,2023-05,61200,0,41691,19509,262606
CLT-000020,INS-001,2023-06,73963,0,50386,23577,268500
CLT-000020,INS-001,2023-07,70695,0,48159,22536,274134
CLT-000020,INS-001,2023-08,84308,0,57433,26875,280853
CLT-000020,INS-001,2023-09,77546,0,52827,24719,287033
CLT-000020,INS-001,2023-10,71049,0,48401,22648,292695
CLT-000020,INS-001,2023-11,76975,0,52438,24537,298829
CLT-000020,INS-001,2023-12,78977,0,53801,25176,305123
CLT-000020,INS-001,2024-01,71810,0,48919,22891,310846
CLT-000020,INS-001,2024-02,55729,0,37964,17765,315287
CLT-000020,INS-001,2024-03,58544,0,39882,18662,319953
CLT-000020,INS-001,2024-04,52732,0,35923,16809,324155
CLT-000020,INS-001,2024-05,53227,0,36260,16967,328397
CLT-000020,INS-001,2024-06,50419,0,34347,16072,332415
CLT-000020,INS-001,2024-07,66594,0,45366,21228,337722
CLT-000020,INS-001,2024-08,71853,0,48948,22905,343448
CLT-000020,INS-001,2024-09,64186,0,43725,20461,348563
CLT-000020,INS-001,2024-10,76385,0,52036,24349,354650
CLT-000020,INS-001,2024-11,84249,0,57393,26856,361364
CLT-000020,INS-001,2024-12,67815,0,46198,21617,366769
CLT-000020,INS-001,2025-01,-231986,0,0,-231986,308772
CLT-000020,INS-001,2025-02,-219850,0,0,-219850,253810
CLT-000020,INS-001,2025-03,-190586,0,0,-190586,206163
CLT-000020,INS-001,2025-04,-156555,0,0,-156555,167025
CLT-000020,INS-001,2025-05,-173869,0,0,-173869,123557
CLT-000020,INS-001,2025-06,-154595,0,0,-154595,84909
CLT-000020,INS-001,2025-07,-135172,0,0,-135172,51116
CLT-000020,INS-001,2025-08,-143440,0,0,-143440,15256
CLT-000020,INS-001,2025-09,-173251,0,0,-173251,0
CLT-000020,INS-001,2025-10,-182038,0,0,-182038,0
CLT-000020,INS-001,2025-11,-169653,0,0,-169653,0
CLT-000020,INS-001,2025-12,-183912,0,0,-183912,0
CLT-000021,INS-001,2021-01,29864,177906,8640,199129,80782
CLT-000021,INS-001,2021-02,33452,188087,9678,211861,133748
CLT-000021,INS-001,2021-03,26183,234516,7575,253124,197029
CLT-000021,INS-001,2021-04,25452,251131,7364,269219,264333
CLT-000021,INS-001,2021-05,11302,153415,3270,161447,304695
CLT-000021,INS-001,2021-06,8573,250746,2480,256839,368905
CLT-000021,INS-001,2021-07,10605,212267,3068,219804,423856
CLT-000021,INS-001,2021-08,9024,263266,2611,269679,491276
CLT-000021,INS-001,2021-09,9216,198903,2666,205453,542639
CLT-000021,INS-001,2021-10,17908,258170,5181,270897,610363
CLT-000021,INS-001,2021-11,15518,270887,4490,281915,680842
CLT-000021,INS-001,2021-12,27354,204961,7914,224401,736942
CLT-000021,INS-001,2022-01,21395,150705,6190,165910,778420
CLT-000021,INS-001,2022-02,31546,185653,9127,208073,830438
CLT-000021,INS-001,2022-03,31669,263640,9162,286146,901974
CLT-000021,INS-001,2022-04,20057,263541,5803,277795,971423
CLT-000021,INS-001,2022-05,20679,200657,5983,215354,1025261
CLT-000021,INS-001,2022-06,24283,216255,7025,233512,1083640
CLT-000021,INS-001,2022-07,22679,271546,6561,287664,1155555
CLT-000021,INS-001,2022-08,24409,230301,7062,247648,1217467
CLT-000021,INS-001,2022-09,30078,162127,8702,183503,1263343
CLT-000021,INS-001,2022-10,16907,215273,4891,227288,1320165
CLT-000021,INS-001,2022-11,20438,170827,5913,185352,1366503
CLT-000021,INS-001,2022-12,22865,270494,6615,286743,1438189
CLT-000021,INS-001,2023-01,26937,266278,7793,285422,1509544
CLT-000021,INS-001,2023-02,45845,209210,13264,241791,1569992
CLT-000021,INS-001,2023-03,42608,151411,12327,181692,1615415
CLT-000021,INS-001,2023-04,34720,257052,10045,281727,1685847
CLT-000021,INS-001,2023-05,39129,151813,11321,179621,1730752
CLT-000022,INS-001,2021-01,119224,42057,72735,88546,48137
CLT-000022,INS-001,2021-02,132594,52435,80892,104137,74171
CLT-000022,INS-001,2021-03,152228,40889,92870,100247,99233
CLT-000022,INS-001,2021-04,114741,63186,70000,107926,126214
CLT-000022,INS-001,2021-05,146206,49013,89196,106023,152720
CLT-000022,INS-001,2021-06,126880,54331,77406,103805,178671
CLT-000022,INS-001,2021-07,163530,46874,99765,110639,206331
CLT-000022,INS-001,2021-08,213585,50741,130302,134024,239837
CLT-000022,INS-001,2021-09,239275,50720,145975,144020,275842
CLT-000022,INS-001,2021-10,109076,54604,66544,97136,300126
CLT-000022,INS-001,2021-11,108810,70622,66382,113050,328389
CLT-000022,INS-001,2021-12,62239,43171,37970,67440,345249
CLT-000022,INS-001,2022-01,84853,43072,51766,76158,364288
CLT-000022,INS-001,2022-02,96898,51771,59115,89555,386677
CLT-000022,INS-001,2022-03,112189,39665,68443,83411,407530
CLT-000022,INS-001,2022-04,136824,51841,83472,105193,433828
CLT-000022,INS-001,2022-05,129089,39564,78753,89899,456303
CLT-000022,INS-001,2022-06,183526,43201,111964,114764,484994
CLT-000022,INS-001,2022-07,178212,57996,108722,127486,516865
CLT-000022,INS-001,2022-08,142881,55812,87168,111526,544747
CLT-000022,INS-001,2022-09,157486,55881,96078,117290,574069
CLT-000022,INS-001,2022-10,151552,52171,92457,111265,601885
CLT-000022,INS-001,2022-11,153672,58836,93751,118757,631575
CLT-000022,INS-001,2022-12,116864,46823,71295,92392,654673
CLT-000022,INS-001,2023-01,122538,52287,74757,100068,679690
CLT-000022,INS-001,2023-02,176671,59249,107782,128138,711724
CLT-000022,INS-001,2023-03,207020,62656,126297,143379,747569
CLT-000022,INS-001,2023-04,162944,58455,99407,121992,778067
CLT-000022,INS-001,2023-05,218883,53338,133534,138687,812739
CLT-000022,INS-001,2023-06,207634,71356,126671,152319,850818
CLT-000022,INS-001,2023-07,203259,62670,124002,141927,886300
CLT-000022,INS-001,2023-08,237521,71159,144905,163776,927244
CLT-000022,INS-001,2023-09,206622,59391,126054,139959,962234
CLT-000022,INS-001,2023-10,257823,63202,157290,163735,1003167
CLT-000022,INS-001,2023-11,214876,41740,131090,125526,1034549
CLT-000022,INS-001,2023-12,212354,43192,129551,125995,1066048
CLT-000022,INS-001,2024-01,134173,49354,81855,101672,1091466
CLT-000022,INS-001,2024-02,137358,63462,83798,117022,1120721
CLT-000022,INS-001,2024-03,149497,44999,91204,103293,1146544
CLT-000022,INS-001,2024-04,136537,56524,83297,109763,1173985
CLT-000022,INS-001,2024-05,134385,60891,81984,113292,1202308
CLT-000022,INS-001,2024-06,164760,47723,100515,111968,1230300
CLT-000022,INS-001,2024-07,86235,49021,52609,82647,1250962
CLT-000022,INS-001,2024-08,107568,66470,65624,108414,1278065
CLT-000022,INS-001,2024-09,141957,39056,86604,94409,1301668
CLT-000022,INS-001,2024-10,208658,54731,127296,136093,1335691
CLT-000022,INS-001,2024-11,193221,47945,117878,123287,1366513
CLT-000022,INS-001,2024-12,220725,58367,134658,144434,1402621
CLT-000022,INS-001,2025-01,126434,49042,77134,98342,1427207
CLT-000022,INS-001,2025-02,106479,48887,64960,90406,1449808
CLT-000022,INS-001,2025-03,126912,47285,77425,96771,1474001
CLT-000022,INS-001,2025-04,125209,43826,76386,92649,1497163
CLT-000022,INS-001,2025-05,116260,70525,70927,115858,1526128
CLT-000022,INS-001,2025-06,107457,39804,65556,81704,1546554
CLT-000022,INS-001,2025-07,117845,40532,71894,86483,1568175
CLT-000022,INS-001,2025-08,144058,48013,87886,104186,1594221
CLT-000022,INS-001,2025-09,116861,56132,71293,101700,1619646
CLT-000022,INS-001,2025-10,157913,43114,96338,104689,1645818
CLT-000022,INS-001,2025-11,113853,46004,69458,90398,1668418
CLT-000022,INS-001,2025-12,118233,48234,72130,94337,1692002
CLT-000023,INS-001,2025-04,-32117,39135,0,7018,113254
CLT-000023,INS-001,2025-05,-24809,52380,0,27571,120147
CLT-000023,INS-001,2025-06,-28020,38823,0,10803,122848
CLT-000023,INS-001,2025-07,-25134,43234,0,18100,127373
CLT-000023,INS-001,2025-08,-25813,56294,0,30481,134993
CLT-000023,INS-001,2025-09,-29003,44566,0,15563,138884
CLT-000023,INS-001,2025-10,-39202,54613,0,15411,142736
CLT-000023,INS-001,2025-11,-38472,56713,0,18241,147297
CLT-000023,INS-001,2025-12,-47654,42033,0,-5621,145891
CLT-000024,INS-001,2021-02,127209,0,70991,56218,74054
CLT-000024,INS-001,2021-03,110160,0,61477,48683,86225
CLT-000024,INS-001,2021-04,109459,0,61085,48374,98319
CLT-000024,INS-001,2021-05,84513,0,47164,37349,107656
CLT-000024,INS-001,2021-06,96311,0,53748,42563,118297
CLT-000024,INS-001,2021-07,93204,0,52014,41190,128594
CLT-000024,INS-001,2021-08,109559,0,61141,48418,140699
CLT-000024,INS-001,2021-09,132459,0,73921,58538,155333
CLT-000024,INS-001,2021-10,135903,0,75843,60060,170348
CLT-000024,INS-001,2021-11,112514,0,62790,49724,182779
CLT-000024,INS-001,2021-12,154874,0,86430,68444,199890
CLT-000024,INS-001,2022-01,114458,0,63875,50583,212536
CLT-000024,INS-001,2022-02,96620,0,53920,42700,223211
CLT-000024,INS-001,2022-03,95656,0,53382,42274,233779
CLT-000024,INS-001,2022-04,112228,0,62631,49597,246179
CLT-000024,INS-001,2022-05,76510,0,42698,33812,254632
CLT-000024,INS-001,2022-06,66372,0,37040,29332,261965
CLT-000024,INS-001,2022-07,86061,0,48028,38033,271473
CLT-000024,INS-001,2022-08,88554,0,49419,39135,281257
CLT-000024,INS-001,2022-09,117315,0,65470,51845,294218
CLT-000024,INS-001,2022-10,79641,0,44445,35196,303017
CLT-000024,INS-001,2022-11,89323,0,49848,39475,312886
CLT-000024,INS-001,2022-12,102352,0,57119,45233,324194
CLT-000024,INS-001,2023-01,113906,0,63567,50339,336779
CLT-000024,INS-001,2023-02,98661,0,55059,43602,347679
CLT-000024,INS-001,2023-03,92326,0,51524,40802,357880
CLT-000024,INS-001,2023-04,107222,0,59837,47385,369726
CLT-000024,INS-001,2023-05,99776,0,55682,44094,380750
CLT-000024,INS-001,2023-06,90159,0,50315,39844,390711
CLT-000024,INS-001,2023-07,82601,0,46097,36504,399837
CLT-000024,INS-001,2023-08,92341,0,51532,40809,410039
CLT-000024,INS-001,2023-09,121316,0,67702,53614,423442
CLT-000024,INS-001,2023-10,100628,0,56157,44471,434560
CLT-000024,INS-001,2023-11,138714,0,77412,61302,449886
CLT-000024,INS-001,2023-12,161239,0,89982,71257,467700
CLT-000024,INS-001,2024-01,167124,0,93266,73858,486164
CLT-000024,INS-001,2024-02,121017,0,67535,53482,499535
CLT-000024,INS-001,2024-03,96590,0,53904,42686,510206
CLT-000024,INS-001,2024-04,93715,0,52299,41416,520560
CLT-000024,INS-001,2024-05,99083,0,55295,43788,531507
CLT-000024,INS-001,2024-06,102674,0,57299,45375,542851
CLT-000024,INS-001,2024-07,81119,0,45270,35849,551813
CLT-000024,INS-001,2024-08,78625,0,43878,34747,560500
CLT-000024,INS-001,2024-09,78861,0,44010,34851,569213
CLT-000024,INS-001,2024-10,94948,0,52987,41961,579703
CLT-000024,INS-001,2024-11,113127,0,63132,49995,592202
CLT-000024,INS-001,2024-12,123165,0,68734,54431,605810
CLT-000024,INS-001,2025-01,-35024,0,0,-35024,597054
CLT-000024,INS-001,2025-02,-40716,0,0,-40716,586875
CLT-000024,INS-001,2025-03,-20211,0,0,-20211,581822
CLT-000024,INS-001,2025-04,-31125,0,0,-31125,574041
CLT-000024,INS-001,2025-05,-31143,0,0,-31143,566255
CLT-000024,INS-001,2025-06,-29103,0,0,-29103,558979
CLT-000024,INS-001,2025-07,-43522,0,0,-43522,548099
CLT-000024,INS-001,2025-08,-42327,0,0,-42327,537517
CLT-000024,INS-001,2025-09,-55515,0,0,-55515,523638
CLT-000024,INS-001,2025-10,-71633,0,0,-71633,505730
CLT-000024,INS-001,2025-11,-61623,0,0,-61623,490324
CLT-000024,INS-001,2025-12,-59541,0,0,-59541,475439
CLT-000025,INS-001,2021-04,30591,48220,25659,53152,212288
CLT-000025,INS-001,2021-05,24656,39548,20681,43523,223169
CLT-000025,INS-001,2021-06,30419,31547,25515,36451,232281
CLT-000025,INS-001,2021-07,29654,43122,24873,47903,244257
CLT-000025,INS-001,2021-08,39720,31713,33317,38116,253786
CLT-000025,INS-001,2021-09,36206,56797,30369,62634,269445
CLT-000025,INS-001,2021-10,48428,41874,40621,49681,281865
CLT-000025,INS-001,2021-11,61150,46606,51292,56464,295981
CLT-000025,INS-001,2021-12,59834,33376,50188,43023,306736
CLT-000025,INS-001,2022-01,52043,47318,43653,55708,320663
CLT-000025,INS-001,2022-02,51748,48785,43405,57127,334945
CLT-000025,INS-001,2022-03,35778,55393,30010,61161,350235
CLT-000025,INS-001,2022-04,28115,43399,23582,47932,362218
CLT-000025,INS-001,2022-05,36911,47493,30960,53444,375579
CLT-000025,INS-001,2022-06,31658,43400,26554,48504,387705
CLT-000025,INS-001,2022-07,34214,31883,28698,37399,397055
CLT-000025,INS-001,2022-08,28537,45698,23936,50299,409630
CLT-000025,INS-001,2022-09,54352,50815,45590,59577,424524
CLT-000025,INS-001,2022-10,53813,36942,45138,45617,435928
CLT-000025,INS-001,2022-11,64310,48265,53942,58633,450586
CLT-000025,INS-001,2022-12,51797,53713,43447,62064,466102
CLT-000025,INS-001,2023-01,56299,49726,47223,58802,480803
CLT-000025,INS-001,2023-02,54677,44299,45862,53114,494081
CLT-000025,INS-001,2023-03,48681,39692,40833,47540,505967
CLT-000025,INS-001,2023-04,41836,54482,35091,61226,521273
CLT-000025,INS-001,2023-05,34036,46526,28549,52013,534276
CLT-000025,INS-001,2023-06,27477,49239,23047,53669,547694
CLT-000025,INS-001,2023-07,28790,56341,24149,60982,562939
CLT-000025,INS-001,2023-08,23321,32779,19561,36538,572074
CLT-000025,INS-001,2023-09,33305,33205,27936,38574,581717
CLT-000025,INS-001,2023-10,43918,44844,36838,51924,594698
CLT-000025,INS-001,2023-11,60467,50571,50719,60319,609778
CLT-000025,INS-001,2023-12,69145,48679,57998,59826,624735
CLT-000025,INS-001,2024-01,47953,42555,40222,50286,637306
CLT-000025,INS-001,2024-02,51131,38714,42888,46958,649045
CLT-000025,INS-001,2024-03,36694,49141,30778,55057,662810
CLT-000025,INS-001,2024-04,42265,36753,35451,43566,673701
CLT-000025,INS-001,2024-05,42935,34615,36013,41536,684085
CLT-000025,INS-001,2024-06,36430,48533,30557,54406,697687
CLT-000025,INS-001,2024-07,41939,38978,35178,45739,709122
CLT-000025,INS-001,2024-08,37900,55219,31790,61329,724454
CLT-000025,INS-001,2024-09,61136,35436,51280,45292,735777
CLT-000025,INS-001,2024-10,66209,49694,55535,60368,750869
CLT-000025,INS-001,2024-11,78625,50556,65950,63231,766676
CLT-000025,INS-001,2024-12,78158,47510,65558,60110,781704
CLT-000025,INS-001,2025-01,44147,43865,37030,50982,794450
CLT-000025,INS-001,2025-02,41249,35290,34599,41939,804935
CLT-000025,INS-001,2025-03,40200,40517,33719,46998,816684
CLT-000025,INS-001,2025-04,26488,52488,22218,56758,830874
CLT-000025,INS-001,2025-05,24828,40722,20825,44725,842055
CLT-000025,INS-001,2025-06,22088,49955,18527,53516,855434
CLT-000025,INS-001,2025-07,29880,40520,25063,45338,866768
CLT-000025,INS-001,2025-08,37920,47533,31807,53646,880180
CLT-000025,INS-001,2025-09,37200,40462,31203,46459,891795
CLT-000025,INS-001,2025-10,34480,38921,28921,44480,902914
CLT-000025,INS-001,2025-11,28471,41482,23881,46072,914433
CLT-000025,INS-001,2025-12,30171,51973,25307,56837,928642
CLT-000026,INS-001,2021-05,66751,16563,40918,42396,56099
CLT-000026,INS-001,2021-06,75551,13119,46312,42358,66688
CLT-000026,INS-001,2021-07,78363,9518,48036,39845,76650
CLT-000026,INS-001,2021-08,93612,13890,57384,50119,89179
CLT-000026,INS-001,2021-09,61313,16372,37585,40100,99204
CLT-000026,INS-001,2021-10,59231,14553,36308,37476,108573
CLT-000026,INS-001,2021-11,54773,12709,33576,33906,117050
CLT-000026,INS-001,2021-12,55856,14769,34239,36386,126146
CLT-000026,INS-001,2022-01,63217,12493,38752,36958,135386
CLT-000026,INS-001,2022-02,56402,14769,34574,36597,144535
CLT-000026,INS-001,2022-03,56892,9174,34874,31191,152333
CLT-000026,INS-001,2022-04,55824,12316,34220,33920,160813
CLT-000026,INS-001,2022-05,66501,15588,40765,41324,171144
CLT-000026,INS-001,2022-06,71854,15699,44046,43507,182021
CLT-000026,INS-001,2022-07,97723,13559,59904,51379,194865
CLT-000026,INS-001,2022-08,92414,9233,56649,44997,206115
CLT-000026,INS-001,2022-09,88667,9708,54352,44023,217120
CLT-000026,INS-001,2022-10,91277,10226,55952,45551,228508
CLT-000026,INS-001,2022-11,57000,14373,34941,36433,237616
CLT-000026,INS-001,2022-12,69549,13020,42633,39936,247600
CLT-000026,INS-001,2023-01,59890,13606,36712,36784,256796
CLT-000026,INS-001,2023-02,64584,12161,39590,37156,266085
CLT-000026,INS-001,2023-03,73772,14924,45222,43474,276954
CLT-000026,INS-001,2023-04,69003,11690,42298,38394,286552
CLT-000026,INS-001,2023-05,77040,11095,47225,40910,296780
CLT-000026,INS-001,2023-06,114716,16661,70320,61057,312044
CLT-000026,INS-001,2023-07,132783,15891,81395,67278,328864
CLT-000026,INS-001,2023-08,119661,14135,73351,60444,343975
CLT-000026,INS-001,2023-09,141391,10726,86672,65445,360336
CLT-000026,INS-001,2023-10,136270,13925,83533,66662,377002
CLT-000026,INS-001,2023-11,113365,11560,69492,55433,390860
CLT-000026,INS-001,2023-12,97204,9676,59585,47294,402683
CLT-000026,INS-001,2024-01,80715,16751,49478,47988,414681
CLT-000026,INS-001,2024-02,106796,14322,65465,55653,428594
CLT-000026,INS-001,2024-03,91210,9576,55911,44875,439812
CLT-000026,INS-001,2024-04,85377,13849,52336,46890,451535
CLT-000026,INS-001,2024-05,112666,16132,69064,59734,466468
CLT-000026,INS-001,2024-06,155504,14927,95323,75108,485245
CLT-000026,INS-001,2024-07,164454,12876,100809,76521,504376
CLT-000026,INS-001,2024-08,154092,16346,94457,75980,523371
CLT-000026,INS-001,2024-09,175157,15795,107370,83582,544266
CLT-000026,INS-001,2024-10,138804,12212,85086,65930,560749
CLT-000026,INS-001,2024-11,116247,11580,71259,56568,574891
CLT-000026,INS-001,2024-12,114186,12190,69995,56380,588986
CLT-000026,INS-001,2025-01,48500,13275,29730,32045,596997
CLT-000026,INS-001,2025-02,54144,11896,33190,32850,605210
CLT-000026,INS-001,2025-03,55293,12619,33894,34018,613714
CLT-000026,INS-001,2025-04,56711,16347,34764,38294,623287
CLT-000026,INS-001,2025-05,64626,10106,39615,35116,632067
CLT-000026,INS-001,2025-06,76104,14278,46651,43731,642999
CLT-000026,INS-001,2025-07,93229,10350,57149,46431,654607
CLT-000026,INS-001,2025-08,106154,13936,65072,55019,668361
CLT-000026,INS-001,2025-09,106825,15994,65483,57336,682696
CLT-000026,INS-001,2025-10,106310,16642,65167,57784,697142
CLT-000026,INS-001,2025-11,93034,11697,57029,47702,709067
CLT-000026,INS-001,2025-12,78613,11132,48189,41556,719456
CLT-000027,INS-001,2021-05,4897,13441,2819,15519,3880
CLT-000027,INS-001,2021-06,5418,21155,3119,23454,9743
CLT-000027,INS-001,2021-07,5851,12787,3368,15270,13561
CLT-000027,INS-001,2021-08,6779,21312,3902,24189,19608
CLT-000027,INS-001,2021-09,5997,13111,3452,15656,23522
CLT-000027,INS-001,2021-10,5429,20508,3125,22811,29225
CLT-000027,INS-001,2021-11,6841,16944,3938,19847,34187
CLT-000027,INS-001,2021-12,9731,16370,5602,20499,39312
CLT-000027,INS-001,2022-01,10632,18153,6120,22664,44978
CLT-000027,INS-001,2022-02,10360,19062,5964,23458,50842
CLT-000027,INS-001,2022-03,10484,20054,6035,24502,56968
CLT-000027,INS-001,2022-04,7434,15669,4279,18824,61674
CLT-000027,INS-001,2022-05,5855,15809,3370,18293,66247
CLT-000027,INS-001,2022-06,5276,11972,3037,14210,69800
CLT-000027,INS-001,2022-07,8356,20956,4810,24501,75925
CLT-000027,INS-001,2022-08,8974,18590,5166,22398,81525
CLT-000027,INS-001,2022-09,8936,14892,5144,18684,86196
CLT-000027,INS-001,2022-10,2830,16630,1629,17831,90653
CLT-000027,INS-001,2022-11,2471,15827,1422,16876,94872
CLT-000027,INS-001,2022-12,3431,12805,1975,14261,98437
CLT-000027,INS-001,2023-01,8594,17874,4947,21521,103818
CLT-000027,INS-001,2023-02,7246,16012,4171,19087,108589
CLT-000027,INS-001,2023-03,7474,13780,4302,16952,112827
CLT-000027,INS-001,2023-04,6385,14792,3676,17501,117203
CLT-000027,INS-001,2023-05,8223,20708,4734,24197,123252
CLT-000027,INS-001,2023-06,9802,15283,5643,19442,128112
CLT-000027,INS-001,2023-07,7657,15552,4408,18801,132813
CLT-000027,INS-001,2023-08,6621,16279,3811,19089,137585
CLT-000027,INS-001,2023-09,9187,19978,5288,23876,143554
CLT-000027,INS-001,2023-10,9733,15281,5603,19411,148407
CLT-000027,INS-001,2023-11,8653,14622,4981,18293,152980
CLT-000027,INS-001,2023-12,8564,16430,4930,20064,157996
CLT-000027,INS-001,2024-01,6229,11854,3586,14498,161621
CLT-000027,INS-001,2024-02,8041,17008,4629,20421,166726
CLT-000027,INS-001,2024-03,7204,19623,4147,22680,172396
CLT-000027,INS-001,2024-04,6291,13810,3621,16479,176516
CLT-000027,INS-001,2024-05,5404,14092,3111,16385,180612
CLT-000027,INS-001,2024-06,5319,18605,3062,20862,185827
CLT-000027,INS-001,2024-07,5975,21056,3440,23591,191725
CLT-000027,INS-001,2024-08,6570,18909,3782,21697,197149
CLT-000027,INS-001,2024-09,6114,19704,3520,22298,202724
CLT-000027,INS-001,2024-10,8348,14046,4806,17589,207121
CLT-000027,INS-001,2024-11,9289,15996,5347,19938,212106
CLT-000027,INS-001,2024-12,8963,15594,5160,19398,216955
CLT-000027,INS-001,2025-01,-17600,19889,0,2289,217527
CLT-000027,INS-001,2025-02,-17478,14922,0,-2556,216888
CLT-000027,INS-001,2025-03,-4326,13165,0,8839,219098
CLT-000027,INS-001,2025-04,-3928,16298,0,12370,222191
CLT-000027,INS-001,2025-05,-4312,13745,0,9433,224549
CLT-000027,INS-001,2025-06,-2792,20388,0,17596,228948
CLT-000027,INS-001,2025-07,-3452,16989,0,13537,232332
CLT-000027,INS-001,2025-08,-5504,16445,0,10941,235068
CLT-000027,INS-001,2025-09,-7638,20851,0,13213,238371
CLT-000027,INS-001,2025-10,-6796,12562,0,5766,239812
CLT-000027,INS-001,2025-11,-7502,14023,0,6521,241442
CLT-000027,INS-001,2025-12,-7003,19130,0,12127,244474
CLT-000028,INS-001,2021-05,10374,0,4579,5795,1449
CLT-000028,INS-001,2021-06,10381,0,4582,5799,2899
CLT-000028,INS-001,2021-07,12982,0,5730,7252,4712
CLT-000028,INS-001,2021-08,12200,0,5384,6816,6416
CLT-000028,INS-001,2021-09,15076,0,6654,8422,8521
CLT-000028,INS-001,2021-10,15536,0,6857,8679,10691
CLT-000028,INS-001,2021-11,22440,0,9904,12536,13825
CLT-000028,INS-001,2021-12,22737,0,10035,12702,17001
CLT-000028,INS-001,2022-01,16645,0,7346,9299,19325
CLT-000028,INS-001,2022-02,15956,0,7042,8914,21554
CLT-000028,INS-001,2022-03,19630,0,8664,10966,24295
CLT-000028,INS-001,2022-04,16207,0,7153,9054,26559
CLT-000028,INS-001,2022-05,11539,0,5093,6446,28171
CLT-000028,INS-001,2022-06,13024,0,5748,7276,29989
CLT-000028,INS-001,2022-07,16218,0,7158,9060,32255
CLT-000028,INS-001,2022-08,19692,0,8691,11001,35005
CLT-000028,INS-001,2022-09,21839,0,9639,12200,38055
CLT-000028,INS-001,2022-10,-13640,0,0,-13640,34645
CLT-000028,INS-001,2022-11,-11563,0,0,-11563,31754
CLT-000028,INS-001,2022-12,-10730,0,0,-10730,29072
CLT-000028,INS-001,2023-01,9211,0,4065,5146,30358
CLT-000028,INS-001,2023-02,8572,0,3783,4789,31555
CLT-000028,INS-001,2023-03,8205,0,3621,4584,32701
CLT-000028,INS-001,2023-04,6732,0,2971,3761,33641
CLT-000028,INS-001,2023-05,6676,0,2946,3730,34574
CLT-000028,INS-001,2023-06,14640,0,6461,8179,36618
CLT-000028,INS-001,2023-07,17159,0,7573,9586,39015
CLT-000028,INS-001,2023-08,22463,0,9914,12549,42152
CLT-000028,INS-001,2023-09,24011,0,10597,13414,45506
CLT-000028,INS-001,2023-10,33052,0,14587,18465,50122
CLT-000028,INS-001,2023-11,21483,0,9481,12002,53122
CLT-000028,INS-001,2023-12,20475,0,9037,11438,55982
CLT-000028,INS-001,2024-01,10047,0,4434,5613,57385
CLT-000028,INS-001,2024-02,3533,0,1559,1974,57878
CLT-000028,INS-001,2024-03,3367,0,1486,1881,58349
CLT-000028,INS-001,2024-04,2614,0,1154,1460,58714
CLT-000028,INS-001,2024-05,3774,0,1666,2108,59241
CLT-000028,INS-001,2024-06,3276,0,1446,1830,59698
CLT-000028,INS-001,2024-07,4440,0,1960,2480,60319
CLT-000028,INS-001,2024-08,10639,0,4695,5944,61804
CLT-000028,INS-001,2024-09,10822,0,4776,6046,63316
CLT-000028,INS-001,2024-10,12424,0,5483,6941,65051
CLT-000028,INS-001,2024-11,11631,0,5133,6498,66675
CLT-000028,INS-001,2024-12,12346,0,5449,6897,68400
CLT-000028,INS-001,2025-01,-145253,0,0,-145253,32086
CLT-000028,INS-001,2025-02,-117837,0,0,-117837,2627
CLT-000028,INS-001,2025-03,-98808,0,0,-98808,0
CLT-000028,INS-001,2025-04,-105491,0,0,-105491,0
CLT-000028,INS-001,2025-05,-131953,0,0,-131953,0
CLT-000028,INS-001,2025-06,-86456,0,0,-86456,0
CLT-000028,INS-001,2025-07,-97774,0,0,-97774,0
CLT-000028,INS-001,2025-08,-111904,0,0,-111904,0
CLT-000028,INS-001,2025-09,-110684,0,0,-110684,0
CLT-000028,INS-001,2025-10,-158026,0,0,-158026,0
CLT-000028,INS-001,2025-11,-137513,0,0,-137513,0
CLT-000028,INS-001,2025-12,-131205,0,0,-131205,0
CLT-000029,INS-001,2021-06,26291,0,10949,15342,3836
CLT-000029,INS-001,2021-07,23984,0,9988,13996,7335
CLT-000029,INS-001,2021-08,30044,0,12512,17532,11718
CLT-000029,INS-001,2021-09,32836,0,13675,19161,16508
CLT-000029,INS-001,2021-10,35505,0,14786,20719,21688
CLT-000029,INS-001,2021-11,37415,0,15581,21834,27146
CLT-000029,INS-001,2021-12,36446,0,15178,21268,32463
CLT-000029,INS-001,2022-01,29786,0,12404,17382,36809
CLT-000029,INS-001,2022-02,26894,0,11200,15694,40732
CLT-000029,INS-001,2022-03,30335,0,12633,17702,45158
CLT-000029,INS-001,2022-04,25834,0,10759,15075,48926
CLT-000029,INS-001,2022-05,23549,0,9807,13742,52362
CLT-000029,INS-001,2022-06,22148,0,9224,12924,55593
CLT-000029,INS-001,2022-07,24316,0,10126,14190,59140
CLT-000029,INS-001,2022-08,26987,0,11239,15748,63078
CLT-000029,INS-001,2022-09,29323,0,12212,17111,67355
CLT-000029,INS-001,2022-10,24375,0,10151,14224,70911
CLT-000029,INS-001,2022-11,21126,0,8798,12328,73993
CLT-000029,INS-001,2022-12,21190,0,8825,12365,77085
CLT-000029,INS-001,2023-01,28817,0,12001,16816,81289
CLT-000029,INS-001,2023-02,24895,0,10367,14528,84921
CLT-000029,INS-001,2023-03,26440,0,11011,15429,88778
CLT-000029,INS-001,2023-04,23478,0,9777,13701,92203
CLT-000029,INS-001,2023-05,20860,0,8687,12173,95246
CLT-000029,INS-001,2023-06,19022,0,7922,11100,98021
CLT-000029,INS-001,2023-07,23221,0,9670,13551,101409
CLT-000029,INS-001,2023-08,20485,0,8531,11954,104398
CLT-000029,INS-001,2023-09,21148,0,8807,12341,107483
CLT-000029,INS-001,2023-10,25171,0,10482,14689,111155
CLT-000029,INS-001,2023-11,31179,0,12984,18195,115704
CLT-000029,INS-001,2023-12,29749,0,12389,17360,120044
CLT-000029,INS-001,2024-01,27929,0,11631,16298,124118
CLT-000029,INS-001,2024-02,25599,0,10661,14938,127853
CLT-000029,INS-001,2024-03,21771,0,9067,12704,131029
CLT-000029,INS-001,2024-04,23711,0,9874,13837,134488
CLT-000029,INS-001,2024-05,25995,0,10826,15169,138280
CLT-000029,INS-001,2024-06,25882,0,10779,15103,142056
CLT-000029,INS-001,2024-07,23540,0,9803,13737,145490
CLT-000029,INS-001,2024-08,31170,0,12981,18189,150038
CLT-000029,INS-001,2024-09,33304,0,13869,19435,154896
CLT-000029,INS-001,2024-10,31631,0,13173,18458,159511
CLT-000029,INS-001,2024-11,31954,0,13307,18647,164173
CLT-000029,INS-001,2024-12,24119,0,10044,14075,167691
CLT-000029,INS-001,2025-01,-5041,0,0,-5041,166431
CLT-000029,INS-001,2025-02,-4798,0,0,-4798,165232
CLT-000029,INS-001,2025-03,-4088,0,0,-4088,164210
CLT-000029,INS-001,2025-04,-4711,0,0,-4711,163032
CLT-000029,INS-001,2025-05,-3432,0,0,-3432,162174
CLT-000029,INS-001,2025-06,-3531,0,0,-3531,161291
CLT-000029,INS-001,2025-07,-3777,0,0,-3777,160347
CLT-000029,INS-001,2025-08,-4894,0,0,-4894,159123
CLT-000029,INS-001,2025-09,-4879,0,0,-4879,157904
CLT-000029,INS-001,2025-10,-5002,0,0,-5002,156653
CLT-000029,INS-001,2025-11,-5651,0,0,-5651,155240
CLT-000029,INS-001,2025-12,-3308,0,0,-3308,154413
CLT-000030,INS-001,2021-08,124925,0,56324,68601,62650
CLT-000030,INS-001,2021-09,114670,0,51701,62969,78392
CLT-000030,INS-001,2021-10,115861,0,52238,63623,94298
CLT-000030,INS-001,2021-11,72483,0,32680,39803,104249
CLT-000030,INS-001,2021-12,67251,0,30321,36930,113481
CLT-000030,INS-001,2022-01,77421,0,34907,42514,124110
CLT-000030,INS-001,2022-02,70298,0,31695,38603,133761
CLT-000030,INS-001,2022-03,65615,0,29584,36031,142769
CLT-000030,INS-001,2022-04,62450,0,28157,34293,151342
CLT-000030,INS-001,2022-05,59010,0,26606,32404,159443
CLT-000030,INS-001,2022-06,60820,0,27422,33398,167793
CLT-000030,INS-001,2022-07,102321,0,46133,56188,181840
CLT-000030,INS-001,2022-08,134621,0,60696,73925,200321
CLT-000030,INS-001,2022-09,147800,0,66638,81162,220611
CLT-000030,INS-001,2022-10,124389,0,56083,68306,237688
CLT-000030,INS-001,2022-11,101738,0,45870,55868,251655
CLT-000030,INS-001,2022-12,101065,0,45567,55498,265529
CLT-000030,INS-001,2023-01,143342,0,64628,78714,285208
CLT-000030,INS-001,2023-02,141048,0,63594,77454,304571
CLT-000030,INS-001,2023-03,131970,0,59501,72469,322689
CLT-000030,INS-001,2023-04,125337,0,56510,68827,339895
CLT-000030,INS-001,2023-05,102666,0,46289,56377,353990
CLT-000030,INS-001,2023-06,94815,0,42749,52066,367006
CLT-000030,INS-001,2023-07,103687,0,46749,56938,381241
CLT-000030,INS-001,2023-08,82204,0,37063,45141,392526
CLT-000030,INS-001,2023-09,92227,0,41582,50645,405187
CLT-000030,INS-001,2023-10,117063,0,52780,64283,421258
CLT-000030,INS-001,2023-11,158702,0,71553,87149,443045
CLT-000030,INS-001,2023-12,130912,0,59024,71888,461017
CLT-000030,INS-001,2024-01,122743,0,55341,67402,477868
CLT-000030,INS-001,2024-02,93638,0,42218,51420,490723
CLT-000030,INS-001,2024-03,100933,0,45507,55426,504579
CLT-000030,INS-001,2024-04,89779,0,40478,49301,516904
CLT-000030,INS-001,2024-05,88793,0,40034,48759,529094
CLT-000030,INS-001,2024-06,88030,0,39690,48340,541179
CLT-000030,INS-001,2024-07,102659,0,46286,56373,555272
CLT-000030,INS-001,2024-08,103729,0,46768,56961,569513
CLT-000030,INS-001,2024-09,123641,0,55746,67895,586487
CLT-000030,INS-001,2024-10,139145,0,62736,76409,605589
CLT-000030,INS-001,2024-11,28697,0,12939,15758,609528
CLT-000030,INS-001,2024-12,38199,0,17223,20976,614773
CLT-000030,INS-001,2025-01,-2408,0,0,-2408,614171
CLT-000030,INS-001,2025-02,-2172,0,0,-2172,613628
CLT-000030,INS-001,2025-03,-2302,0,0,-2302,613052
CLT-000030,INS-001,2025-04,-2558,0,0,-2558,612413
CLT-000030,INS-001,2025-05,-2752,0,0,-2752,611725
CLT-000030,INS-001,2025-06,-1950,0,0,-1950,611237
CLT-000030,INS-001,2025-07,-9393,0,0,-9393,608889
CLT-000030,INS-001,2025-08,-9616,0,0,-9616,606485
CLT-000030,INS-001,2025-09,-11117,0,0,-11117,603706
CLT-000030,INS-001,2025-10,-11910,0,0,-11910,600728
CLT-000030,INS-001,2025-11,-11234,0,0,-11234,597920
CLT-000030,INS-001,2025-12,-9522,0,0,-9522,595539
CLT-000031,INS-001,2021-09,40197,10642,16804,34035,20509
CLT-000031,INS-001,2021-10,94926,13302,39683,68545,37645
CLT-000031,INS-001,2021-11,79547,13727,33254,60020,52650
CLT-000031,INS-001,2021-12,71675,10903,29963,52615,65804
CLT-000031,INS-001,2022-01,60227,15102,25177,50151,78341
CLT-000031,INS-001,2022-02,52692,9393,22027,40057,88356
CLT-000031,INS-001,2022-03,56458,15566,23602,48422,100461
CLT-000031,INS-001,2022-04,55674,12784,23274,45184,111757
CLT-000031,INS-001,2022-05,54762,9819,22893,41688,122179
CLT-000031,INS-001,2022-06,77421,10760,32365,55816,136133
CLT-000031,INS-001,2022-07,67085,16510,28044,55551,150021
CLT-000031,INS-001,2022-08,110386,11854,46146,76094,169045
CLT-000031,INS-001,2022-09,63088,10805,26373,47519,180924
CLT-000031,INS-001,2022-10,24342,12764,10176,26930,187657
CLT-000031,INS-001,2022-11,47039,9655,19664,37029,196914
CLT-000031,INS-001,2022-12,52370,11118,21893,41595,207313
CLT-000031,INS-001,2023-01,79576,14260,33266,60570,222456
CLT-000031,INS-001,2023-02,47187,11742,19726,39202,232256
CLT-000031,INS-001,2023-03,49277,9882,20600,38560,241896
CLT-000031,INS-001,2023-04,69314,11859,28976,52197,254945
CLT-000031,INS-001,2023-05,39246,13323,16406,36162,263986
CLT-000031,INS-001,2023-06,39567,15703,16541,38729,273668
CLT-000031,INS-001,2023-07,55526,15518,23212,47832,285626
CLT-000031,INS-001,2023-08,35077,13301,14664,33714,294055
CLT-000031,INS-001,2023-09,44502,15935,18604,41834,304513
CLT-000031,INS-001,2023-10,69475,12716,29044,53147,317800
CLT-000031,INS-001,2023-11,87733,9566,36676,60623,332956
CLT-000031,INS-001,2023-12,99276,12119,41502,69894,350429
CLT-000031,INS-001,2024-01,61299,9720,25626,45394,361777
CLT-000031,INS-001,2024-02,43656,10604,18250,36010,370780
CLT-000031,INS-001,2024-03,68008,13384,28430,52962,384020
CLT-000031,INS-001,2024-04,57449,16295,24016,49728,396452
CLT-000031,INS-001,2024-05,44370,10524,18549,36346,405539
CLT-000031,INS-001,2024-06,57693,9757,24118,43332,416372
CLT-000031,INS-001,2024-07,65828,10486,27519,48795,428570
CLT-000031,INS-001,2024-08,30620,15124,12800,32944,436806
CLT-000031,INS-001,2024-09,61406,12187,25670,47923,448787
CLT-000031,INS-001,2024-10,99395,14997,41551,72841,466997
CLT-000031,INS-001,2024-11,76595,15907,32020,60482,482117
CLT-000031,INS-001,2024-12,63981,15063,26747,52297,495192
CLT-000031,INS-001,2025-01,-5129,14187,0,9058,497456
CLT-000031,INS-001,2025-02,-3885,11011,0,7126,499238
CLT-000031,INS-001,2025-03,-3610,9620,0,6010,500740
CLT-000031,INS-001,2025-04,-2811,15318,0,12507,503867
CLT-000031,INS-001,2025-05,-2229,9277,0,7048,505629
CLT-000031,INS-001,2025-06,-3642,12758,0,9116,507908
CLT-000031,INS-001,2025-07,-5435,14991,0,9556,510297
CLT-000031,INS-001,2025-08,-3927,15464,0,11537,513181
CLT-000031,INS-001,2025-09,-3771,14379,0,10608,515833
CLT-000031,INS-001,2025-10,-2584,10133,0,7549,517721
CLT-000031,INS-001,2025-11,-4601,11268,0,6667,519387
CLT-000031,INS-001,2025-12,-5208,12004,0,6796,521086
CLT-000032,INS-001,2021-09,30314,105401,15851,119864,85466
CLT-000032,INS-001,2021-10,36735,114040,19209,131566,118358
CLT-000032,INS-001,2021-11,25827,124762,13505,137084,152629
CLT-000032,INS-001,2021-12,50193,92914,26246,116861,181844
CLT-000032,INS-001,2022-01,53556,103103,28005,128654,214007
CLT-000032,INS-001,2022-02,59458,113625,31091,141992,249505
CLT-000032,INS-001,2022-03,46146,78983,24130,100999,274755
CLT-000032,INS-001,2022-04,52139,75340,27264,100215,299809
CLT-000032,INS-001,2022-05,63352,126042,33127,156267,338876
CLT-000032,INS-001,2022-06,39604,109900,20709,128795,371074
CLT-000032,INS-001,2022-07,33169,127589,17344,143414,406928
CLT-000032,INS-001,2022-08,38204,115061,19977,133288,440250
CLT-000032,INS-001,2022-09,56872,94073,29739,121207,470552
CLT-000032,INS-001,2022-10,28582,88149,14946,101786,495998
CLT-000032,INS-001,2022-11,31875,135891,16668,151098,533773
CLT-000032,INS-001,2022-12,30466,101433,15931,115968,562765
CLT-000032,INS-001,2023-01,38291,121389,20023,139657,597679
CLT-000032,INS-001,2023-02,37917,118301,19827,136391,631777
CLT-000032,INS-001,2023-03,49366,75249,25814,98801,656477
CLT-000032,INS-001,2023-04,57259,110480,29941,137798,690927
CLT-000032,INS-001,2023-05,53787,77336,28126,102998,716676
CLT-000032,INS-001,2023-06,63528,127680,33219,157988,756173
CLT-000032,INS-001,2023-07,33967,110741,17762,126946,787910
CLT-000032,INS-001,2023-08,57297,125094,29961,152430,826017
CLT-000032,INS-001,2023-09,75906,133652,39692,169867,868484
CLT-000032,INS-001,2023-10,90441,112801,47292,155950,907471
CLT-000032,INS-001,2023-11,86027,96511,44984,137554,941860
CLT-000032,INS-001,2023-12,101001,95107,52814,143294,977683
CLT-000032,INS-001,2024-01,68022,108389,35569,140842,1012894
CLT-000032,INS-001,2024-02,70368,106711,36796,140283,1047965
CLT-000032,INS-001,2024-03,41769,106572,21841,126500,1079590
CLT-000032,INS-001,2024-04,48557,96940,25391,120106,1109616
CLT-000032,INS-001,2024-05,52677,108337,27545,133469,1142984
CLT-000032,INS-001,2024-06,61967,91107,32403,120671,1173151
CLT-000032,INS-001,2024-07,38657,103402,20214,121845,1203613
CLT-000032,INS-001,2024-08,56218,103041,29397,129863,1236078
CLT-000032,INS-001,2024-09,54759,129383,28634,155508,1274955
CLT-000032,INS-001,2024-10,40587,136093,21223,155457,1313820
CLT-000032,INS-001,2024-11,41856,83626,21887,103595,1339718
CLT-000032,INS-001,2024-12,43145,100972,22561,121557,1370107
CLT-000032,INS-001,2025-01,7024,122770,3673,126121,1401638
CLT-000032,INS-001,2025-02,7764,84694,4060,88398,1423737
CLT-000032,INS-001,2025-03,8350,108574,4366,112558,1451877
CLT-000032,INS-001,2025-04,11605,99342,6068,104879,1478096
CLT-000032,INS-001,2025-05,7156,103767,3742,107181,1504892
CLT-000032,INS-001,2025-06,7720,102191,4037,105874,1531360
CLT-000032,INS-001,2025-07,8924,77772,4666,82030,1551868
CLT-000032,INS-001,2025-08,7379,87066,3859,90586,1574514
CLT-000032,INS-001,2025-09,9109,114633,4763,118979,1604259
CLT-000032,INS-001,2025-10,14365,98145,7512,104998,1630508
CLT-000032,INS-001,2025-11,11273,128138,5895,133516,1663888
CLT-000032,INS-001,2025-12,12399,115050,6484,120965,1694129
CLT-000033,INS-001,2021-10,31367,108710,15671,124406,31102
CLT-000033,INS-001,2021-11,22683,93717,11332,105068,57368
CLT-000033,INS-001,2021-12,39367,88976,19667,108675,84537
CLT-000033,INS-001,2022-01,17274,109769,8630,118413,114140
CLT-000033,INS-001,2022-02,12713,133432,6351,139793,149089
CLT-000033,INS-001,2022-03,22227,123607,11104,134730,182771
CLT-000033,INS-001,2022-04,30341,138148,15158,153331,221104
CLT-000033,INS-001,2022-05,14749,105593,7368,112974,249348
CLT-000033,INS-001,2022-06,18071,131829,9028,140872,284565
CLT-000033,INS-001,2022-07,37324,119864,18647,138541,319201
CLT-000033,INS-001,2022-08,29457,118910,14716,133650,352613
CLT-000033,INS-001,2022-09,41024,96705,20495,117233,381922
CLT-000033,INS-001,2022-10,6339,118274,3167,121446,412283
CLT-000033,INS-001,2022-11,8470,136921,4232,141159,447573
CLT-000033,INS-001,2022-12,9056,79949,4524,84481,468693
CLT-000033,INS-001,2023-01,21726,115217,10854,126089,500216
CLT-000033,INS-001,2023-02,16142,109737,8064,117815,529669
CLT-000033,INS-001,2023-03,11314,131116,5652,136778,563864
CLT-000033,INS-001,2023-04,6456,112072,3225,115302,592689
CLT-000033,INS-001,2023-05,14564,125245,7276,132533,625823
CLT-000033,INS-001,2023-06,15649,96841,7818,104672,651991
CLT-000033,INS-001,2023-07,37822,85687,18896,104613,678144
CLT-000033,INS-001,2023-08,14609,121780,7299,129090,710417
CLT-000033,INS-001,2023-09,27815,128106,13896,142025,745923
CLT-000033,INS-001,2023-10,7347,110907,3671,114584,774569
CLT-000033,INS-001,2023-11,19456,128054,9720,137790,809016
CLT-000033,INS-001,2023-12,14942,96961,7465,104439,835126
CLT-000033,INS-001,2024-01,22039,106100,11011,117128,864408
CLT-000033,INS-001,2024-02,26107,124305,13043,137370,898750
CLT-000033,INS-001,2024-03,26980,124327,13479,137828,933207
CLT-000033,INS-001,2024-04,13607,106995,6798,113804,961658
CLT-000033,INS-001,2024-05,12279,108682,6134,114827,990365
CLT-000033,INS-001,2024-06,14060,116234,7024,123270,1021183
CLT-000033,INS-001,2024-07,8352,97968,4173,102147,1046719
CLT-000033,INS-001,2024-08,23786,119585,11883,131488,1079591
CLT-000033,INS-001,2024-09,19034,114954,9509,124479,1110711
CLT-000033,INS-001,2024-10,8206,123123,4100,127229,1142518
CLT-000033,INS-001,2024-11,14217,133064,7103,140178,1177563
CLT-000033,INS-001,2024-12,19267,133981,9626,143622,1213468
CLT-000033,INS-001,2025-01,-69474,112902,0,43428,1224325
CLT-000033,INS-001,2025-02,-41027,102633,0,61606,1239727
CLT-000033,INS-001,2025-03,-31206,118533,0,87327,1261559
CLT-000033,INS-001,2025-04,-17853,75755,0,57902,1276034
CLT-000033,INS-001,2025-05,-35407,108822,0,73415,1294388
CLT-000033,INS-001,2025-06,-54244,88662,0,34418,1302992
CLT-000033,INS-001,2025-07,-78164,84037,0,5873,1304460
CLT-000033,INS-001,2025-08,-58799,138336,0,79537,1324345
CLT-000033,INS-001,2025-09,-102734,110085,0,7351,1326182
CLT-000033,INS-001,2025-10,-65332,130002,0,64670,1342350
CLT-000033,INS-001,2025-11,-36774,125215,0,88441,1364460
CLT-000033,INS-001,2025-12,-41843,126899,0,85056,1385724
CLT-000034,INS-001,2021-12,34547,16525,20218,30854,112714
CLT-000034,INS-001,2022-01,37063,28051,21691,43423,123569
CLT-000034,INS-001,2022-02,31263,20805,18296,33772,132012
CLT-000034,INS-001,2022-03,22201,24459,12993,33667,140429
CLT-000034,INS-001,2022-04,15740,24721,9212,31250,148241
CLT-000034,INS-001,2022-05,7477,24225,4376,27326,155073
CLT-000034,INS-001,2022-06,7685,24252,4498,27440,161933
CLT-000034,INS-001,2022-07,3947,22035,2310,23672,167851
CLT-000034,INS-001,2022-08,5891,26164,3448,28607,175003
CLT-000034,INS-001,2022-09,8289,25059,4851,28497,182127
CLT-000034,INS-001,2022-10,7816,22016,4574,25258,188441
CLT-000034,INS-001,2022-11,8955,22880,5241,26594,195090
CLT-000034,INS-001,2022-12,10893,24519,6375,29037,202349
CLT-000034,INS-001,2023-01,28834,24279,16875,36238,211409
CLT-000034,INS-001,2023-02,23763,25873,13907,35729,220341
CLT-000034,INS-001,2023-03,18486,16590,10819,24257,226405
CLT-000034,INS-001,2023-04,11334,27291,6633,31992,234403
CLT-000034,INS-001,2023-05,7920,21802,4635,25086,240675
CLT-000034,INS-001,2023-06,7555,26891,4421,30024,248181
CLT-000034,INS-001,2023-07,9130,17796,5343,21583,253577
CLT-000034,INS-001,2023-08,16386,22329,9590,29125,260858
CLT-000034,INS-001,2023-09,27276,22371,15963,33684,269279
CLT-000034,INS-001,2023-10,33098,22014,19370,35742,278215
CLT-000034,INS-001,2023-11,44134,16686,25829,34991,286962
CLT-000034,INS-001,2023-12,35527,29765,20792,44500,298087
CLT-000034,INS-001,2024-01,37806,19954,22126,35635,306996
CLT-000034,INS-001,2024-02,28155,21882,16477,33560,315386
CLT-000034,INS-001,2024-03,18967,22475,11100,30342,322972
CLT-000034,INS-001,2024-04,11847,27340,6933,32254,331035
CLT-000034,INS-001,2024-05,8493,25257,4970,28780,338230
CLT-000034,INS-001,2024-06,5797,28528,3393,30932,345963
CLT-000034,INS-001,2024-07,7183,27402,4204,30382,353559
CLT-000034,INS-001,2024-08,11285,19712,6604,24393,359657
CLT-000034,INS-001,2024-09,21781,26692,12747,35726,368588
CLT-000034,INS-001,2024-10,28714,22025,16805,33934,377072
CLT-000034,INS-001,2024-11,31823,16766,18624,29965,384563
CLT-000034,INS-001,2024-12,30390,23294,17785,35899,393538
CLT-000034,INS-001,2025-01,-7407,22435,0,15028,397295
CLT-000034,INS-001,2025-02,-7557,24429,0,16872,401512
CLT-000034,INS-001,2025-03,-6178,21604,0,15426,405369
CLT-000034,INS-001,2025-04,-3809,20016,0,16207,409421
CLT-000034,INS-001,2025-05,-2094,17128,0,15034,413179
CLT-000034,INS-001,2025-06,-2013,22670,0,20657,418344
CLT-000034,INS-001,2025-07,-2314,19048,0,16734,422527
CLT-000034,INS-001,2025-08,-4045,24774,0,20729,427709
CLT-000034,INS-001,2025-09,-5350,28509,0,23159,433499
CLT-000034,INS-001,2025-10,-6600,19736,0,13136,436783
CLT-000034,INS-001,2025-11,-7211,25433,0,18222,441338
CLT-000034,INS-001,2025-12,-9301,27222,0,17921,445819
CLT-000035,INS-001,2022-03,15770,28636,9914,34492,33123
CLT-000035,INS-001,2022-04,12935,39079,8131,43883,44094
CLT-000035,INS-001,2022-05,11868,36121,7461,40528,54226
CLT-000035,INS-001,2022-06,10329,29773,6493,33608,62628
CLT-000035,INS-001,2022-07,8641,41624,5432,44833,73836
CLT-000035,INS-001,2022-08,9666,24524,6076,28114,80864
CLT-000035,INS-001,2022-09,10624,40567,6679,44512,91993
CLT-000035,INS-001,2022-10,3482,42503,2189,43796,102942
CLT-000035,INS-001,2022-11,3611,33216,2270,34557,111581
CLT-000035,INS-001,2022-12,4036,33232,2537,34731,120263
CLT-000035,INS-001,2023-01,11060,25380,6953,29487,127635
CLT-000035,INS-001,2023-02,9979,35533,6273,39238,137445
CLT-000035,INS-001,2023-03,10065,42428,6327,46166,148986
CLT-000035,INS-001,2023-04,10375,31891,6522,35744,157922
CLT-000035,INS-001,2023-05,7917,31903,4977,34843,166633
CLT-000035,INS-001,2023-06,9572,40360,6017,43914,177612
CLT-000035,INS-001,2023-07,11319,38618,7116,42822,188317
CLT-000035,INS-001,2023-08,11154,36395,7012,40537,198451
CLT-000035,INS-001,2023-09,10985,34011,6906,38090,207974
CLT-000035,INS-001,2023-10,14711,30436,9248,35899,216949
CLT-000035,INS-001,2023-11,18052,42021,11348,48725,229130
CLT-000035,INS-001,2023-12,18057,25175,11351,31880,237100
CLT-000035,INS-001,2024-01,12014,28058,7552,32519,245230
CLT-000035,INS-001,2024-02,10372,39937,6520,43789,256177
CLT-000035,INS-001,2024-03,8648,38939,5436,42151,266715
CLT-000035,INS-001,2024-04,7192,28589,4521,31260,274530
CLT-000035,INS-001,2024-05,5673,38794,3566,40900,284755
CLT-000035,INS-001,2024-06,6002,38543,3773,40772,294948
CLT-000035,INS-001,2024-07,7363,30790,4629,33525,303329
CLT-000035,INS-001,2024-08,7844,26196,4931,29109,310606
CLT-000035,INS-001,2024-09,8176,37133,5140,40169,320648
CLT-000035,INS-001,2024-10,10553,38204,6634,42123,331179
CLT-000035,INS-001,2024-11,11227,35873,7058,40043,341190
CLT-000035,INS-001,2024-12,10383,30817,6527,34672,349858
CLT-000035,INS-001,2025-01,-29561,41657,0,12096,352882
CLT-000035,INS-001,2025-02,-26629,35503,0,8874,355100
CLT-000035,INS-001,2025-03,-26485,33605,0,7120,356880
CLT-000035,INS-001,2025-04,-20126,34268,0,14142,360416
CLT-000035,INS-001,2025-05,-18370,30218,0,11848,363378
CLT-000035,INS-001,2025-06,-16590,23676,0,7086,365149
CLT-000035,INS-001,2025-07,-16366,33660,0,17294,369473
CLT-000035,INS-001,2025-08,-22440,35946,0,13506,372849
CLT-000035,INS-001,2025-09,-25637,37099,0,11462,375715
CLT-000035,INS-001,2025-10,-32819,34551,0,1732,376148
CLT-000035,INS-001,2025-11,-32604,41778,0,9174,378441
CLT-000035,INS-001,2025-12,-31067,27061,0,-4006,377440
CLT-000036,INS-001,2022-05,15910,79636,8342,87204,70301
CLT-000036,INS-001,2022-06,15587,88557,8173,95971,94294
CLT-000036,INS-001,2022-07,16995,113899,8911,121983,124790
CLT-000036,INS-001,2022-08,18591,76909,9748,85752,146228
CLT-000036,INS-001,2022-09,19982,76350,10477,85855,167691
CLT-000036,INS-001,2022-10,18136,94669,9509,103296,193515
CLT-000036,INS-001,2022-11,16052,91747,8416,99383,218361
CLT-000036,INS-001,2022-12,15576,132901,8167,140310,253439
CLT-000036,INS-001,2023-01,18066,84261,9472,92855,276652
CLT-000036,INS-001,2023-02,15624,73142,8192,80574,296796
CLT-000036,INS-001,2023-03,14254,105560,7474,112340,324881
CLT-000036,INS-001,2023-04,14201,121784,7446,128539,357016
CLT-000036,INS-001,2023-05,15422,107949,8086,115285,385837
CLT-000036,INS-001,2023-06,17884,105554,9377,114061,414352
CLT-000036,INS-001,2023-07,20628,114513,10816,124325,445434
CLT-000036,INS-001,2023-08,19691,119010,10324,128377,477528
CLT-000036,INS-001,2023-09,21431,76241,11237,86435,499136
CLT-000036,INS-001,2023-10,19961,124320,10466,133815,532590
CLT-000036,INS-001,2023-11,20355,98141,10673,107823,559546
CLT-000036,INS-001,2023-12,19252,104892,10094,114050,588058
CLT-000036,INS-001,2024-01,17604,75379,9230,83753,608997
CLT-000036,INS-001,2024-02,16481,85854,8641,93693,632420
CLT-000036,INS-001,2024-03,17487,88849,9169,97167,656712
CLT-000036,INS-001,2024-04,16484,108354,8643,116196,685761
CLT-000036,INS-001,2024-05,19247,79149,10092,88305,707837
CLT-000036,INS-001,2024-06,17829,82500,9348,90981,730582
CLT-000036,INS-001,2024-07,20836,95557,10925,105468,756949
CLT-000036,INS-001,2024-08,22894,119145,12004,130036,789458
CLT-000036,INS-001,2024-09,25686,120221,13468,132439,822568
CLT-000036,INS-001,2024-10,23639,94262,12394,105507,848944
CLT-000036,INS-001,2024-11,23917,100307,12540,111683,876865
CLT-000036,INS-001,2024-12,21736,132093,11397,142433,912473
CLT-000036,INS-001,2025-01,12871,79447,6749,85569,933866
CLT-000036,INS-001,2025-02,10600,129591,5558,134633,967524
CLT-000036,INS-001,2025-03,10446,132855,5477,137824,1001980
CLT-000036,INS-001,2025-04,12600,93088,6606,99082,1026750
CLT-000036,INS-001,2025-05,11974,99548,6278,105244,1053061
CLT-000036,INS-001,2025-06,12896,87293,6762,93428,1076418
CLT-000036,INS-001,2025-07,14098,83998,7392,90704,1099094
CLT-000036,INS-001,2025-08,14336,116592,7517,123412,1129947
CLT-000036,INS-001,2025-09,15618,130993,8189,138422,1164553
CLT-000036,INS-001,2025-10,17706,104326,9284,112749,1192740
CLT-000036,INS-001,2025-11,16674,122956,8743,130887,1225462
CLT-000036,INS-001,2025-12,15544,84370,8150,91764,1248403
CLT-000037,INS-001,2022-05,12229,199624,5598,206255,87564
CLT-000037,INS-001,2022-06,12148,258287,5561,264874,153782
CLT-000037,INS-001,2022-07,12857,289183,5885,296155,227821
CLT-000037,INS-001,2022-08,17726,219634,8114,229245,285132
CLT-000037,INS-001,2022-09,19648,226860,8994,237514,344511
CLT-000037,INS-001,2022-10,7709,232156,3529,236336,403595
CLT-000037,INS-001,2022-11,6217,237591,2846,240962,463835
CLT-000037,INS-001,2022-12,5766,188479,2639,191605,511737
CLT-000037,INS-001,2023-01,12596,280218,5766,287048,583499
CLT-000037,INS-001,2023-02,10911,289706,4995,295623,657404
CLT-000037,INS-001,2023-03,11256,266243,5153,272347,725491
CLT-000037,INS-001,2023-04,13295,256876,6086,264085,791512
CLT-000037,INS-001,2023-05,9837,220563,4503,225897,847986
CLT-000037,INS-001,2023-06,17641,233566,8075,243132,908769
CLT-000037,INS-001,2023-07,17551,240350,8034,249867,971236
CLT-000037,INS-001,2023-08,18157,231569,8312,241414,1031589
CLT-000037,INS-001,2023-09,28898,271412,13229,287082,1103360
CLT-000037,INS-001,2023-10,31627,247825,14478,264974,1169604
CLT-000037,INS-001,2023-11,28026,279176,12829,294373,1243197
CLT-000037,INS-001,2023-12,15485,159830,7089,168227,1285253
CLT-000037,INS-001,2024-01,15991,224514,7320,233185,1343550
CLT-000037,INS-001,2024-02,16312,200390,7467,209235,1395858
CLT-000037,INS-001,2024-03,13094,246959,5994,254059,1459373
CLT-000037,INS-001,2024-04,15987,281482,7318,290151,1531911
CLT-000037,INS-001,2024-05,15448,162419,7072,170795,1574610
CLT-000037,INS-001,2024-06,15470,214883,7082,223272,1630428
CLT-000037,INS-001,2024-07,18439,283688,8441,293686,1703849
CLT-000037,INS-001,2024-08,23735,236455,10865,249325,1766181
CLT-000037,INS-001,2024-09,21379,199271,9787,210863,1818896
CLT-000037,INS-001,2024-10,26878,291162,12304,305736,1895330
CLT-000037,INS-001,2024-11,23635,288314,10819,301129,1970613
CLT-000037,INS-001,2024-12,21128,179159,9672,190615,2018266
CLT-000037,INS-001,2025-01,-31431,229258,0,197827,2067723
CLT-000037,INS-001,2025-02,-42127,238601,0,196474,2116842
CLT-000037,INS-001,2025-03,-42164,229945,0,187781,2163787
CLT-000037,INS-001,2025-04,-33492,230132,0,196640,2212947
CLT-000037,INS-001,2025-05,-30802,228431,0,197629,2262354
CLT-000037,INS-001,2025-06,-27077,185966,0,158889,2302076
CLT-000037,INS-001,2025-07,-43341,206281,0,162940,2342811
CLT-000037,INS-001,2025-08,-55262,170346,0,115084,2371582
CLT-000037,INS-001,2025-09,-47266,241995,0,194729,2420265
CLT-000037,INS-001,2025-10,-54765,209271,0,154506,2458891
CLT-000037,INS-001,2025-11,-68370,275068,0,206698,2510566
CLT-000037,INS-001,2025-12,-64606,272545,0,207939,2562550
CLT-000038,INS-001,2022-06,12193,136796,6495,142495,35624
CLT-000038,INS-001,2022-07,14143,181812,7533,188422,82729
CLT-000038,INS-001,2022-08,13524,174693,7203,181014,127983
CLT-000038,INS-001,2022-09,12251,162418,6525,168143,170018
CLT-000038,INS-001,2022-10,4381,208868,2334,210916,222747
CLT-000038,INS-001,2022-11,4789,172685,2551,174924,266478
CLT-000038,INS-001,2022-12,5384,166767,2868,169283,308799
CLT-000038,INS-001,2023-01,14357,217158,7647,223868,364766
CLT-000038,INS-001,2023-02,11753,167063,6260,172556,407905
CLT-000038,INS-001,2023-03,11101,217931,5913,223119,463684
CLT-000038,INS-001,2023-04,12283,137742,6542,143482,499555
CLT-000038,INS-001,2023-05,15176,155052,8083,162144,540091
CLT-000038,INS-001,2023-06,4299,198278,2290,200287,590163
CLT-000038,INS-001,2023-07,4031,170239,2147,172123,633194
CLT-000038,INS-001,2023-08,3400,191499,1811,193088,681466
CLT-000038,INS-001,2023-09,4704,194867,2506,197066,730732
CLT-000038,INS-001,2023-10,5536,120031,2949,122618,761387
CLT-000039,INS-001,2022-07,24537,0,12041,12496,3124
CLT-000039,INS-001,2022-08,28624,0,14046,14578,6769
CLT-000039,INS-001,2022-09,22458,0,11020,11438,9628
CLT-000039,INS-001,2022-10,10303,0,5056,5247,10940
CLT-000039,INS-001,2022-11,11422,0,5605,5817,12394
CLT-000039,INS-001,2022-12,14582,0,7156,7426,14251
CLT-000039,INS-001,2023-01,20651,0,10134,10517,16880
CLT-000039,INS-001,2023-02,22931,0,11253,11678,19800
CLT-000039,INS-001,2023-03,19615,0,9625,9990,22297
CLT-000039,INS-001,2023-04,17297,0,8488,8809,24499
CLT-000039,INS-001,2023-05,17166,0,8424,8742,26685
CLT-000039,INS-001,2023-06,25819,0,12670,13149,29972
CLT-000039,INS-001,2023-07,28074,0,13776,14298,33547
CLT-000039,INS-001,2023-08,27154,0,13325,13829,37004
CLT-000039,INS-001,2023-09,31957,0,15682,16275,41073
CLT-000039,INS-001,2023-10,34950,0,17150,17800,45523
CLT-000039,INS-001,2023-11,34892,0,17122,17770,49965
CLT-000039,INS-001,2023-12,36396,0,17860,18536,54599
CLT-000039,INS-001,2024-01,29249,0,14353,14896,58323
CLT-000039,INS-001,2024-02,24557,0,12050,12507,61450
CLT-000039,INS-001,2024-03,20254,0,9939,10315,64029
CLT-000039,INS-001,2024-04,18622,0,9138,9484,66400
CLT-000039,INS-001,2024-05,16291,0,7994,8297,68474
CLT-000039,INS-001,2024-06,19401,0,9520,9881,70944
CLT-000039,INS-001,2024-07,23574,0,11568,12006,73945
CLT-000039,INS-001,2024-08,26863,0,13182,13681,77366
CLT-000039,INS-001,2024-09,28026,0,13753,14273,80934
CLT-000039,INS-001,2024-10,34418,0,16889,17529,85316
CLT-000039,INS-001,2024-11,32499,0,15948,16551,89454
CLT-000039,INS-001,2024-12,33363,0,16372,16991,93702
CLT-000039,INS-001,2025-01,-36114,0,0,-36114,84673
CLT-000039,INS-001,2025-02,-30693,0,0,-30693,77000
CLT-000039,INS-001,2025-03,-24553,0,0,-24553,70862
CLT-000039,INS-001,2025-04,-21425,0,0,-21425,65506
CLT-000039,INS-001,2025-05,-21720,0,0,-21720,60076
CLT-000039,INS-001,2025-06,-23861,0,0,-23861,54110
CLT-000039,INS-001,2025-07,-24123,0,0,-24123,48080
CLT-000039,INS-001,2025-08,-30119,0,0,-30119,40550
CLT-000039,INS-001,2025-09,-38404,0,0,-38404,30949
CLT-000039,INS-001,2025-10,-40297,0,0,-40297,20875
CLT-000039,INS-001,2025-11,-41997,0,0,-41997,10375
CLT-000039,INS-001,2025-12,-39710,0,0,-39710,448
CLT-000040,INS-001,2022-07,26527,71141,8095,89573,27393
CLT-000040,INS-001,2022-08,24262,62171,7404,79029,47151
CLT-000040,INS-001,2022-09,31576,70502,9636,92442,70261
CLT-000040,INS-001,2022-10,2283,62520,697,64107,86288
CLT-000040,INS-001,2022-11,3325,63338,1015,65648,102700
CLT-000040,INS-001,2022-12,3220,68619,983,70856,120414
CLT-000040,INS-001,2023-01,24756,46924,7555,64125,136445
CLT-000040,INS-001,2023-02,24786,65268,7564,82490,157068
CLT-000040,INS-001,2023-03,21140,58329,6451,73017,175322
CLT-000040,INS-001,2023-04,14539,41156,4437,51258,188136
CLT-000040,INS-001,2023-05,16564,69745,5055,81255,208450
CLT-000040,INS-001,2023-06,16542,40130,5048,51624,221356
CLT-000040,INS-001,2023-07,19392,40727,5918,54201,234906
CLT-000040,INS-001,2023-08,16756,55971,5113,67613,251810
CLT-000040,INS-001,2023-09,27728,72498,8462,91765,274751
CLT-000040,INS-001,2023-10,34317,42671,10472,66516,291380
CLT-000040,INS-001,2023-11,37729,73365,11514,99580,316275
CLT-000040,INS-001,2023-12,29488,55116,8999,75605,335176
CLT-000040,INS-001,2024-01,14479,56821,4419,66881,351896
CLT-000040,INS-001,2024-02,16802,55741,5127,67416,368750
CLT-000040,INS-001,2024-03,18734,56312,5717,69329,386082
CLT-000040,INS-001,2024-04,21471,42070,6552,56989,400329
CLT-000040,INS-001,2024-05,13815,52500,4216,62099,415854
CLT-000040,INS-001,2024-06,9394,69668,2867,76196,434903
CLT-000040,INS-001,2024-07,17330,58613,5289,70654,452567
CLT-000040,INS-001,2024-08,23386,59087,7137,75336,471401
CLT-000040,INS-001,2024-09,19785,53033,6038,66780,488096
CLT-000040,INS-001,2024-10,24496,57490,7475,74511,506723
CLT-000040,INS-001,2024-11,23330,66467,7120,82677,527393
CLT-000040,INS-001,2024-12,31982,62071,9760,84293,548466
CLT-000040,INS-001,2025-01,-119005,42796,0,-76209,529414
CLT-000040,INS-001,2025-02,-72936,62019,0,-10917,526684
CLT-000040,INS-001,2025-03,-64289,65575,0,1286,527006
CLT-000040,INS-001,2025-04,-54013,60603,0,6590,528653
CLT-000040,INS-001,2025-05,-39276,45175,0,5899,530128
CLT-000040,INS-001,2025-06,-55041,57251,0,2210,530681
CLT-000040,INS-001,2025-07,-55918,61480,0,5562,532071
CLT-000040,INS-001,2025-08,-95333,52108,0,-43225,521265
CLT-000040,INS-001,2025-09,-107863,49010,0,-58853,506552
CLT-000040,INS-001,2025-10,-155484,70093,0,-85391,485204
CLT-000040,INS-001,2025-11,-159142,56043,0,-103099,459429
CLT-000040,INS-001,2025-12,-173642,58149,0,-115493,430556
CLT-000041,INS-001,2025-08,-18897,183093,0,164196,51049
CLT-000041,INS-001,2025-09,-27627,204075,0,176448,95161
CLT-000041,INS-001,2025-10,-42767,153178,0,110411,122764
CLT-000041,INS-001,2025-11,-34712,157999,0,123287,153585
CLT-000041,INS-001,2025-12,-46421,185233,0,138812,188288
CLT-000042,INS-001,2022-08,80761,32517,39890,73388,175347
CLT-000042,INS-001,2022-09,108432,33561,53557,88436,197456
CLT-000042,INS-001,2022-10,90610,26083,44754,71939,215441
CLT-000042,INS-001,2022-11,76069,29001,37572,67498,232315
CLT-000042,INS-001,2022-12,65928,43405,32563,76770,251508
CLT-000042,INS-001,2023-01,88323,34643,43625,79342,271343
CLT-000042,INS-001,2023-02,95762,31380,47299,79843,291304
CLT-000042,INS-001,2023-03,92904,38339,45887,85356,312643
CLT-000042,INS-001,2023-04,77097,25557,38080,64574,328786
CLT-000042,INS-001,2023-05,74632,27945,36862,65714,345215
CLT-000042,INS-001,2023-06,89308,31818,44111,77015,364469
CLT-000042,INS-001,2023-07,93631,38297,46246,85682,385889
CLT-000042,INS-001,2023-08,90756,45385,44826,91314,408718
CLT-000042,INS-001,2023-09,113257,38568,55940,95885,432689
CLT-000042,INS-001,2023-10,111565,36898,55104,93358,456028
CLT-000042,INS-001,2023-11,122495,42195,60503,104187,482075
CLT-000042,INS-001,2023-12,96705,42440,47765,91380,504920
CLT-000042,INS-001,2024-01,76684,28819,37876,67628,521827
CLT-000042,INS-001,2024-02,87626,30579,43280,74924,540558
CLT-000042,INS-001,2024-03,92223,36122,45551,82794,561256
CLT-000042,INS-001,2024-04,105922,38965,52317,92570,584399
CLT-000042,INS-001,2024-05,96255,45555,47542,94268,607966
CLT-000042,INS-001,2024-06,106737,27771,52720,81788,628413
CLT-000042,INS-001,2024-07,123202,42375,60852,104725,654594
CLT-000042,INS-001,2024-08,103783,42200,51261,94722,678275
CLT-000042,INS-001,2024-09,120765,45170,59649,106286,704846
CLT-000042,INS-001,2024-10,148575,29415,73384,104605,730998
CLT-000042,INS-001,2024-11,146539,38231,72379,112391,759096
CLT-000042,INS-001,2024-12,134959,26490,66659,94790,782793
CLT-000042,INS-001,2025-01,-40966,26747,0,-14219,779238
CLT-000042,INS-001,2025-02,-43511,25265,0,-18246,774677
CLT-000042,INS-001,2025-03,-29788,43165,0,13377,778021
CLT-000042,INS-001,2025-04,-31334,32546,0,1212,778324
CLT-000042,INS-001,2025-05,-26316,40311,0,13995,781823
CLT-000042,INS-001,2025-06,-29025,39139,0,10114,784351
CLT-000042,INS-001,2025-07,-30868,35106,0,4238,785411
CLT-000042,INS-001,2025-08,-39944,31731,0,-8213,783358
CLT-000042,INS-001,2025-09,-38587,30947,0,-7640,781448
CLT-000042,INS-001,2025-10,-34603,30786,0,-3817,780493
CLT-000042,INS-001,2025-11,-32784,34003,0,1219,780798
CLT-000042,INS-001,2025-12,-33448,28016,0,-5432,779440
CLT-000043,INS-001,2022-09,35951,20244,17660,38535,40134
CLT-000043,INS-001,2022-10,21430,19488,10527,30391,47732
CLT-000043,INS-001,2022-11,21807,14491,10712,25586,54128
CLT-000043,INS-001,2022-12,20122,17357,9884,27595,61027
CLT-000043,INS-001,2023-01,29855,17713,14666,32903,69252
CLT-000043,INS-001,2023-02,29227,19118,14357,33988,77750
CLT-000043,INS-001,2023-03,22994,15714,11295,27413,84603
CLT-000043,INS-001,2023-04,18829,19503,9249,29083,91874
CLT-000043,INS-001,2023-05,22401,16903,11004,28300,98949
CLT-000043,INS-001,2023-06,20358,22100,10000,32457,107063
CLT-000043,INS-001,2023-07,26343,19333,12940,32736,115247
CLT-000043,INS-001,2023-08,34345,12319,16871,29793,122695
CLT-000043,INS-001,2023-09,42161,19560,20711,41011,132948
CLT-000043,INS-001,2023-10,43979,17513,21604,39888,142920
CLT-000043,INS-001,2023-11,50110,16414,24615,41909,153397
CLT-000043,INS-001,2023-12,49521,22130,24326,47325,165228
CLT-000043,INS-001,2024-01,42323,16700,20790,38232,174786
CLT-000043,INS-001,2024-02,39471,12106,19389,32188,182833
CLT-000043,INS-001,2024-03,37108,19967,18228,38847,192545
CLT-000043,INS-001,2024-04,27817,15867,13664,30020,200050
CLT-000043,INS-001,2024-05,26283,17093,12911,30465,207666
CLT-000043,INS-001,2024-06,27025,16688,13275,30437,215276
CLT-000043,INS-001,2024-07,24157,14120,11867,26411,221878
CLT-000043,INS-001,2024-08,30404,16302,14935,31771,229821
CLT-000043,INS-001,2024-09,32220,17453,15827,33846,238282
CLT-000043,INS-001,2024-10,36583,15978,17970,34590,246930
CLT-000043,INS-001,2024-11,33305,17134,16360,34079,255450
CLT-000043,INS-001,2024-12,34352,17650,16875,35127,264231
CLT-000043,INS-001,2025-01,-38796,20060,0,-18736,259547
CLT-000043,INS-001,2025-02,-40384,18972,0,-21412,254194
CLT-000043,INS-001,2025-03,-43602,15316,0,-28286,247123
CLT-000043,INS-001,2025-04,-34837,12562,0,-22275,241554
CLT-000043,INS-001,2025-05,-39331,19434,0,-19897,236580
CLT-000043,INS-001,2025-06,-33641,22135,0,-11506,233703
CLT-000043,INS-001,2025-07,-41466,13888,0,-27578,226809
CLT-000043,INS-001,2025-08,-43211,14489,0,-28722,219628
CLT-000043,INS-001,2025-09,-47699,22253,0,-25446,213267
CLT-000043,INS-001,2025-10,-59265,14492,0,-44773,202074
CLT-000043,INS-001,2025-11,-58651,18001,0,-40650,191911
CLT-000043,INS-001,2025-12,-50713,20033,0,-30680,184241
CLT-000044,INS-001,2022-09,34072,105979,16730,123321,326330
CLT-000044,INS-001,2022-10,35541,89261,17452,107350,353168
CLT-000044,INS-001,2022-11,32049,78240,15737,94552,376806
CLT-000044,INS-001,2022-12,29284,83257,14379,98162,401346
CLT-000044,INS-001,2023-01,34429,105121,16906,122644,432007
CLT-000044,INS-001,2023-02,24962,96439,12257,109144,459293
CLT-000044,INS-001,2023-03,21439,82669,10527,93581,482688
CLT-000044,INS-001,2023-04,16304,94742,8006,103040,508448
CLT-000044,INS-001,2023-05,13492,106924,6625,113791,536896
CLT-000044,INS-001,2023-06,14186,92541,6966,99762,561837
CLT-000044,INS-001,2023-07,22866,94909,11228,106547,588473
CLT-000044,INS-001,2023-08,26139,93651,12835,106955,615212
CLT-000044,INS-001,2023-09,33793,111210,16593,128410,647314
CLT-000044,INS-001,2023-10,33550,114430,16474,131505,680191
CLT-000044,INS-001,2023-11,29480,82754,14476,97759,704631
CLT-000044,INS-001,2023-12,33167,71393,16286,88274,726699
CLT-000044,INS-001,2024-01,25682,66116,12611,79187,746496
CLT-000044,INS-001,2024-02,23348,69684,11465,81567,766888
CLT-000044,INS-001,2024-03,19627,88352,9637,98342,791473
CLT-000044,INS-001,2024-04,23409,96850,11495,108764,818664
CLT-000044,INS-001,2024-05,20258,71523,9947,81834,839123
CLT-000044,INS-001,2024-06,18996,101783,9328,111451,866986
CLT-000044,INS-001,2024-07,19658,94997,9653,105002,893236
CLT-000044,INS-001,2024-08,20700,70487,10164,81023,913492
CLT-000044,INS-001,2024-09,21443,107187,10529,118101,943017
CLT-000044,INS-001,2024-10,23087,96077,11336,107828,969974
CLT-000044,INS-001,2024-11,26052,98921,12792,112180,998019
CLT-000044,INS-001,2024-12,32686,107733,16050,124369,1029111
CLT-000045,INS-001,2022-10,19880,39940,11650,48170,12042
CLT-000045,INS-001,2022-11,16983,53555,9952,60586,27189
CLT-000045,INS-001,2022-12,15907,43576,9322,50161,39729
CLT-000045,INS-001,2023-01,42098,35336,24670,52763,52920
CLT-000045,INS-001,2023-02,37884,45954,22201,61637,68329
CLT-000045,INS-001,2023-03,33488,54026,19625,67889,85302
CLT-000045,INS-001,2023-04,33284,57457,19505,71236,103111
CLT-000045,INS-001,2023-05,28328,36659,16601,48386,115207
CLT-000045,INS-001,2023-06,40133,35825,23519,52439,128317
CLT-000045,INS-001,2023-07,43631,60538,25569,78600,147967
CLT-000045,INS-001,2023-08,43312,48446,25382,66376,164561
CLT-000045,INS-001,2023-09,55170,36654,32331,59493,179434
CLT-000045,INS-001,2023-10,49972,38408,29284,59096,194208
CLT-000045,INS-001,2023-11,62075,48596,36377,74294,212782
CLT-000045,INS-001,2023-12,69207,57627,40557,86278,234351
CLT-000045,INS-001,2024-01,54637,48555,32018,71174,252145
CLT-000045,INS-001,2024-02,55551,38919,32554,61916,267624
CLT-000045,INS-001,2024-03,40062,42953,23477,59538,282508
CLT-000045,INS-001,2024-04,35164,37680,20607,52237,295567
CLT-000045,INS-001,2024-05,36424,35132,21345,50211,308120
CLT-000045,INS-001,2024-06,34458,52631,20193,66896,324844
CLT-000045,INS-001,2024-07,33719,42649,19760,56608,338996
CLT-000045,INS-001,2024-08,36379,49524,21319,64584,355142
CLT-000045,INS-001,2024-09,45319,37600,26558,56361,369232
CLT-000045,INS-001,2024-10,55522,52528,32537,75513,388111
CLT-000045,INS-001,2024-11,55080,36447,32278,59249,402923
CLT-000045,INS-001,2024-12,56811,48926,33292,72444,421034
CLT-000045,INS-001,2025-01,-129036,61768,0,-67268,404217
CLT-000045,INS-001,2025-02,-112627,44205,0,-68422,387112
CLT-000045,INS-001,2025-03,-100807,35135,0,-65672,370694
CLT-000045,INS-001,2025-04,-114263,36253,0,-78010,351191
CLT-000045,INS-001,2025-05,-123563,42519,0,-81044,330930
CLT-000045,INS-001,2025-06,-131358,45817,0,-85541,309545
CLT-000045,INS-001,2025-07,-127187,34408,0,-92779,286350
CLT-000045,INS-001,2025-08,-144609,34344,0,-110265,258784
CLT-000045,INS-001,2025-09,-160226,54138,0,-106088,232262
CLT-000045,INS-001,2025-10,-188700,44302,0,-144398,196162
CLT-000045,INS-001,2025-11,-106986,55921,0,-51065,183396
CLT-000045,INS-001,2025-12,-100025,54364,0,-45661,171981
CLT-000046,INS-001,2022-11,30706,0,13519,17187,4297
CLT-000046,INS-001,2022-12,31916,0,14052,17864,8763
CLT-000046,INS-001,2023-01,40930,0,18020,22910,14490
CLT-000046,INS-001,2023-02,38223,0,16828,21395,19839
CLT-000046,INS-001,2023-03,32519,0,14317,18202,24390
CLT-000046,INS-001,2023-04,25218,0,11103,14115,27918
CLT-000046,INS-001,2023-05,31678,0,13947,17731,32351
CLT-000046,INS-001,2023-06,33178,0,14607,18571,36994
CLT-000046,INS-001,2023-07,51242,0,22560,28682,44164
CLT-000046,INS-001,2023-08,49940,0,21987,27953,51153
CLT-000046,INS-001,2023-09,45624,0,20087,25537,57537
CLT-000046,INS-001,2023-10,45046,0,19832,25214,63840
CLT-000046,INS-001,2023-11,46452,0,20451,26001,70341
CLT-000046,INS-001,2023-12,46116,0,20303,25813,76794
CLT-000046,INS-001,2024-01,46914,0,20655,26259,83358
CLT-000046,INS-001,2024-02,39950,0,17589,22361,88949
CLT-000046,INS-001,2024-03,36352,0,16005,20347,94036
CLT-000046,INS-001,2024-04,31709,0,13960,17749,98473
CLT-000046,INS-001,2024-05,30759,0,13542,17217,102777
CLT-000046,INS-001,2024-06,34016,0,14976,19040,107537
CLT-000046,INS-001,2024-07,28999,0,12767,16232,111595
CLT-000046,INS-001,2024-08,31647,0,13933,17714,116023
CLT-000046,INS-001,2024-09,41705,0,18361,23344,121859
CLT-000046,INS-001,2024-10,24813,0,10924,13889,125331
CLT-000046,INS-001,2024-11,17275,0,7606,9669,127749
CLT-000046,INS-001,2024-12,17698,0,7792,9906,130225
CLT-000046,INS-001,2025-01,1468,0,646,822,130431
CLT-000046,INS-001,2025-02,2082,0,917,1165,130722
CLT-000046,INS-001,2025-03,1868,0,822,1046,130983
CLT-000046,INS-001,2025-04,1716,0,755,961,131224
CLT-000046,INS-001,2025-05,1505,0,663,842,131434
CLT-000046,INS-001,2025-06,1537,0,677,860,131649
CLT-000046,INS-001,2025-07,1648,0,726,922,131880
CLT-000046,INS-001,2025-08,2025,0,892,1133,132163
CLT-000046,INS-001,2025-09,1986,0,874,1112,132441
CLT-000046,INS-001,2025-10,2331,0,1026,1305,132767
CLT-000046,INS-001,2025-11,2503,0,1102,1401,133118
CLT-000046,INS-001,2025-12,1995,0,878,1117,133397
CLT-000047,INS-001,2022-12,36742,56555,24669,68628,50657
CLT-000047,INS-001,2023-01,57263,55845,38447,74660,69322
CLT-000047,INS-001,2023-02,57834,43510,38830,62514,84951
CLT-000047,INS-001,2023-03,37568,74942,25224,87286,106772
CLT-000047,INS-001,2023-04,61983,54654,41616,75020,125527
CLT-000047,INS-001,2023-05,99822,78424,67022,111224,153333
CLT-000047,INS-001,2023-06,59007,65396,39618,84785,174530
CLT-000047,INS-001,2023-07,104181,49171,69948,83404,195380
CLT-000047,INS-001,2023-08,165456,60475,111089,114841,224091
CLT-000047,INS-001,2023-09,59568,59781,39995,79354,243929
CLT-000047,INS-001,2023-10,98384,47171,66056,79498,263804
CLT-000047,INS-001,2023-11,129889,61899,87209,104579,289949
CLT-000047,INS-001,2023-12,118711,69850,79704,108857,317163
CLT-000047,INS-001,2024-01,65631,52491,44065,74056,335677
CLT-000047,INS-001,2024-02,40775,74198,27377,87596,357576
CLT-000047,INS-001,2024-03,38992,43343,26180,56155,371615
CLT-000047,INS-001,2024-04,47865,50646,32137,66374,388208
CLT-000047,INS-001,2024-05,43245,66575,29035,80784,408404
CLT-000047,INS-001,2024-06,71045,69997,47700,93342,431740
CLT-000047,INS-001,2024-07,70033,64596,47021,87608,453642
CLT-000047,INS-001,2024-08,81900,45303,54989,72215,471695
CLT-000047,INS-001,2024-09,121747,51958,81742,91962,494686
CLT-000047,INS-001,2024-10,90042,69208,60455,98795,519385
CLT-000047,INS-001,2024-11,38891,78893,26112,91672,542303
CLT-000047,INS-001,2024-12,28804,78438,19339,87903,564278
CLT-000047,INS-001,2025-01,-47302,52058,0,4756,565468
CLT-000048,INS-001,2022-12,49966,84520,27100,107386,26847
CLT-000048,INS-001,2023-01,57561,88043,31219,114385,55443
CLT-000048,INS-001,2023-02,48259,57225,26174,79310,75270
CLT-000048,INS-001,2023-03,48906,77767,26525,100148,100307
CLT-000048,INS-001,2023-04,50729,77856,27513,101072,125575
CLT-000048,INS-001,2023-05,42533,91397,23068,110861,153291
CLT-000048,INS-001,2023-06,52211,51146,28317,75040,172051
CLT-000048,INS-001,2023-07,51900,66278,28149,90030,194558
CLT-000048,INS-001,2023-08,49730,68811,26972,91569,217450
CLT-000048,INS-001,2023-09,49405,56638,26795,79248,237262
CLT-000048,INS-001,2023-10,54937,60378,29796,85520,258642
CLT-000048,INS-001,2023-11,52064,84988,28237,108814,285846
CLT-000048,INS-001,2023-12,53342,69515,28931,93927,309327
CLT-000048,INS-001,2024-01,47914,87331,25987,109259,336642
CLT-000049,INS-001,2023-01,94,0,37,57,9514
CLT-000049,INS-001,2023-02,102,0,40,62,9530
CLT-000049,INS-001,2023-03,148,0,58,90,9552
CLT-000049,INS-001,2023-04,78,0,31,47,9564
CLT-000049,INS-001,2023-05,73,0,29,44,9575
CLT-000049,INS-001,2023-06,4392,0,1720,2672,10243
CLT-000049,INS-001,2023-07,4729,0,1852,2877,10962
CLT-000049,INS-001,2023-08,5104,0,1999,3105,11739
CLT-000049,INS-001,2023-09,6716,0,2630,4086,12760
CLT-000049,INS-001,2023-10,7379,0,2890,4489,13882
CLT-000049,INS-001,2023-11,7836,0,3069,4767,15074
CLT-000049,INS-001,2023-12,10043,0,3934,6109,16601
CLT-000049,INS-001,2024-01,160,0,63,97,16626
CLT-000049,INS-001,2024-02,136,0,53,83,16646
CLT-000049,INS-001,2024-03,123,0,48,75,16665
CLT-000049,INS-001,2024-04,105,0,41,64,16681
CLT-000049,INS-001,2024-05,148,0,58,90,16703
CLT-000049,INS-001,2024-06,106,0,42,64,16720
CLT-000049,INS-001,2024-07,98,0,38,60,16735
CLT-000049,INS-001,2024-08,97,0,38,59,16749
CLT-000049,INS-001,2024-09,119,0,47,72,16767
CLT-000049,INS-001,2024-10,146,0,57,89,16790
CLT-000049,INS-001,2024-11,168,0,66,102,16815
CLT-000049,INS-001,2024-12,215,0,84,131,16848
CLT-000049,INS-001,2025-01,-105292,0,0,-105292,0
CLT-000049,INS-001,2025-02,-94291,0,0,-94291,0
CLT-000049,INS-001,2025-03,-104737,0,0,-104737,0
CLT-000049,INS-001,2025-04,-95119,0,0,-95119,0
CLT-000049,INS-001,2025-05,-87572,0,0,-87572,0
CLT-000049,INS-001,2025-06,-84041,0,0,-84041,0
CLT-000049,INS-001,2025-07,-70330,0,0,-70330,0
CLT-000049,INS-001,2025-08,-97502,0,0,-97502,0
CLT-000049,INS-001,2025-09,-93048,0,0,-93048,0
CLT-000049,INS-001,2025-10,-89694,0,0,-89694,0
CLT-000049,INS-001,2025-11,-111289,0,0,-111289,0
CLT-000049,INS-001,2025-12,-125416,0,0,-125416,0
CLT-000050,INS-001,2023-01,59733,115859,39236,136356,34089
CLT-000050,INS-001,2023-02,54550,96763,35831,115482,62959
CLT-000050,INS-001,2023-03,50000,130243,32843,147400,99810
CLT-000050,INS-001,2023-04,42023,123575,27603,137995,134308
CLT-000050,INS-001,2023-05,35197,144903,23119,156980,173553
CLT-000050,INS-001,2023-06,34884,121374,22914,133344,206889
CLT-000050,INS-001,2023-07,31915,137354,20964,148305,243966
CLT-000050,INS-001,2023-08,38119,143259,25039,156339,283051
CLT-000050,INS-001,2023-09,30608,136665,20105,147168,319843
CLT-000050,INS-001,2023-10,38987,105200,25609,118578,349487
CLT-000050,INS-001,2023-11,46976,150182,30856,166301,391062
CLT-000050,INS-001,2023-12,58049,149434,38130,169353,433401
CLT-000050,INS-001,2024-01,37656,137808,24735,150729,471083
CLT-000050,INS-001,2024-02,25374,114958,16667,123665,501999
CLT-000050,INS-001,2024-03,34211,120152,22472,131891,534972
CLT-000050,INS-001,2024-04,35846,102043,23546,114343,563558
CLT-000050,INS-001,2024-05,39009,131981,25623,145367,599899
CLT-000050,INS-001,2024-06,57570,86162,37815,105917,626379
CLT-000050,INS-001,2024-07,47173,136800,30986,152987,664625
CLT-000050,INS-001,2024-08,58337,86652,38319,106670,691293
CLT-000050,INS-001,2024-09,44799,143224,29426,158596,730942
CLT-000050,INS-001,2024-10,44171,143935,29014,159092,770715
CLT-000050,INS-001,2024-11,52609,108803,34557,126856,802429
CLT-000050,INS-001,2024-12,57827,150936,37984,170779,845123
CLT-000050,INS-001,2025-01,36880,119255,24225,131910,878101
CLT-000050,INS-001,2025-02,38785,95968,25476,109276,905420
CLT-000050,INS-001,2025-03,42399,144791,27850,159340,945255
CLT-000050,INS-001,2025-04,35190,108611,23115,120686,975427
CLT-000050,INS-001,2025-05,23952,84493,15733,92712,998604
CLT-000050,INS-001,2025-06,23666,101097,15545,109218,1025909
CLT-000050,INS-001,2025-07,28479,112339,18707,122111,1056437
CLT-000050,INS-001,2025-08,25455,142761,16720,151496,1094311
CLT-000050,INS-001,2025-09,23210,128410,15246,136375,1128404
CLT-000050,INS-001,2025-10,36167,85015,23756,97426,1152761
CLT-000050,INS-001,2025-11,29423,143729,19327,153825,1191217
CLT-000050,INS-001,2025-12,47444,116533,31164,132813,1224420
CLT-000051,INS-001,2023-02,8964,15440,2968,21436,27359
CLT-000051,INS-001,2023-03,9286,12700,3074,18912,32087
CLT-000051,INS-001,2023-04,7891,10418,2612,15697,36011
CLT-000051,INS-001,2023-05,8508,16586,2817,22277,41581
CLT-000051,INS-001,2023-06,11147,11128,3690,18584,46227
CLT-000051,INS-001,2023-07,13051,14735,4321,23465,52093
CLT-000051,INS-001,2023-08,11490,11890,3804,19576,56987
CLT-000051,INS-001,2023-09,14371,11869,4758,21482,62358
CLT-000051,INS-001,2023-10,11779,9455,3900,17334,66691
CLT-000051,INS-001,2023-11,14729,14544,4876,24396,72790
CLT-000051,INS-001,2023-12,12260,12835,4059,21036,78049
CLT-000051,INS-001,2024-01,8167,12841,2704,18305,82626
CLT-000051,INS-001,2024-02,6020,12424,1993,16451,86738
CLT-000051,INS-001,2024-03,8069,14402,2671,19800,91688
CLT-000051,INS-001,2024-04,9573,10156,3169,16560,95828
CLT-000051,INS-001,2024-05,9821,12682,3251,19252,100641
CLT-000051,INS-001,2024-06,8913,16281,2951,22244,106202
CLT-000051,INS-001,2024-07,7868,12181,2605,17445,110564
CLT-000051,INS-001,2024-08,11077,11870,3667,19280,115383
CLT-000051,INS-001,2024-09,11302,11963,3742,19523,120264
CLT-000051,INS-001,2024-10,9627,11159,3187,17599,124664
CLT-000051,INS-001,2024-11,10549,15104,3492,22161,130204
CLT-000051,INS-001,2024-12,11357,10423,3760,18020,134709
CLT-000051,INS-001,2025-01,-15465,13147,0,-2318,134130
CLT-000051,INS-001,2025-02,-11268,9565,0,-1703,133704
CLT-000051,INS-001,2025-03,-7085,11297,0,4212,134757
CLT-000051,INS-001,2025-04,-6561,14837,0,8276,136826
CLT-000051,INS-001,2025-05,-7386,14877,0,7491,138699
CLT-000051,INS-001,2025-06,-6832,9956,0,3124,139480
CLT-000051,INS-001,2025-07,-7318,9282,0,1964,139971
CLT-000051,INS-001,2025-08,-14953,15647,0,694,140144
CLT-000051,INS-001,2025-09,-15065,14857,0,-208,140092
CLT-000051,INS-001,2025-10,-16500,15217,0,-1283,139771
CLT-000051,INS-001,2025-11,-16374,9914,0,-6460,138157
CLT-000051,INS-001,2025-12,-13710,13254,0,-456,138043
CLT-000052,INS-001,2023-02,70164,166840,46539,190465,133616
CLT-000052,INS-001,2023-03,38049,117759,25238,130570,166259
CLT-000052,INS-001,2023-04,27426,134694,18191,143928,202241
CLT-000052,INS-001,2023-05,22459,159585,14897,167147,244028
CLT-000052,INS-001,2023-06,46148,98770,30610,114308,272605
CLT-000052,INS-001,2023-07,49290,127416,32694,144013,308608
CLT-000052,INS-001,2023-08,77338,142349,51298,168389,350705
CLT-000052,INS-001,2023-09,107735,147148,71460,183423,396561
CLT-000052,INS-001,2023-10,86544,173382,57404,202522,447191
CLT-000052,INS-001,2023-11,100193,117874,66457,151610,485094
CLT-000052,INS-001,2023-12,119906,107866,79533,148240,522154
CLT-000052,INS-001,2024-01,66787,169250,44299,191738,570088
CLT-000052,INS-001,2024-02,37499,152046,24873,164673,611256
CLT-000052,INS-001,2024-03,24012,154174,15927,162259,651821
CLT-000052,INS-001,2024-04,16523,96478,10960,102041,677331
CLT-000052,INS-001,2024-05,14026,153079,9303,157802,716782
CLT-000052,INS-001,2024-06,9248,99511,6134,102624,742438
CLT-000052,INS-001,2024-07,16763,101890,11119,107534,769322
CLT-000052,INS-001,2024-08,16296,115067,10809,120554,799460
CLT-000052,INS-001,2024-09,26809,170687,17782,179713,844388
CLT-000052,INS-001,2024-10,27405,134851,18178,144079,880408
CLT-000052,INS-001,2024-11,29340,101730,19461,111609,908310
CLT-000052,INS-001,2024-12,88412,96453,58643,126222,939866
CLT-000052,INS-001,2025-01,-146583,114290,0,-32293,931793
CLT-000052,INS-001,2025-02,-127656,114652,0,-13004,928542
CLT-000052,INS-001,2025-03,-84281,129173,0,44892,939765
CLT-000052,INS-001,2025-04,-67592,136826,0,69234,957073
CLT-000052,INS-001,2025-05,-39959,160682,0,120723,987254
CLT-000052,INS-001,2025-06,-39831,120932,0,81101,1007529
CLT-000053,INS-001,2023-04,32639,0,20834,11805,98951
CLT-000053,INS-001,2023-05,27882,0,17798,10084,101472
CLT-000053,INS-001,2023-06,21056,0,13440,7616,103376
CLT-000053,INS-001,2023-07,18578,0,11859,6719,105056
CLT-000053,INS-001,2023-08,17086,0,10906,6180,106601
CLT-000053,INS-001,2023-09,20773,0,13260,7513,108479
CLT-000053,INS-001,2023-10,32767,0,20916,11851,111442
CLT-000053,INS-001,2023-11,35789,0,22845,12944,114678
CLT-000053,INS-001,2023-12,29203,0,18641,10562,117319
CLT-000053,INS-001,2024-01,32010,0,20433,11577,120213
CLT-000053,INS-001,2024-02,32395,0,20678,11717,123142
CLT-000053,INS-001,2024-03,26045,0,16625,9420,125497
CLT-000053,INS-001,2024-04,33760,0,21550,12210,128550
CLT-000053,INS-001,2024-05,28913,0,18456,10457,131164
CLT-000053,INS-001,2024-06,29889,0,19079,10810,133867
CLT-000053,INS-001,2024-07,31489,0,20100,11389,136714
CLT-000053,INS-001,2024-08,39339,0,25111,14228,140271
CLT-000053,INS-001,2024-09,36604,0,23365,13239,143581
CLT-000053,INS-001,2024-10,49343,0,31497,17846,148042
CLT-000053,INS-001,2024-11,68919,0,43992,24927,154274
CLT-000053,INS-001,2024-12,66534,0,42470,24064,160290
CLT-000053,INS-001,2025-01,-12094,0,0,-12094,157267
CLT-000053,INS-001,2025-02,-13164,0,0,-13164,153976
CLT-000053,INS-001,2025-03,-10489,0,0,-10489,151353
CLT-000053,INS-001,2025-04,-8707,0,0,-8707,149177
CLT-000053,INS-001,2025-05,-5661,0,0,-5661,147761
CLT-000053,INS-001,2025-06,-4693,0,0,-4693,146588
CLT-000053,INS-001,2025-07,-9933,0,0,-9933,144105
CLT-000053,INS-001,2025-08,-10030,0,0,-10030,141597
CLT-000053,INS-001,2025-09,-11261,0,0,-11261,138782
CLT-000053,INS-001,2025-10,-13222,0,0,-13222,135477
CLT-000053,INS-001,2025-11,-15887,0,0,-15887,131505
CLT-000053,INS-001,2025-12,-15970,0,0,-15970,127512
CLT-000054,INS-001,2023-04,27799,51227,12049,66977,64244
CLT-000054,INS-001,2023-05,20518,49590,8893,61215,79548
CLT-000054,INS-001,2023-06,21030,47730,9115,59645,94459
CLT-000054,INS-001,2023-07,19243,55199,8341,66101,110984
CLT-000054,INS-001,2023-08,22682,82622,9831,95472,134852
CLT-000054,INS-001,2023-09,20780,72749,9007,84522,155983
CLT-000054,INS-001,2023-10,19571,71268,8483,82356,176572
CLT-000054,INS-001,2023-11,26935,71954,11675,87214,198376
CLT-000054,INS-001,2023-12,19278,47496,8356,58419,212980
CLT-000054,INS-001,2024-01,16845,56616,7301,66160,229520
CLT-000054,INS-001,2024-02,19572,51845,8483,62933,245253
CLT-000054,INS-001,2024-03,10931,74543,4738,80736,265437
CLT-000054,INS-001,2024-04,17913,46302,7764,56451,279550
CLT-000054,INS-001,2024-05,18302,70496,7933,80865,299767
CLT-000054,INS-001,2024-06,20549,71032,8907,82674,320435
CLT-000054,INS-001,2024-07,21676,67085,9395,79366,340277
CLT-000054,INS-001,2024-08,20759,61678,8998,73439,358636
CLT-000054,INS-001,2024-09,24341,58574,10550,72364,376727
CLT-000054,INS-001,2024-10,24310,70980,10537,84753,397916
CLT-000054,INS-001,2024-11,30668,75267,13293,92643,421076
CLT-000054,INS-001,2024-12,29165,70478,12641,87002,442827
CLT-000054,INS-001,2025-01,20898,68792,9058,80632,462985
CLT-000054,INS-001,2025-02,23549,49574,10207,62916,478714
CLT-000054,INS-001,2025-03,13537,56178,5867,63848,494676
CLT-000054,INS-001,2025-04,14198,67916,6154,75960,513666
CLT-000054,INS-001,2025-05,15143,74269,6564,82848,534378
CLT-000054,INS-001,2025-06,12181,67809,5280,74710,553055
CLT-000054,INS-001,2025-07,13375,52266,5797,59843,568016
CLT-000054,INS-001,2025-08,12596,76679,5460,83816,588970
CLT-000054,INS-001,2025-09,12041,50030,5219,56852,603183
CLT-000054,INS-001,2025-10,10474,78778,4540,84712,624361
CLT-000054,INS-001,2025-11,14040,50960,6085,58914,639090
CLT-000054,INS-001,2025-12,17787,80487,7710,90565,661731
CLT-000055,INS-001,2025-08,45215,0,29019,16196,38049
CLT-000055,INS-001,2025-09,41416,0,26581,14835,41758
CLT-000055,INS-001,2025-10,36850,0,23650,13200,45058
CLT-000055,INS-001,2025-11,25090,0,16103,8987,47305
CLT-000055,INS-001,2025-12,22043,0,14147,7896,49279
CLT-000056,INS-001,2023-05,31849,0,16542,15307,3827
CLT-000056,INS-001,2023-06,26956,0,14001,12955,7066
CLT-000056,INS-001,2023-07,36407,0,18909,17498,11440
CLT-000056,INS-001,2023-08,41334,0,21468,19866,16407
CLT-000056,INS-001,2023-09,50022,0,25981,24041,22417
CLT-000056,INS-001,2023-10,41622,0,21618,20004,27418
CLT-000056,INS-001,2023-11,39488,0,20509,18979,32163
CLT-000056,INS-001,2023-12,41266,0,21433,19833,37121
CLT-000056,INS-001,2024-01,33871,0,17592,16279,41191
CLT-000056,INS-001,2024-02,47985,0,24923,23062,46956
CLT-000056,INS-001,2024-03,39259,0,20391,18868,51673
CLT-000056,INS-001,2024-04,35006,0,18182,16824,55879
CLT-000056,INS-001,2024-05,34359,0,17846,16513,60008
CLT-000056,INS-001,2024-06,46196,0,23993,22203,65558
CLT-000056,INS-001,2024-07,42595,0,22123,20472,70676
CLT-000056,INS-001,2024-08,41816,0,21719,20097,75701
CLT-000056,INS-001,2024-09,49114,0,25509,23605,81602
CLT-000056,INS-001,2024-10,56622,0,29409,27213,88405
CLT-000056,INS-001,2024-11,41777,0,21698,20079,93425
CLT-000056,INS-001,2024-12,59654,0,30983,28671,100593
CLT-000056,INS-001,2025-01,-29322,0,0,-29322,93262
CLT-000056,INS-001,2025-02,-32362,0,0,-32362,85172
CLT-000056,INS-001,2025-03,-25750,0,0,-25750,78734
CLT-000056,INS-001,2025-04,-27543,0,0,-27543,71848
CLT-000056,INS-001,2025-05,-22355,0,0,-22355,66260
CLT-000056,INS-001,2025-06,-21191,0,0,-21191,60962
CLT-000056,INS-001,2025-07,-23365,0,0,-23365,55121
CLT-000056,INS-001,2025-08,-26548,0,0,-26548,48484
CLT-000056,INS-001,2025-09,-29559,0,0,-29559,41094
CLT-000056,INS-001,2025-10,-24414,0,0,-24414,34990
CLT-000056,INS-001,2025-11,-29731,0,0,-29731,27558
CLT-000056,INS-001,2025-12,-30758,0,0,-30758,19868
CLT-000057,INS-001,2025-03,-17087,150331,0,133244,33311
CLT-000057,INS-001,2025-04,-13778,212322,0,198544,82947
CLT-000057,INS-001,2025-05,-9922,261277,0,251355,145786
CLT-000057,INS-001,2025-06,-9992,219314,0,209322,198116
CLT-000057,INS-001,2025-07,-10498,236801,0,226303,254692
CLT-000057,INS-001,2025-08,-9531,183700,0,174169,298235
CLT-000057,INS-001,2025-09,-8008,153408,0,145400,334584
CLT-000057,INS-001,2025-10,-11009,251394,0,240385,394681
CLT-000057,INS-001,2025-11,-16561,245451,0,228890,451903
CLT-000057,INS-001,2025-12,-7151,144636,0,137485,486274
CLT-000058,INS-001,2023-06,331062,20830,223789,128103,132026
CLT-000058,INS-001,2023-07,404995,13802,273765,145032,168284
CLT-000058,INS-001,2023-08,473490,14790,320066,168214,210337
CLT-000058,INS-001,2023-09,442048,17490,298812,160726,250519
CLT-000058,INS-001,2023-10,630975,22944,426522,227398,307368
CLT-000058,INS-001,2023-11,768868,18039,519733,267174,374162
CLT-000058,INS-001,2023-12,754655,20897,510126,265426,440518
CLT-000058,INS-001,2024-01,764860,19146,517024,266982,507263
CLT-000058,INS-001,2024-02,713373,13742,482220,244895,568487
CLT-000058,INS-001,2024-03,547099,15830,369824,193105,616763
CLT-000058,INS-001,2024-04,505637,21811,341797,185651,663176
CLT-000058,INS-001,2024-05,537130,19441,363085,193486,711548
CLT-000058,INS-001,2024-06,424673,15820,287067,153426,749904
CLT-000058,INS-001,2024-07,508924,17970,344019,182875,795623
CLT-000058,INS-001,2024-08,711308,18020,480825,248503,857749
CLT-000058,INS-001,2024-09,563248,16669,380740,199177,907543
CLT-000058,INS-001,2024-10,693044,19692,468479,244258,968608
CLT-000058,INS-001,2024-11,663579,14365,448561,229383,1025953
CLT-000058,INS-001,2024-12,744967,17590,503577,258980,1090698
CLT-000058,INS-001,2025-01,-45513,13101,0,-32412,1082595
CLT-000058,INS-001,2025-02,-39915,13107,0,-26808,1075893
CLT-000058,INS-001,2025-03,-38011,13706,0,-24305,1069817
CLT-000058,INS-001,2025-04,-37037,16739,0,-20298,1064743
CLT-000058,INS-001,2025-05,-34148,17403,0,-16745,1060557
CLT-000058,INS-001,2025-06,-31071,21703,0,-9368,1058215
CLT-000058,INS-001,2025-07,-36563,22135,0,-14428,1054608
CLT-000058,INS-001,2025-08,-35082,14493,0,-20589,1049460
CLT-000058,INS-001,2025-09,-41984,17824,0,-24160,1043420
CLT-000058,INS-001,2025-10,-50709,19131,0,-31578,1035526
CLT-000058,INS-001,2025-11,-60576,17365,0,-43211,1024723
CLT-000058,INS-001,2025-12,-56087,18723,0,-37364,1015382
CLT-000059,INS-001,2023-06,35101,0,23375,11726,59432
CLT-000059,INS-001,2023-07,36906,0,24576,12330,62514
CLT-000059,INS-001,2023-08,42642,0,28396,14246,66075
CLT-000059,INS-001,2023-09,44695,0,29763,14932,69808
CLT-000059,INS-001,2023-10,49328,0,32849,16479,73928
CLT-000059,INS-001,2023-11,52297,0,34826,17471,78296
CLT-000059,INS-001,2023-12,55685,0,37082,18603,82947
CLT-000059,INS-001,2024-01,49000,0,32630,16370,87039
CLT-000059,INS-001,2024-02,45333,0,30188,15145,90826
CLT-000059,INS-001,2024-03,40425,0,26920,13505,94202
CLT-000059,INS-001,2024-04,39873,0,26552,13321,97532
CLT-000059,INS-001,2024-05,31933,0,21265,10668,100199
CLT-000059,INS-001,2024-06,28906,0,19249,9657,102613
CLT-000059,INS-001,2024-07,31656,0,21080,10576,105257
CLT-000059,INS-001,2024-08,32280,0,21496,10784,107953
CLT-000059,INS-001,2024-09,33025,0,21992,11033,110711
CLT-000059,INS-001,2024-10,31583,0,21032,10551,113349
CLT-000059,INS-001,2024-11,35500,0,23640,11860,116314
CLT-000059,INS-001,2024-12,37103,0,24708,12395,119413
CLT-000059,INS-001,2025-01,-9452,0,0,-9452,117050
CLT-000059,INS-001,2025-02,-9160,0,0,-9160,114760
CLT-000059,INS-001,2025-03,-8046,0,0,-8046,112748
CLT-000059,INS-001,2025-04,-8760,0,0,-8760,110558
CLT-000059,INS-001,2025-05,-7673,0,0,-7673,108640
CLT-000059,INS-001,2025-06,-6846,0,0,-6846,106929
CLT-000059,INS-001,2025-07,-7148,0,0,-7148,105142
CLT-000059,INS-001,2025-08,-8119,0,0,-8119,103112
CLT-000059,INS-001,2025-09,-9283,0,0,-9283,100791
CLT-000059,INS-001,2025-10,-9332,0,0,-9332,98458
CLT-000059,INS-001,2025-11,-10019,0,0,-10019,95953
CLT-000059,INS-001,2025-12,-10472,0,0,-10472,93335
CLT-000060,INS-001,2023-07,58624,544892,27893,575623,1141406
CLT-000060,INS-001,2023-08,64242,509016,30566,542692,1277079
CLT-000060,INS-001,2023-09,62882,375827,29919,408790,1379276
CLT-000060,INS-001,2023-10,54034,522721,25709,551046,1517038
CLT-000060,INS-001,2023-11,63063,554161,30005,587219,1663842
CLT-000060,INS-001,2023-12,49529,325403,23566,351367,1751684
CLT-000060,INS-001,2024-01,49962,350205,23772,376395,1845783
CLT-000060,INS-001,2024-02,39518,474605,18802,495321,1969613
CLT-000060,INS-001,2024-03,36899,514333,17556,533676,2103032
CLT-000060,INS-001,2024-04,22350,483546,10634,495262,2226847
CLT-000060,INS-001,2024-05,28664,576495,13638,591521,2374727
CLT-000060,INS-001,2024-06,34281,582541,16311,600512,2524855
CLT-000060,INS-001,2024-07,32560,443931,15492,461000,2640105
CLT-000060,INS-001,2024-08,32574,379248,15499,396324,2739186
CLT-000060,INS-001,2024-09,36960,391878,17585,411252,2841999
CLT-000060,INS-001,2024-10,31641,546379,15055,562966,2982741
CLT-000060,INS-001,2024-11,44024,375773,20946,398850,3082453
CLT-000060,INS-001,2024-12,43759,422938,20820,445876,3193922
CLT-000060,INS-001,2025-01,-309,439381,0,439072,3303690
CLT-000060,INS-001,2025-02,734,337363,349,337747,3388127
CLT-000060,INS-001,2025-03,-1008,519789,0,518781,3517822
CLT-000060,INS-001,2025-04,713,321518,339,321892,3598295
CLT-000060,INS-001,2025-05,2456,446419,1169,447706,3710222
CLT-000060,INS-001,2025-06,2234,448391,1063,449562,3822612
CLT-000060,INS-001,2025-07,4483,420909,2133,423259,3928427
CLT-000060,INS-001,2025-08,5611,548422,2670,551363,4066268
CLT-000060,INS-001,2025-09,8761,409754,4168,414346,4169854
CLT-000060,INS-001,2025-10,1299,451240,618,451920,4282835
CLT-000060,INS-001,2025-11,-1463,520363,0,518900,4412560
CLT-000060,INS-001,2025-12,54,371253,26,371282,4505380
CLT-000061,INS-001,2025-09,11024,33829,5834,39019,27255
CLT-000061,INS-001,2025-10,10290,52306,5446,57151,41542
CLT-000061,INS-001,2025-11,8840,47730,4678,51892,54515
CLT-000061,INS-001,2025-12,9456,37194,5004,41646,64927
CLT-000062,INS-001,2023-09,1747759,54501,1017383,784877,196219
CLT-000062,INS-001,2023-10,889733,57282,517920,429095,303493
CLT-000062,INS-001,2023-11,432077,50185,251515,230747,361180
CLT-000062,INS-001,2023-12,224973,55347,130958,149362,398520
CLT-000062,INS-001,2024-01,221516,46763,128946,139332,433353
CLT-000062,INS-001,2024-02,198708,48857,115669,131895,466327
CLT-000062,INS-001,2024-03,267163,62934,155517,174579,509972
CLT-000062,INS-001,2024-04,217734,61986,126745,152976,548216
CLT-000062,INS-001,2024-05,188919,35337,109971,114285,576787
CLT-000062,INS-001,2024-06,258996,62208,150763,170441,619397
CLT-000062,INS-001,2024-07,325046,60469,189212,196304,668473
CLT-000062,INS-001,2024-08,615912,41970,358527,299355,743312
CLT-000062,INS-001,2024-09,326328,57556,189958,193926,791794
CLT-000062,INS-001,2024-10,321670,55484,187246,189907,839270
CLT-000062,INS-001,2024-11,402450,35988,234269,204169,890313
CLT-000062,INS-001,2024-12,324623,37332,188965,172989,933560
CLT-000062,INS-001,2025-01,93584,44932,54476,84040,954570
CLT-000062,INS-001,2025-02,143126,51010,83315,110821,982275
CLT-000062,INS-001,2025-03,185197,57712,107805,135104,1016051
CLT-000062,INS-001,2025-04,115202,41126,67060,89268,1038368
CLT-000062,INS-001,2025-05,114666,39900,66748,87819,1060323
CLT-000062,INS-001,2025-06,172061,56089,100158,127992,1092321
CLT-000062,INS-001,2025-07,228179,59105,132825,154459,1130936
CLT-000062,INS-001,2025-08,376716,48729,219289,206156,1182475
CLT-000062,INS-001,2025-09,330219,38903,192223,176900,1226699
CLT-000062,INS-001,2025-10,570711,58323,332215,296819,1300904
CLT-000062,INS-001,2025-11,238376,42824,138760,142440,1336514
CLT-000062,INS-001,2025-12,298523,60699,173772,185450,1382877
CLT-000063,INS-001,2023-10,36006,199590,20132,215464,84866
CLT-000063,INS-001,2023-11,37256,184539,20831,200964,135107
CLT-000063,INS-001,2023-12,37762,239013,21114,255661,199022
CLT-000063,INS-001,2024-01,28757,254975,16079,267653,265936
CLT-000063,INS-001,2024-02,29748,202036,16633,215151,319723
CLT-000063,INS-001,2024-03,29618,192666,16560,205723,371154
CLT-000063,INS-001,2024-04,26648,161726,14900,173474,414523
CLT-000063,INS-001,2024-05,28102,215949,15713,228338,471607
CLT-000063,INS-001,2024-06,26862,242042,15019,253884,535078
CLT-000063,INS-001,2024-07,29598,221194,16549,234243,593639
CLT-000063,INS-001,2024-08,30167,223792,16867,237091,652912
CLT-000063,INS-001,2024-09,31143,215306,17413,229036,710171
CLT-000063,INS-001,2024-10,36230,186108,20257,202080,760691
CLT-000063,INS-001,2024-11,39109,220744,21867,237986,820187
CLT-000063,INS-001,2024-12,39239,238784,21940,256083,884208
CLT-000063,INS-001,2025-01,-74422,184270,0,109848,911670
CLT-000063,INS-001,2025-02,-79836,227341,0,147505,948546
CLT-000063,INS-001,2025-03,-81790,152416,0,70626,966203
CLT-000063,INS-001,2025-04,-70481,167783,0,97302,990529
CLT-000063,INS-001,2025-05,-65036,148197,0,83161,1011319
CLT-000063,INS-001,2025-06,-65658,179850,0,114192,1039867
CLT-000063,INS-001,2025-07,-72395,198759,0,126364,1071458
CLT-000063,INS-001,2025-08,-68853,220375,0,151522,1109338
CLT-000063,INS-001,2025-09,-82914,167684,0,84770,1130530
CLT-000063,INS-001,2025-10,-87056,236575,0,149519,1167910
CLT-000063,INS-001,2025-11,-93825,255775,0,161950,1208398
CLT-000063,INS-001,2025-12,-66928,171776,0,104848,1234610
CLT-000064,INS-001,2024-01,63064,27718,34743,56040,14010
CLT-000064,INS-001,2024-02,71069,35227,39153,67144,30796
CLT-000064,INS-001,2024-03,56547,30589,31152,55984,44792
CLT-000064,INS-001,2024-04,40786,41045,22469,59362,59632
CLT-000064,INS-001,2024-05,56580,25169,31170,50578,72277
CLT-000064,INS-001,2024-06,74816,33330,41217,66929,89009
CLT-000064,INS-001,2024-07,64620,30779,35600,59799,103959
CLT-000064,INS-001,2024-08,60104,31271,33112,58263,118525
CLT-000064,INS-001,2024-09,106487,40733,58665,88555,140663
CLT-000064,INS-001,2024-10,123887,31311,68251,86948,162400
CLT-000064,INS-001,2024-11,100664,36039,55457,81246,182712
CLT-000064,INS-001,2024-12,129955,34886,71593,93247,206024
CLT-000064,INS-001,2025-01,-16263,39971,0,23708,211951
CLT-000064,INS-001,2025-02,-21878,44341,0,22463,217566
CLT-000064,INS-001,2025-03,-11436,42778,0,31342,225402
CLT-000064,INS-001,2025-04,-15726,39235,0,23509,231279
CLT-000064,INS-001,2025-05,-9465,27725,0,18260,235844
CLT-000064,INS-001,2025-06,-10465,25129,0,14664,239510
CLT-000064,INS-001,2025-07,-6113,36335,0,30222,247066
CLT-000064,INS-001,2025-08,-7076,29792,0,22716,252745
CLT-000064,INS-001,2025-09,-17345,27001,0,9656,255159
CLT-000064,INS-001,2025-10,-5881,42794,0,36913,264387
CLT-000064,INS-001,2025-11,-5462,26566,0,21104,269663
CLT-000065,INS-001,2025-09,-19081,12119,0,-6962,5760
CLT-000065,INS-001,2025-10,-26961,10914,0,-16047,1748
CLT-000065,INS-001,2025-11,-22304,10700,0,-11604,0
CLT-000065,INS-001,2025-12,-32945,15798,0,-17147,0
CLT-000066,INS-001,2024-01,27206,30347,7876,49677,12419
CLT-000066,INS-001,2024-02,17907,45063,5184,57786,26866
CLT-000066,INS-001,2024-03,22838,32327,6611,48553,39004
CLT-000066,INS-001,2024-04,21207,41619,6139,56687,53176
CLT-000066,INS-001,2024-05,14370,38444,4160,48654,65339
CLT-000066,INS-001,2024-06,15736,47141,4555,58322,79920
CLT-000066,INS-001,2024-07,22172,43087,6419,58840,94630
CLT-000066,INS-001,2024-08,27851,46094,8063,65882,111100
CLT-000066,INS-001,2024-09,29393,34409,8509,55293,124924
CLT-000066,INS-001,2024-10,39814,41234,11526,69522,142304
CLT-000066,INS-001,2024-11,39087,41676,11315,69448,159666
CLT-000066,INS-001,2024-12,46804,43729,13549,76983,178912
CLT-000066,INS-001,2025-01,-48280,32443,0,-15837,174953
CLT-000066,INS-001,2025-02,-40717,37427,0,-3290,174130
CLT-000066,INS-001,2025-03,-42114,27156,0,-14958,170391
CLT-000066,INS-001,2025-04,-33299,35223,0,1924,170872
CLT-000066,INS-001,2025-05,-30293,38390,0,8097,172896
CLT-000066,INS-001,2025-06,-34693,38983,0,4290,173969
CLT-000066,INS-001,2025-07,-40826,39627,0,-1199,173669
CLT-000066,INS-001,2025-08,-36510,43224,0,6714,175347
CLT-000067,INS-001,2024-01,17948,73682,8658,82973,448243
CLT-000067,INS-001,2024-02,19071,101279,9199,111151,476031
CLT-000067,INS-001,2024-03,15368,103529,7413,111484,503902
CLT-000067,INS-001,2024-04,14014,119082,6760,126336,535486
CLT-000067,INS-001,2024-05,15737,93441,7591,101587,560883
CLT-000067,INS-001,2024-06,17391,87740,8389,96742,585068
CLT-000067,INS-001,2024-07,16010,119947,7723,128234,617127
CLT-000067,INS-001,2024-08,18221,99792,8789,109224,644433
CLT-000067,INS-001,2024-09,21104,100465,10180,111389,672280
CLT-000067,INS-001,2024-10,23019,100838,11104,112754,700468
CLT-000067,INS-001,2024-11,24662,69055,11896,81821,720923
CLT-000067,INS-001,2024-12,24811,83017,11968,95860,744888
CLT-000067,INS-001,2025-01,-28173,67451,0,39278,754708
CLT-000067,INS-001,2025-02,-25871,107793,0,81922,775189
CLT-000067,INS-001,2025-03,-26109,95881,0,69772,792632
CLT-000067,INS-001,2025-04,-23222,114848,0,91626,815538
CLT-000067,INS-001,2025-05,-21973,76649,0,54676,829207
CLT-000067,INS-001,2025-06,-23776,121139,0,97363,853548
CLT-000067,INS-001,2025-07,-25195,103780,0,78585,873194
CLT-000067,INS-001,2025-08,-29126,85444,0,56318,887274
CLT-000067,INS-001,2025-09,-33903,87735,0,53832,900732
CLT-000067,INS-001,2025-10,-37596,119416,0,81820,921187
CLT-000067,INS-001,2025-11,-41956,98046,0,56090,935209
CLT-000067,INS-001,2025-12,-41023,104379,0,63356,951048
CLT-000068,INS-001,2024-02,7817,230674,3099,235392,58848
CLT-000068,INS-001,2024-03,8984,245581,3562,251003,121599
CLT-000068,INS-001,2024-04,7818,222496,3099,227214,178402
CLT-000068,INS-001,2024-05,5680,265184,2252,268612,245555
CLT-000068,INS-001,2024-06,4987,294970,1977,297980,320050
CLT-000068,INS-001,2024-07,5514,285094,2186,288422,392156
CLT-000068,INS-001,2024-08,5322,248739,2110,251951,455143
CLT-000068,INS-001,2024-09,5238,193229,2077,196390,504241
CLT-000068,INS-001,2024-10,5620,273291,2228,276682,573411
CLT-000068,INS-001,2024-11,7043,195307,2792,199558,623301
CLT-000068,INS-001,2024-12,7627,267230,3024,271834,691259
CLT-000068,INS-001,2025-01,-441,169722,0,169281,733579
CLT-000068,INS-001,2025-02,-345,177953,0,177608,777981
CLT-000068,INS-001,2025-03,-340,263787,0,263447,843843
CLT-000068,INS-001,2025-04,-429,253522,0,253093,907116
CLT-000068,INS-001,2025-05,-397,257404,0,257007,971368
CLT-000068,INS-001,2025-06,-457,300580,0,300123,1046399
CLT-000068,INS-001,2025-07,-561,205711,0,205150,1097686
CLT-000068,INS-001,2025-08,-425,187526,0,187101,1144462
CLT-000068,INS-001,2025-09,-308,239469,0,239161,1204252
CLT-000068,INS-001,2025-10,-462,268861,0,268399,1271352
CLT-000068,INS-001,2025-11,-404,206265,0,205861,1322817
CLT-000068,INS-001,2025-12,-538,177679,0,177141,1367102
CLT-000069,INS-001,2024-02,35726,14018,20183,29561,19390
CLT-000069,INS-001,2024-03,34802,14740,19661,29882,26861
CLT-000069,INS-001,2024-04,32924,8962,18600,23286,32682
CLT-000069,INS-001,2024-05,29229,13150,16512,25867,39149
CLT-000069,INS-001,2024-06,27640,14237,15615,26263,45714
CLT-000069,INS-001,2024-07,41110,12953,23224,30839,53424
CLT-000069,INS-001,2024-08,45260,9592,25569,29283,60745
CLT-000069,INS-001,2024-09,33942,14003,19175,28770,67937
CLT-000069,INS-001,2024-10,39457,14915,22291,32082,75958
CLT-000069,INS-001,2024-11,40379,13855,22812,31422,83813
CLT-000069,INS-001,2024-12,34132,13108,19282,27958,90803
CLT-000069,INS-001,2025-01,-39103,8901,0,-30202,83252
CLT-000069,INS-001,2025-02,-32473,9031,0,-23442,77392
CLT-000069,INS-001,2025-03,-29504,9198,0,-20306,72315
CLT-000069,INS-001,2025-04,-29862,14130,0,-15732,68382
CLT-000069,INS-001,2025-05,-30741,12632,0,-18109,63855
CLT-000069,INS-001,2025-06,-28718,12548,0,-16170,59813
CLT-000069,INS-001,2025-07,-30315,10921,0,-19394,54964
CLT-000069,INS-001,2025-08,-42631,10277,0,-32354,46876
CLT-000069,INS-001,2025-09,-45051,12535,0,-32516,38747
CLT-000069,INS-001,2025-10,-29303,11995,0,-17308,34420
CLT-000069,INS-001,2025-11,-37305,11769,0,-25536,28036
CLT-000069,INS-001,2025-12,-35486,10244,0,-25242,21725
CLT-000070,INS-001,2024-03,289417,11189,190411,110195,27549
CLT-000070,INS-001,2024-04,246550,17415,162208,101757,52988
CLT-000070,INS-001,2024-05,251853,14915,165697,101071,78255
CLT-000070,INS-001,2024-06,276135,10990,181673,105452,104618
CLT-000070,INS-001,2024-07,324573,15634,213541,126667,136285
CLT-000070,INS-001,2024-08,351657,11791,231360,132088,169307
CLT-000070,INS-001,2024-09,321003,11490,211192,121301,199632
CLT-000070,INS-001,2024-10,137457,17126,90435,64148,215670
CLT-000070,INS-001,2024-11,296165,15276,194851,116590,244817
CLT-000070,INS-001,2024-12,301696,15892,198490,119098,274592
CLT-000070,INS-001,2025-01,89113,15659,58629,46143,286127
CLT-000070,INS-001,2025-02,83140,11898,54699,40339,296212
CLT-000070,INS-001,2025-03,82912,14218,54549,42581,306857
CLT-000070,INS-001,2025-04,85240,16587,56080,45746,318294
CLT-000070,INS-001,2025-05,75620,12768,49751,38637,327953
CLT-000070,INS-001,2025-06,68018,12456,44750,35724,336884
CLT-000070,INS-001,2025-07,65704,12728,43227,35204,345685
CLT-000070,INS-001,2025-08,68886,14526,45321,38091,355208
CLT-000070,INS-001,2025-09,92473,9456,60839,41089,365480
CLT-000070,INS-001,2025-10,81651,14241,53719,42173,376024
CLT-000070,INS-001,2025-11,86256,11701,56749,41209,386326
CLT-000070,INS-001,2025-12,98042,13081,64503,46620,397981
CLT-000071,INS-001,2024-03,92682,30836,75101,48417,12104
CLT-000071,INS-001,2024-04,87990,44734,71299,61426,27461
CLT-000071,INS-001,2024-05,79902,42256,64745,57413,41814
CLT-000071,INS-001,2024-06,85956,38300,69650,54606,55465
CLT-000071,INS-001,2024-07,109929,46443,89076,67296,72289
CLT-000071,INS-001,2024-08,121613,27089,98543,50158,84829
CLT-000071,INS-001,2024-09,97948,33956,79368,52537,97963
CLT-000071,INS-001,2024-10,98617,41148,79910,59855,112927
CLT-000071,INS-001,2024-11,98298,34004,79651,52651,126090
CLT-000071,INS-001,2024-12,45027,35521,36486,44062,137105
CLT-000071,INS-001,2025-01,14395,41416,11664,44147,148142
CLT-000071,INS-001,2025-02,18250,38990,14788,42452,158755
CLT-000071,INS-001,2025-03,16916,46810,13707,50019,171260
CLT-000071,INS-001,2025-04,15593,31806,12635,34764,179951
CLT-000072,INS-001,2024-05,49,0,27,22,42506
CLT-000072,INS-001,2024-06,45,0,25,20,42511
CLT-000072,INS-001,2024-07,51,0,28,23,42516
CLT-000072,INS-001,2024-08,55,0,30,25,42523
CLT-000072,INS-001,2024-09,62,0,34,28,42530
CLT-000072,INS-001,2024-10,74,0,41,33,42538
CLT-000072,INS-001,2024-11,84,0,46,38,42548
CLT-000072,INS-001,2024-12,84,0,46,38,42557
CLT-000072,INS-001,2025-01,-43238,0,0,-43238,31748
CLT-000072,INS-001,2025-02,-43963,0,0,-43963,20757
CLT-000072,INS-001,2025-03,-37454,0,0,-37454,11393
CLT-000072,INS-001,2025-04,-35915,0,0,-35915,2415
CLT-000072,INS-001,2025-05,-33125,0,0,-33125,0
CLT-000072,INS-001,2025-06,-30981,0,0,-30981,0
CLT-000072,INS-001,2025-07,-33432,0,0,-33432,0
CLT-000072,INS-001,2025-08,-37165,0,0,-37165,0
CLT-000072,INS-001,2025-09,-44023,0,0,-44023,0
CLT-000072,INS-001,2025-10,-44874,0,0,-44874,0
CLT-000072,INS-001,2025-11,-50655,0,0,-50655,0
CLT-000072,INS-001,2025-12,-51440,0,0,-51440,0
CLT-000073,INS-001,2024-07,37688,0,16810,20878,50220
CLT-000073,INS-001,2024-08,48068,0,21440,26628,56877
CLT-000073,INS-001,2024-09,46863,0,20902,25961,63367
CLT-000073,INS-001,2024-10,25130,0,11209,13921,66847
CLT-000073,INS-001,2024-11,26437,0,11792,14645,70508
CLT-000073,INS-001,2024-12,53580,0,23898,29682,77929
CLT-000073,INS-001,2025-01,-65185,0,0,-65185,61633
CLT-000073,INS-001,2025-02,-56643,0,0,-56643,47472
CLT-000073,INS-001,2025-03,-60243,0,0,-60243,32411
CLT-000073,INS-001,2025-04,-53724,0,0,-53724,18980
CLT-000073,INS-001,2025-05,-54857,0,0,-54857,5266
CLT-000073,INS-001,2025-06,-49813,0,0,-49813,0
CLT-000073,INS-001,2025-07,-52423,0,0,-52423,0
CLT-000073,INS-001,2025-08,-79477,0,0,-79477,0
CLT-000073,INS-001,2025-09,-69492,0,0,-69492,0
CLT-000073,INS-001,2025-10,-76739,0,0,-76739,0
CLT-000073,INS-001,2025-11,-73910,0,0,-73910,0
CLT-000073,INS-001,2025-12,-88534,0,0,-88534,0
CLT-000074,INS-001,2024-07,29852,0,14336,15516,3879
CLT-000074,INS-001,2024-08,43512,0,20896,22616,9533
CLT-000074,INS-001,2024-09,46098,0,22138,23960,15523
CLT-000074,INS-001,2024-10,45157,0,21686,23471,21391
CLT-000074,INS-001,2024-11,62530,0,30030,32500,29516
CLT-000074,INS-001,2024-12,51006,0,24495,26511,36143
CLT-000074,INS-001,2025-01,-8633,0,0,-8633,33985
CLT-000074,INS-001,2025-02,-9569,0,0,-9569,31593
CLT-000074,INS-001,2025-03,-9581,0,0,-9581,29198
CLT-000074,INS-001,2025-04,-9855,0,0,-9855,26734
CLT-000074,INS-001,2025-05,-8486,0,0,-8486,24612
CLT-000074,INS-001,2025-06,-6496,0,0,-6496,22988
CLT-000074,INS-001,2025-07,-7116,0,0,-7116,21209
CLT-000074,INS-001,2025-08,-6155,0,0,-6155,19671
CLT-000074,INS-001,2025-09,-6876,0,0,-6876,17952
CLT-000074,INS-001,2025-10,-6591,0,0,-6591,16304
CLT-000074,INS-001,2025-11,-7502,0,0,-7502,14428
CLT-000074,INS-001,2025-12,-9533,0,0,-9533,12045
CLT-000075,INS-001,2024-08,103639,0,54055,49584,12396
CLT-000075,INS-001,2024-09,108958,0,56829,52129,25428
CLT-000075,INS-001,2024-10,115363,0,60170,55193,39227
CLT-000075,INS-001,2024-11,53622,0,27967,25655,45640
CLT-000075,INS-001,2024-12,59335,0,30947,28388,52737
CLT-000075,INS-001,2025-01,-42909,0,0,-42909,42010
CLT-000075,INS-001,2025-02,-38971,0,0,-38971,32267
CLT-000075,INS-001,2025-03,-38730,0,0,-38730,22585
CLT-000075,INS-001,2025-04,-33300,0,0,-33300,14260
CLT-000075,INS-001,2025-05,-29315,0,0,-29315,6931
CLT-000075,INS-001,2025-06,-31878,0,0,-31878,0
CLT-000075,INS-001,2025-07,-32725,0,0,-32725,0
CLT-000075,INS-001,2025-08,-29843,0,0,-29843,0
CLT-000075,INS-001,2025-09,-38982,0,0,-38982,0
CLT-000075,INS-001,2025-10,-41058,0,0,-41058,0
CLT-000075,INS-001,2025-11,-45183,0,0,-45183,0
CLT-000075,INS-001,2025-12,-53420,0,0,-53420,0
CLT-000076,INS-001,2024-09,31359,0,18578,12781,224195
CLT-000076,INS-001,2024-10,38638,0,22891,15747,228132
CLT-000076,INS-001,2024-11,35962,0,21305,14657,231796
CLT-000076,INS-001,2024-12,40768,0,24152,16616,235950
CLT-000076,INS-001,2025-01,-142823,0,0,-142823,200244
CLT-000076,INS-001,2025-02,-161701,0,0,-161701,159819
CLT-000076,INS-001,2025-03,-90378,0,0,-90378,137225
CLT-000076,INS-001,2025-04,-108506,0,0,-108506,110098
CLT-000076,INS-001,2025-05,-98496,0,0,-98496,85474
CLT-000076,INS-001,2025-06,-106114,0,0,-106114,58946
CLT-000076,INS-001,2025-07,-87135,0,0,-87135,37162
CLT-000076,INS-001,2025-08,-101486,0,0,-101486,11790
CLT-000076,INS-001,2025-09,-103794,0,0,-103794,0
CLT-000076,INS-001,2025-10,-94759,0,0,-94759,0
CLT-000076,INS-001,2025-11,-113847,0,0,-113847,0
CLT-000076,INS-001,2025-12,-126853,0,0,-126853,0
CLT-000077,INS-001,2024-09,29149,57920,12454,74615,79654
CLT-000077,INS-001,2024-10,34650,88306,14804,108152,106692
CLT-000077,INS-001,2024-11,34094,73643,14567,93171,129984
CLT-000077,INS-001,2024-12,44133,101756,18856,127033,161743
CLT-000077,INS-001,2025-01,-56154,57167,0,1013,161996
CLT-000077,INS-001,2025-02,-50925,78941,0,28016,169000
CLT-000077,INS-001,2025-03,-33938,97978,0,64040,185010
CLT-000077,INS-001,2025-04,-26820,98273,0,71453,202873
CLT-000077,INS-001,2025-05,-21221,73215,0,51994,215871
CLT-000077,INS-001,2025-06,-28462,100069,0,71607,233773
CLT-000077,INS-001,2025-07,-27127,93091,0,65964,250264
CLT-000077,INS-001,2025-08,-39342,59267,0,19925,255245
CLT-000077,INS-001,2025-09,-46359,88206,0,41847,265707
CLT-000077,INS-001,2025-10,-65367,92025,0,26658,272372
CLT-000077,INS-001,2025-11,-71017,77715,0,6698,274046
CLT-000077,INS-001,2025-12,-68369,58260,0,-10109,271519
CLT-000078,INS-001,2024-10,74402,126680,37059,164024,140506
CLT-000078,INS-001,2024-11,68106,124042,33923,158225,180062
CLT-000078,INS-001,2024-12,58709,119568,29242,149035,217321
CLT-000078,INS-001,2025-01,16150,95565,8044,103671,243239
CLT-000078,INS-001,2025-02,13884,95944,6915,102913,268967
CLT-000078,INS-001,2025-03,14984,106617,7463,114137,297501
CLT-000078,INS-001,2025-04,18206,118034,9068,127172,329294
CLT-000078,INS-001,2025-05,21233,72109,10576,82767,349986
CLT-000078,INS-001,2025-06,20372,127939,10147,138164,384527
CLT-000078,INS-001,2025-07,24201,71664,12054,83811,405480
CLT-000078,INS-001,2025-08,27783,114138,13838,128082,437500
CLT-000078,INS-001,2025-09,25347,84516,12625,97238,461810
CLT-000078,INS-001,2025-10,25325,118139,12614,130850,494522
CLT-000078,INS-001,2025-11,21082,100137,10501,110718,522202
CLT-000078,INS-001,2025-12,19896,71959,9910,81945,542688
CLT-000079,INS-001,2024-10,87063,63011,39502,110572,27643
CLT-000079,INS-001,2024-11,69170,102037,31383,139824,62599
CLT-000079,INS-001,2024-12,74058,79391,33601,119848,92561
CLT-000079,INS-001,2025-01,16485,88994,7479,97999,117061
CLT-000079,INS-001,2025-02,19964,70897,9058,81803,137512
CLT-000079,INS-001,2025-03,15961,103703,7242,112422,165617
CLT-000079,INS-001,2025-04,20339,63024,9228,74135,184151
CLT-000079,INS-001,2025-05,18538,73856,8411,83983,205147
CLT-000079,INS-001,2025-06,24984,105511,11336,119160,234937
CLT-000079,INS-001,2025-07,21932,104372,9951,116353,264025
CLT-000079,INS-001,2025-08,18999,69876,8620,80255,284088
CLT-000079,INS-001,2025-09,18391,65872,8344,75918,303068
CLT-000079,INS-001,2025-10,14300,103931,6488,111743,331004
CLT-000079,INS-001,2025-11,15476,87558,7022,96012,355007
CLT-000079,INS-001,2025-12,13688,83320,6210,90798,377706
CLT-000080,INS-001,2024-11,11477,0,6904,4573,1143
CLT-000080,INS-001,2024-12,13308,0,8005,5303,2469
CLT-000080,INS-001,2025-01,-4517,0,0,-4517,1340
CLT-000080,INS-001,2025-02,-4448,0,0,-4448,228
CLT-000080,INS-001,2025-03,-4157,0,0,-4157,0
CLT-000080,INS-001,2025-04,-3557,0,0,-3557,0
CLT-000080,INS-001,2025-05,-2784,0,0,-2784,0
CLT-000080,INS-001,2025-06,-2841,0,0,-2841,0
CLT-000080,INS-001,2025-07,-3232,0,0,-3232,0
CLT-000080,INS-001,2025-08,-3316,0,0,-3316,0
CLT-000080,INS-001,2025-09,-3886,0,0,-3886,0
CLT-000080,INS-001,2025-10,-5432,0,0,-5432,0
CLT-000080,INS-001,2025-11,-6269,0,0,-6269,0
CLT-000080,INS-001,2025-12,-6679,0,0,-6679,0
CLT-000081,INS-001,2025-01,-14970,108079,0,93109,93277
CLT-000081,INS-001,2025-02,-8636,109498,0,100862,118493
CLT-000081,INS-001,2025-03,-7821,110236,0,102415,144096
CLT-000081,INS-001,2025-04,-8809,123254,0,114445,172708
CLT-000081,INS-001,2025-05,-11265,95233,0,83968,193700
CLT-000081,INS-001,2025-06,-6608,90578,0,83970,214692
CLT-000081,INS-001,2025-07,-4918,111675,0,106757,241382
CLT-000081,INS-001,2025-08,-8956,133027,0,124071,272399
CLT-000081,INS-001,2025-09,-14422,100001,0,85579,293794
CLT-000081,INS-001,2025-10,-15587,91680,0,76093,312818
CLT-000081,INS-001,2025-11,-9561,126538,0,116977,342062
CLT-000081,INS-001,2025-12,-9425,94031,0,84606,363213
CLT-000082,INS-001,2025-01,-94309,0,0,-94309,87923
CLT-000082,INS-001,2025-02,-64342,0,0,-64342,71837
CLT-000082,INS-001,2025-03,-49845,0,0,-49845,59376
CLT-000082,INS-001,2025-04,-41313,0,0,-41313,49048
CLT-000082,INS-001,2025-05,-45562,0,0,-45562,37657
CLT-000082,INS-001,2025-06,-67281,0,0,-67281,20837
CLT-000082,INS-001,2025-07,-71829,0,0,-71829,2880
CLT-000082,INS-001,2025-08,-71210,0,0,-71210,0
CLT-000082,INS-001,2025-09,-66185,0,0,-66185,0
CLT-000082,INS-001,2025-10,-82798,0,0,-82798,0
CLT-000082,INS-001,2025-11,-80829,0,0,-80829,0
CLT-000082,INS-001,2025-12,-59131,0,0,-59131,0
CLT-000083,INS-001,2025-01,-47284,36179,0,-11105,151724
CLT-000083,INS-001,2025-02,-46288,38618,0,-7670,149806
CLT-000083,INS-001,2025-03,-45689,46916,0,1227,150113
CLT-000083,INS-001,2025-04,-40507,33633,0,-6874,148395
CLT-000083,INS-001,2025-05,-39090,52086,0,12996,151644
CLT-000083,INS-001,2025-06,-35873,38794,0,2921,152374
CLT-000083,INS-001,2025-07,-39138,37504,0,-1634,151965
CLT-000083,INS-001,2025-08,-43340,45416,0,2076,152484
CLT-000083,INS-001,2025-09,-43949,41865,0,-2084,151963
CLT-000083,INS-001,2025-10,-50264,32916,0,-17348,147626
CLT-000083,INS-001,2025-11,-45420,56000,0,10580,150271
CLT-000083,INS-001,2025-12,-34470,42084,0,7614,152175
CLT-000084,INS-001,2025-03,-36145,0,0,-36145,230964
CLT-000084,INS-001,2025-04,-53809,0,0,-53809,217512
CLT-000084,INS-001,2025-05,-53235,0,0,-53235,204203
CLT-000084,INS-001,2025-06,-48059,0,0,-48059,192188
CLT-000084,INS-001,2025-07,-62096,0,0,-62096,176664
CLT-000084,INS-001,2025-08,-51990,0,0,-51990,163666
CLT-000084,INS-001,2025-09,-36266,0,0,-36266,154600
CLT-000084,INS-001,2025-10,-52936,0,0,-52936,141366
CLT-000084,INS-001,2025-11,-110184,0,0,-110184,113820
CLT-000084,INS-001,2025-12,-54438,0,0,-54438,100210
CLT-000085,INS-001,2025-04,-5848,51908,0,46060,11515
CLT-000085,INS-001,2025-05,-4598,50977,0,46379,23110
CLT-000085,INS-001,2025-06,-4542,54560,0,50018,35614
CLT-000085,INS-001,2025-07,-3829,50485,0,46656,47279
CLT-000085,INS-001,2025-08,-4868,41450,0,36582,56424
CLT-000085,INS-001,2025-09,-5937,34977,0,29040,63684
CLT-000085,INS-001,2025-10,-4850,39793,0,34943,72420
CLT-000085,INS-001,2025-11,-4903,45085,0,40182,82465
CLT-000085,INS-001,2025-12,-3963,36297,0,32334,90549
CLT-000086,INS-001,2025-05,3006,0,1234,1772,3943
CLT-000086,INS-001,2025-06,3356,0,1377,1979,4438
CLT-000086,INS-001,2025-07,4097,0,1682,2415,5042
CLT-000086,INS-001,2025-08,3913,0,1606,2307,5618
CLT-000086,INS-001,2025-09,4639,0,1904,2735,6302
CLT-000086,INS-001,2025-10,5438,0,2232,3206,7103
CLT-000086,INS-001,2025-11,5666,0,2326,3340,7939
CLT-000086,INS-001,2025-12,6631,0,2722,3909,8916
CLT-000087,INS-001,2025-06,-10905,74941,0,64036,51009
CLT-000087,INS-001,2025-07,-11702,49391,0,37689,60431
CLT-000087,INS-001,2025-08,-16352,47200,0,30848,68143
CLT-000087,INS-001,2025-09,-16226,61390,0,45164,79434
CLT-000087,INS-001,2025-10,-14062,58390,0,44328,90516
CLT-000087,INS-001,2025-11,-19401,58033,0,38632,100174
CLT-000087,INS-001,2025-12,-26890,65219,0,38329,109757
CLT-000088,INS-001,2025-06,32260,0,17663,14597,3649
CLT-000088,INS-001,2025-07,26942,0,14751,12191,6697
CLT-000088,INS-001,2025-08,24912,0,13640,11272,9515
CLT-000088,INS-001,2025-09,30654,0,16784,13870,12983
CLT-000088,INS-001,2025-10,48145,0,26360,21785,18429
CLT-000088,INS-001,2025-11,62493,0,34216,28277,25498
CLT-000088,INS-001,2025-12,38850,0,21271,17579,29893
CLT-000089,INS-001,2025-07,12079,0,6760,5319,305830
CLT-000089,INS-001,2025-08,16616,0,9299,7317,307659
CLT-000089,INS-001,2025-09,16093,0,9006,7087,309431
CLT-000089,INS-001,2025-10,15886,0,8890,6996,311180
CLT-000089,INS-001,2025-11,12067,0,6753,5314,312508
CLT-000089,INS-001,2025-12,14834,0,8302,6532,314141
CLT-000090,INS-001,2025-07,11931,80526,6515,85942,1148985
CLT-000090,INS-001,2025-08,13742,48344,7504,54582,1162631
CLT-000090,INS-001,2025-09,14824,57608,8095,64338,1178715
CLT-000090,INS-001,2025-10,12381,70224,6761,75844,1197676
CLT-000090,INS-001,2025-11,16251,64136,8874,71513,1215555
CLT-000090,INS-001,2025-12,17120,48100,9349,55872,1229523
CLT-000091,INS-001,2025-08,-46873,120574,0,73701,52925
CLT-000091,INS-001,2025-09,-48086,134683,0,86597,74574
CLT-000091,INS-001,2025-10,-53835,174982,0,121147,104861
CLT-000091,INS-001,2025-11,-96607,132782,0,36175,113905
CLT-000091,INS-001,2025-12,-65384,142041,0,76657,133069
CLT-000092,INS-001,2025-08,-16650,0,0,-16650,0
CLT-000092,INS-001,2025-09,-18209,0,0,-18209,0
CLT-000092,INS-001,2025-10,-32548,0,0,-32548,0
CLT-000092,INS-001,2025-11,-27105,0,0,-27105,0
CLT-000092,INS-001,2025-12,-21806,0,0,-21806,0
CLT-000093,INS-001,2025-09,-40015,0,0,-40015,27496
CLT-000093,INS-001,2025-10,-42494,0,0,-42494,16873
CLT-000093,INS-001,2025-11,-49851,0,0,-49851,4410
CLT-000093,INS-001,2025-12,-54281,0,0,-54281,0
CLT-000094,INS-001,2025-09,-133183,39211,0,-93972,7007
CLT-000094,INS-001,2025-10,-141810,28350,0,-113460,0
CLT-000094,INS-001,2025-11,-147225,30168,0,-117057,0
CLT-000094,INS-001,2025-12,-145736,26426,0,-119310,0
CLT-000095,INS-001,2025-09,19376,111328,10759,119945,68986
CLT-000095,INS-001,2025-10,14874,86593,8259,93207,92288
CLT-000095,INS-001,2025-11,20066,93516,11142,102439,117898
CLT-000095,INS-001,2025-12,23580,109060,13093,119547,147785
CLT-000096,INS-001,2025-10,78302,118314,32344,164272,76068
CLT-000096,INS-001,2025-11,89885,119378,37129,172134,119102
CLT-000096,INS-001,2025-12,76467,90995,31586,135876,153070
CLT-000097,INS-001,2025-10,-43634,0,0,-43634,223592
CLT-000097,INS-001,2025-11,-33157,0,0,-33157,215302
CLT-000097,INS-001,2025-12,-25324,0,0,-25324,208971
CLT-000098,INS-001,2025-10,-7044,8009,0,965,24741
CLT-000098,INS-001,2025-11,-4893,5418,0,525,24873
CLT-000098,INS-001,2025-12,-6122,4705,0,-1417,24518
CLT-000099,INS-001,2025-11,-72731,11151,0,-61580,0
CLT-000099,INS-001,2025-12,-67108,13700,0,-53408,0
CLT-000100,INS-001,2025-12,-98863,76904,0,-21959,10510
