identifiant_demande,identifiant_institution,aurait_ete_decaisse,defaut_contrefactuel,jours_retard_max_contrefactuel,capital_perdu_contrefactuel
DEM-000002,INS-001,1,0,0,0
DEM-000005,INS-001,1,0,4,0
DEM-000006,INS-001,1,0,3,0
DEM-000007,INS-001,1,0,4,0
DEM-000014,INS-001,1,0,4,0
DEM-000027,INS-001,1,0,4,0
DEM-000028,INS-001,0,0,4,0
DEM-000036,INS-001,1,1,90,21810
DEM-000047,INS-001,1,0,26,0
DEM-000050,INS-001,1,0,3,0
DEM-000064,INS-001,1,0,2,0
DEM-000068,INS-001,1,0,59,0
DEM-000070,INS-001,1,0,2,0
DEM-000086,INS-001,1,0,3,0
DEM-000091,INS-001,1,0,4,0
DEM-000093,INS-001,1,0,4,0
DEM-000126,INS-001,1,0,64,0
DEM-000129,INS-001,1,0,4,0
DEM-000130,INS-001,1,0,4,0
DEM-000139,INS-001,1,0,3,0
DEM-000149,INS-001,1,0,4,0
DEM-000179,INS-001,1,0,4,0
DEM-000183,INS-001,1,0,3,0
DEM-000189,INS-001,1,0,4,0
DEM-000191,INS-001,1,0,1,0
DEM-000192,INS-001,1,0,1,0
DEM-000193,INS-001,1,0,4,0
DEM-000237,INS-001,1,0,3,0
DEM-000249,INS-001,0,0,28,0
DEM-000252,INS-001,1,0,2,0
DEM-000253,INS-001,1,0,3,0
DEM-000254,INS-001,1,0,4,0
DEM-000255,INS-001,1,0,4,0
DEM-000256,INS-001,0,0,4,0
DEM-000257,INS-001,1,0,4,0
DEM-000258,INS-001,1,0,1,0
DEM-000261,INS-001,1,1,151,116672
DEM-000263,INS-001,0,0,3,0
DEM-000264,INS-001,1,0,34,0
DEM-000267,INS-001,1,0,4,0
DEM-000268,INS-001,1,0,2,0
DEM-000271,INS-001,1,0,4,0
DEM-000277,INS-001,1,1,90,100000
DEM-000291,INS-001,0,0,35,0
DEM-000300,INS-001,1,1,90,50000
DEM-000302,INS-001,0,0,28,0
DEM-000312,INS-001,1,0,4,0
DEM-000313,INS-001,1,0,4,0
DEM-000314,INS-001,1,0,4,0
DEM-000324,INS-001,1,0,3,0
DEM-000328,INS-001,1,0,3,0
DEM-000330,INS-001,0,0,4,0
DEM-000331,INS-001,1,0,4,0
DEM-000335,INS-001,1,1,90,77083
DEM-000349,INS-001,1,0,3,0
DEM-000360,INS-001,1,0,4,0
DEM-000361,INS-001,1,0,4,0
DEM-000365,INS-001,1,1,90,68333
DEM-000366,INS-001,1,0,3,0
DEM-000371,INS-001,1,1,90,45000
DEM-000372,INS-001,1,0,45,0
DEM-000373,INS-001,1,0,4,0
DEM-000378,INS-001,1,0,3,0
DEM-000380,INS-001,1,0,33,0
DEM-000402,INS-001,1,0,16,0
DEM-000403,INS-001,1,0,3,0
DEM-000405,INS-001,1,1,90,100000
DEM-000414,INS-001,1,1,151,69607
DEM-000438,INS-001,1,0,15,0
DEM-000448,INS-001,1,0,4,0
DEM-000459,INS-001,1,0,2,0
DEM-000474,INS-001,1,0,4,0
DEM-000479,INS-001,1,0,4,0
DEM-000481,INS-001,1,0,4,0
DEM-000484,INS-001,1,0,4,0
DEM-000486,INS-001,1,0,4,0
DEM-000487,INS-001,1,0,2,0
DEM-000504,INS-001,1,0,4,0
DEM-000505,INS-001,1,0,4,0
DEM-000510,INS-001,1,0,3,0
DEM-000517,INS-001,1,0,4,0
DEM-000518,INS-001,1,1,90,41670
DEM-000520,INS-001,0,0,1,0
DEM-000527,INS-001,1,0,4,0
DEM-000528,INS-001,1,0,3,0
DEM-000536,INS-001,1,0,12,0
DEM-000543,INS-001,1,0,4,0
DEM-000558,INS-001,1,0,2,0
DEM-000559,INS-001,1,0,4,0
DEM-000560,INS-001,1,0,4,0
DEM-000561,INS-001,1,0,1,0
DEM-000581,INS-001,1,0,4,0
DEM-000589,INS-001,1,0,20,0
DEM-000597,INS-001,1,0,22,0
DEM-000607,INS-001,1,0,4,0
DEM-000613,INS-001,1,0,4,0
DEM-000615,INS-001,0,0,2,0
DEM-000621,INS-001,1,0,2,0
DEM-000627,INS-001,0,0,13,0
DEM-000628,INS-001,1,0,15,0
DEM-000629,INS-001,1,0,33,0
DEM-000630,INS-001,1,0,27,0
DEM-000643,INS-001,1,0,2,0
DEM-000649,INS-001,1,0,0,0
DEM-000653,INS-001,1,0,4,0
DEM-000664,INS-001,1,0,4,0
DEM-000667,INS-001,1,0,4,0
DEM-000669,INS-001,1,0,4,0
DEM-000675,INS-001,1,0,0,0
DEM-000677,INS-001,1,0,4,0
DEM-000678,INS-001,1,0,4,0
DEM-000685,INS-001,0,0,3,0
DEM-000688,INS-001,1,0,4,0
DEM-000696,INS-001,1,0,2,0
DEM-000698,INS-001,1,0,4,0
DEM-000715,INS-001,1,0,3,0
DEM-000735,INS-001,1,0,1,0
DEM-000740,INS-001,1,0,4,0
DEM-000744,INS-001,1,0,31,0
DEM-000754,INS-001,1,0,10,0
DEM-000762,INS-001,1,0,4,0
DEM-000764,INS-001,1,0,0,0
DEM-000771,INS-001,1,0,2,0
DEM-000775,INS-001,1,0,4,0
DEM-000784,INS-001,1,0,4,0
DEM-000785,INS-001,1,0,3,0
DEM-000786,INS-001,1,0,4,0
DEM-000792,INS-001,1,0,4,0
DEM-000795,INS-001,0,0,4,0
DEM-000796,INS-001,1,0,3,0
DEM-000797,INS-001,1,0,4,0
DEM-000799,INS-001,1,0,0,0
DEM-000821,INS-001,1,0,4,0
DEM-000824,INS-001,1,1,90,100000
DEM-000829,INS-001,1,0,24,0
DEM-000850,INS-001,1,0,3,0
DEM-000851,INS-001,1,0,4,0
DEM-000853,INS-001,1,0,0,0
DEM-000863,INS-001,0,0,4,0
DEM-000865,INS-001,0,0,33,0
DEM-000866,INS-001,1,0,33,0
DEM-000867,INS-001,1,0,29,0
DEM-000875,INS-001,1,0,4,0
DEM-000876,INS-001,1,0,4,0
DEM-000877,INS-001,1,0,3,0
DEM-000878,INS-001,1,0,4,0
DEM-000894,INS-001,1,0,4,0
DEM-000895,INS-001,1,0,30,0
DEM-000900,INS-001,1,0,4,0
DEM-000902,INS-001,1,0,87,0
DEM-000936,INS-001,1,0,1,0
DEM-000937,INS-001,1,0,3,0
DEM-000939,INS-001,1,0,4,0
DEM-000953,INS-001,1,1,90,36212
DEM-000954,INS-001,1,0,4,0
DEM-000973,INS-001,1,0,2,0
DEM-000983,INS-001,1,0,3,0
DEM-000987,INS-001,1,0,3,0
DEM-000989,INS-001,1,1,90,106666
DEM-000990,INS-001,1,0,23,0
DEM-001013,INS-001,1,0,4,0
DEM-001019,INS-001,1,0,2,0
DEM-001028,INS-001,1,0,4,0
DEM-001031,INS-001,1,0,4,0
DEM-001037,INS-001,1,0,4,0
DEM-001043,INS-001,1,0,0,0
DEM-001048,INS-001,1,0,0,0
DEM-001057,INS-001,1,0,4,0
DEM-001067,INS-001,1,0,2,0
DEM-001071,INS-001,1,0,0,0
DEM-001079,INS-001,1,0,29,0
DEM-001081,INS-001,1,0,4,0
DEM-001082,INS-001,1,1,90,54914
DEM-001083,INS-001,1,0,3,0
DEM-001094,INS-001,1,0,4,0
DEM-001095,INS-001,0,0,4,0
DEM-001101,INS-001,1,0,4,0
DEM-001118,INS-001,1,0,4,0
DEM-001127,INS-001,1,0,4,0
DEM-001133,INS-001,1,0,0,0
DEM-001136,INS-001,1,0,4,0
DEM-001137,INS-001,1,0,3,0
DEM-001159,INS-001,1,0,2,0
DEM-001169,INS-001,1,0,15,0
DEM-001176,INS-001,1,0,4,0
DEM-001180,INS-001,1,0,4,0
DEM-001187,INS-001,1,0,3,0
DEM-001192,INS-001,1,0,4,0
DEM-001201,INS-001,1,0,2,0
DEM-001213,INS-001,1,0,9,0
DEM-001225,INS-001,0,1,90,11062
DEM-001231,INS-001,1,0,4,0
DEM-001238,INS-001,1,0,4,0
DEM-001239,INS-001,0,0,3,0
DEM-001240,INS-001,1,0,4,0
DEM-001264,INS-001,1,0,3,0
DEM-001268,INS-001,1,0,4,0
DEM-001279,INS-001,1,0,23,0
DEM-001280,INS-001,1,0,3,0
DEM-001281,INS-001,1,0,2,0
DEM-001282,INS-001,0,0,2,0
DEM-001287,INS-001,1,1,90,31666
DEM-001288,INS-001,1,0,4,0
DEM-001289,INS-001,1,0,3,0
DEM-001294,INS-001,1,0,4,0
DEM-001299,INS-001,1,0,4,0
DEM-001300,INS-001,1,1,90,12116
DEM-001301,INS-001,1,0,26,0
DEM-001307,INS-001,0,0,4,0
DEM-001309,INS-001,1,0,4,0
DEM-001314,INS-001,1,0,35,0
DEM-001322,INS-001,1,0,3,0
DEM-001336,INS-001,1,0,4,0
DEM-001338,INS-001,0,0,4,0
DEM-001342,INS-001,1,0,4,0
DEM-001364,INS-001,0,0,33,0
DEM-001365,INS-001,1,0,30,0
DEM-001376,INS-001,0,0,20,0
DEM-001391,INS-001,1,0,4,0
DEM-001400,INS-001,1,0,67,0
DEM-001401,INS-001,1,0,0,0
DEM-001402,INS-001,1,0,4,0
DEM-001405,INS-001,1,0,85,0
DEM-001406,INS-001,0,0,4,0
DEM-001417,INS-001,1,0,3,0
DEM-001420,INS-001,1,0,2,0
DEM-001426,INS-001,0,0,1,0
DEM-001436,INS-001,1,1,90,7579
DEM-001439,INS-001,1,0,4,0
DEM-001440,INS-001,0,0,0,0
DEM-001463,INS-001,1,0,27,0
DEM-001464,INS-001,1,0,6,0
DEM-001468,INS-001,1,1,90,10000
DEM-001476,INS-001,1,0,3,0
DEM-001477,INS-001,1,0,4,0
DEM-001481,INS-001,1,0,3,0
DEM-001482,INS-001,0,0,35,0
DEM-001486,INS-001,1,0,4,0
DEM-001487,INS-001,1,0,4,0
DEM-001488,INS-001,1,0,4,0
DEM-001493,INS-001,1,0,4,0
DEM-001496,INS-001,1,0,4,0
DEM-001497,INS-001,1,0,0,0
DEM-001498,INS-001,1,0,20,0
DEM-001499,INS-001,1,0,4,0
DEM-001503,INS-001,1,0,4,0
DEM-001506,INS-001,1,0,3,0
DEM-001522,INS-001,1,0,0,0
DEM-001530,INS-001,1,0,4,0
DEM-001544,INS-001,1,0,4,0
DEM-001546,INS-001,1,1,121,100000
DEM-001566,INS-001,1,0,4,0
DEM-001568,INS-001,1,0,19,0
DEM-001584,INS-001,1,0,29,0
DEM-001589,INS-001,1,0,4,0
DEM-001590,INS-001,1,0,29,0
DEM-001591,INS-001,1,0,4,0
DEM-001598,INS-001,1,0,4,0
DEM-001625,INS-001,1,0,4,0
DEM-001626,INS-001,1,0,3,0
DEM-001627,INS-001,1,0,1,0
DEM-001636,INS-001,1,0,3,0
DEM-001646,INS-001,1,0,34,0
DEM-001650,INS-001,1,0,4,0
DEM-001662,INS-001,1,0,0,0
DEM-001664,INS-001,1,0,4,0
DEM-001672,INS-001,1,0,4,0
DEM-001674,INS-001,1,0,4,0
DEM-001675,INS-001,1,0,4,0
DEM-001678,INS-001,1,0,4,0
DEM-001680,INS-001,1,0,3,0
DEM-001682,INS-001,1,0,1,0
DEM-001684,INS-001,0,0,4,0
DEM-001685,INS-001,1,0,4,0
DEM-001689,INS-001,1,0,4,0
DEM-001691,INS-001,1,1,121,13769
DEM-001692,INS-001,1,0,4,0
DEM-001693,INS-001,0,0,4,0
DEM-001694,INS-001,1,0,38,0
DEM-001695,INS-001,1,1,90,83333
DEM-001707,INS-001,1,0,3,0
DEM-001723,INS-001,1,0,4,0
DEM-001739,INS-001,1,0,22,0
DEM-001740,INS-001,1,0,4,0
DEM-001747,INS-001,1,1,90,21729
DEM-001748,INS-001,1,0,42,0
DEM-001757,INS-001,1,0,3,0
DEM-001763,INS-001,1,0,4,0
DEM-001770,INS-001,1,0,4,0
DEM-001771,INS-001,1,0,3,0
DEM-001777,INS-001,1,0,4,0
DEM-001779,INS-001,1,0,2,0
DEM-001781,INS-001,1,0,0,0
DEM-001785,INS-001,1,0,33,0
DEM-001786,INS-001,0,0,0,0
DEM-001788,INS-001,1,0,3,0
DEM-001806,INS-001,1,0,3,0
DEM-001810,INS-001,1,0,4,0
DEM-001821,INS-001,1,0,3,0
DEM-001829,INS-001,1,0,6,0
DEM-001830,INS-001,1,0,4,0
DEM-001831,INS-001,1,0,4,0
DEM-001854,INS-001,1,0,3,0
DEM-001864,INS-001,0,0,3,0
DEM-001875,INS-001,1,0,4,0
DEM-001882,INS-001,1,0,3,0
DEM-001899,INS-001,1,0,3,0
DEM-001913,INS-001,1,0,4,0
DEM-001915,INS-001,1,0,1,0
DEM-001918,INS-001,1,0,4,0
DEM-001919,INS-001,1,0,3,0
DEM-001920,INS-001,1,0,4,0
DEM-001921,INS-001,1,0,34,0
DEM-001926,INS-001,1,0,3,0
DEM-001931,INS-001,1,0,35,0
DEM-001934,INS-001,1,0,19,0
DEM-001940,INS-001,1,0,3,0
DEM-001941,INS-001,1,0,3,0
DEM-001944,INS-001,1,0,4,0
DEM-001946,INS-001,1,0,4,0
DEM-001952,INS-001,1,0,25,0
DEM-001953,INS-001,1,0,4,0
DEM-001961,INS-001,1,0,7,0
DEM-001965,INS-001,1,0,26,0
DEM-001968,INS-001,1,0,4,0
DEM-001969,INS-001,1,1,90,50000
DEM-001970,INS-001,1,0,2,0
DEM-001975,INS-001,1,0,3,0
DEM-001980,INS-001,1,0,4,0
DEM-001996,INS-001,0,0,34,0
DEM-002000,INS-001,0,0,0,0
DEM-002008,INS-001,1,0,4,0
DEM-002009,INS-001,1,0,4,0
DEM-002014,INS-001,1,0,4,0
DEM-002017,INS-001,1,0,4,0
DEM-002020,INS-001,1,0,3,0
DEM-002029,INS-001,1,0,4,0
DEM-002033,INS-001,1,0,4,0
DEM-002034,INS-001,1,0,0,0
DEM-002046,INS-001,1,0,34,0
DEM-002047,INS-001,1,0,4,0
DEM-002048,INS-001,1,0,3,0
DEM-002051,INS-001,1,0,0,0
DEM-002066,INS-001,1,0,0,0
DEM-002074,INS-001,1,0,4,0
DEM-002078,INS-001,1,0,4,0
DEM-002080,INS-001,1,0,4,0
DEM-002081,INS-001,1,0,2,0
DEM-002083,INS-001,1,1,90,125000
DEM-002084,INS-001,1,0,82,0
DEM-002101,INS-001,1,0,2,0
DEM-002102,INS-001,1,0,4,0
DEM-002103,INS-001,1,0,4,0
DEM-002104,INS-001,1,0,4,0
DEM-002105,INS-001,1,0,4,0
DEM-002107,INS-001,1,0,2,0
DEM-002114,INS-001,1,0,4,0
DEM-002121,INS-001,1,1,90,5416
DEM-002122,INS-001,1,0,4,0
DEM-002127,INS-001,1,0,3,0
DEM-002136,INS-001,1,0,0,0
DEM-002139,INS-001,0,1,120,36153
DEM-002151,INS-001,1,0,4,0
DEM-002154,INS-001,0,0,1,0
DEM-002156,INS-001,0,0,3,0
DEM-002158,INS-001,1,0,4,0
DEM-002170,INS-001,1,0,4,0
DEM-002171,INS-001,1,0,4,0
DEM-002172,INS-001,1,1,90,44583
DEM-002173,INS-001,1,1,90,29166
DEM-002184,INS-001,1,0,4,0
DEM-002194,INS-001,1,0,2,0
DEM-002212,INS-001,1,0,3,0
DEM-002214,INS-001,1,0,3,0
DEM-002219,INS-001,1,1,121,135000
DEM-002223,INS-001,1,0,4,0
DEM-002228,INS-001,0,0,4,0
DEM-002231,INS-001,1,0,3,0
DEM-002233,INS-001,0,0,3,0
DEM-002234,INS-001,1,0,4,0
DEM-002237,INS-001,1,0,4,0
DEM-002239,INS-001,1,0,28,0
DEM-002243,INS-001,1,0,3,0
DEM-002248,INS-001,1,1,151,356956
DEM-002269,INS-001,1,0,54,0
DEM-002271,INS-001,1,0,4,0
DEM-002273,INS-001,1,0,34,0
DEM-002274,INS-001,1,0,4,0
DEM-002275,INS-001,1,0,3,0
DEM-002280,INS-001,1,0,2,0
DEM-002283,INS-001,1,0,25,0
DEM-002288,INS-001,1,0,4,0
DEM-002304,INS-001,1,0,4,0
DEM-002306,INS-001,1,0,3,0
DEM-002308,INS-001,1,0,4,0
DEM-002313,INS-001,1,0,29,0
DEM-002318,INS-001,1,0,3,0
DEM-002325,INS-001,1,0,4,0
DEM-002329,INS-001,1,0,3,0
DEM-002333,INS-001,1,0,3,0
DEM-002341,INS-001,1,0,22,0
DEM-002342,INS-001,0,0,4,0
DEM-002370,INS-001,1,0,17,0
DEM-002377,INS-001,1,0,4,0
DEM-002399,INS-001,0,0,32,0
DEM-002400,INS-001,1,0,28,0
DEM-002401,INS-001,1,0,3,0
DEM-002405,INS-001,1,0,4,0
DEM-002409,INS-001,1,0,34,0
DEM-002421,INS-001,1,0,27,0
DEM-002424,INS-001,1,0,34,0
DEM-002426,INS-001,0,0,4,0
DEM-002429,INS-001,0,1,90,26250
DEM-002430,INS-001,1,0,4,0
DEM-002431,INS-001,1,0,4,0
DEM-002441,INS-001,1,0,3,0
DEM-002448,INS-001,1,0,4,0
DEM-002451,INS-001,1,0,12,0
DEM-002456,INS-001,1,0,39,0
DEM-002458,INS-001,1,0,0,0
DEM-002487,INS-001,1,0,4,0
DEM-002504,INS-001,1,1,121,54469
DEM-002510,INS-001,0,0,33,0
DEM-002523,INS-001,1,0,3,0
DEM-002526,INS-001,1,0,3,0
DEM-002536,INS-001,1,0,4,0
DEM-002539,INS-001,1,0,33,0
DEM-002540,INS-001,1,0,4,0
DEM-002542,INS-001,1,0,3,0
DEM-002544,INS-001,1,0,4,0
DEM-002552,INS-001,1,0,1,0
DEM-002553,INS-001,1,0,3,0
DEM-002557,INS-001,1,1,177,62499
DEM-002563,INS-001,1,0,1,0
DEM-002566,INS-001,1,0,3,0
DEM-002571,INS-001,1,0,3,0
DEM-002584,INS-001,1,0,3,0
DEM-002585,INS-001,1,0,4,0
DEM-002591,INS-001,1,0,4,0
DEM-002592,INS-001,1,0,4,0
DEM-002593,INS-001,1,0,4,0
DEM-002594,INS-001,1,0,4,0
DEM-002595,INS-001,1,0,1,0
DEM-002599,INS-001,1,0,4,0
DEM-002601,INS-001,0,0,18,0
DEM-002602,INS-001,1,0,4,0
DEM-002613,INS-001,1,1,90,50000
DEM-002637,INS-001,1,0,4,0
DEM-002640,INS-001,1,0,4,0
DEM-002659,INS-001,1,0,24,0
DEM-002663,INS-001,1,0,4,0
DEM-002676,INS-001,1,0,34,0
DEM-002691,INS-001,0,0,3,0
DEM-002698,INS-001,1,0,4,0
DEM-002699,INS-001,1,0,4,0
DEM-002712,INS-001,1,0,23,0
DEM-002715,INS-001,1,0,4,0
DEM-002719,INS-001,1,0,2,0
DEM-002721,INS-001,1,0,31,0
DEM-002724,INS-001,1,0,2,0
DEM-002728,INS-001,1,0,3,0
DEM-002730,INS-001,1,0,3,0
DEM-002735,INS-001,1,0,3,0
DEM-002739,INS-001,1,0,3,0
DEM-002747,INS-001,1,0,4,0
DEM-002752,INS-001,1,0,4,0
DEM-002755,INS-001,1,1,90,49069
DEM-002756,INS-001,1,0,4,0
DEM-002757,INS-001,1,1,90,27784
DEM-002766,INS-001,1,0,3,0
DEM-002777,INS-001,1,0,24,0
DEM-002786,INS-001,1,0,27,0
DEM-002794,INS-001,1,0,3,0
DEM-002800,INS-001,1,0,0,0
DEM-002819,INS-001,1,0,3,0
DEM-002827,INS-001,1,0,4,0
DEM-002831,INS-001,1,1,90,24166
DEM-002832,INS-001,1,0,4,0
DEM-002834,INS-001,1,0,31,0
DEM-002845,INS-001,1,1,90,4166
DEM-002846,INS-001,1,0,4,0
DEM-002848,INS-001,0,0,4,0
DEM-002849,INS-001,1,0,1,0
DEM-002853,INS-001,1,0,3,0
DEM-002871,INS-001,0,0,3,0
DEM-002873,INS-001,1,0,4,0
DEM-002881,INS-001,1,0,4,0
DEM-002898,INS-001,1,0,4,0
DEM-002914,INS-001,1,0,4,0
DEM-002920,INS-001,1,1,90,10076
DEM-002925,INS-001,1,0,4,0
DEM-002926,INS-001,1,0,4,0
DEM-002927,INS-001,1,0,4,0
DEM-002928,INS-001,1,0,2,0
DEM-002931,INS-001,1,0,4,0
DEM-002939,INS-001,1,0,3,0
DEM-002950,INS-001,1,0,4,0
DEM-002953,INS-001,1,0,30,0
DEM-002955,INS-001,1,0,4,0
DEM-002968,INS-001,1,0,4,0
DEM-002970,INS-001,1,0,4,0
DEM-002971,INS-001,1,0,4,0
DEM-002975,INS-001,0,0,3,0
DEM-002985,INS-001,1,0,3,0
DEM-002994,INS-001,0,0,2,0
DEM-002995,INS-001,1,0,4,0
DEM-002999,INS-001,1,0,4,0
DEM-003003,INS-001,1,0,3,0
DEM-003004,INS-001,0,1,90,89444
DEM-003010,INS-001,1,0,4,0
DEM-003012,INS-001,0,0,3,0
DEM-003013,INS-001,0,0,19,0
DEM-003023,INS-001,1,0,4,0
DEM-003031,INS-001,1,0,4,0
DEM-003034,INS-001,1,1,90,17121
DEM-003037,INS-001,1,0,4,0
DEM-003038,INS-001,1,0,2,0
DEM-003039,INS-001,1,0,4,0
DEM-003040,INS-001,1,0,4,0
DEM-003042,INS-001,1,0,0,0
DEM-003045,INS-001,1,0,3,0
DEM-003046,INS-001,1,0,4,0
DEM-003048,INS-001,1,0,4,0
DEM-003050,INS-001,1,0,34,0
DEM-003052,INS-001,1,1,90,5099
DEM-003053,INS-001,1,0,29,0
DEM-003054,INS-001,1,0,2,0
DEM-003055,INS-001,1,0,12,0
DEM-003064,INS-001,1,0,4,0
DEM-003066,INS-001,1,0,4,0
DEM-003067,INS-001,1,0,4,0
DEM-003068,INS-001,0,0,4,0
DEM-003069,INS-001,0,0,4,0
DEM-003070,INS-001,1,0,4,0
DEM-003072,INS-001,1,0,4,0
DEM-003076,INS-001,1,1,90,24166
DEM-003077,INS-001,1,0,4,0
DEM-003082,INS-001,1,0,3,0
DEM-003084,INS-001,1,0,4,0
DEM-003091,INS-001,1,0,22,0
DEM-003092,INS-001,1,0,28,0
DEM-003093,INS-001,1,0,1,0
DEM-003109,INS-001,0,0,17,0
DEM-003110,INS-001,1,0,4,0
DEM-003115,INS-001,1,0,46,0
DEM-003120,INS-001,1,0,4,0
DEM-003130,INS-001,1,0,30,0
DEM-003149,INS-001,1,1,90,26250
DEM-003151,INS-001,1,0,4,0
DEM-003156,INS-001,1,0,4,0
DEM-003182,INS-001,1,0,3,0
DEM-003183,INS-001,1,0,4,0
DEM-003185,INS-001,1,1,90,14481
DEM-003189,INS-001,1,0,4,0
DEM-003197,INS-001,1,0,3,0
DEM-003198,INS-001,1,0,4,0
DEM-003207,INS-001,1,1,90,14945
DEM-003211,INS-001,1,0,4,0
DEM-003212,INS-001,1,0,4,0
DEM-003219,INS-001,1,0,34,0
DEM-003222,INS-001,1,1,90,75000
DEM-003226,INS-001,1,0,30,0
DEM-003227,INS-001,1,0,3,0
DEM-003229,INS-001,1,0,4,0
DEM-003231,INS-001,1,0,3,0
DEM-003239,INS-001,1,0,4,0
DEM-003247,INS-001,1,0,4,0
DEM-003248,INS-001,1,0,3,0
DEM-003249,INS-001,1,1,90,83333
DEM-003250,INS-001,1,0,17,0
DEM-003251,INS-001,0,0,4,0
DEM-003268,INS-001,1,0,2,0
DEM-003289,INS-001,1,0,3,0
DEM-003290,INS-001,1,0,4,0
DEM-003293,INS-001,1,0,4,0
DEM-003296,INS-001,1,0,0,0
DEM-003307,INS-001,1,0,1,0
DEM-003313,INS-001,0,0,4,0
DEM-003314,INS-001,1,0,15,0
DEM-003315,INS-001,1,0,4,0
DEM-003321,INS-001,0,0,2,0
DEM-003325,INS-001,1,0,31,0
DEM-003326,INS-001,1,0,29,0
DEM-003327,INS-001,1,0,29,0
DEM-003328,INS-001,0,0,3,0
DEM-003329,INS-001,1,1,90,27777
DEM-003330,INS-001,1,0,4,0
DEM-003361,INS-001,1,1,90,34166
DEM-003363,INS-001,1,0,2,0
DEM-003364,INS-001,1,0,3,0
DEM-003379,INS-001,1,0,4,0
DEM-003390,INS-001,1,0,4,0
DEM-003400,INS-001,1,0,4,0
DEM-003402,INS-001,1,0,4,0
DEM-003415,INS-001,1,0,4,0
DEM-003416,INS-001,1,0,3,0
DEM-003424,INS-001,1,0,13,0
DEM-003427,INS-001,1,1,90,53337
DEM-003428,INS-001,1,1,90,80000
DEM-003429,INS-001,1,0,42,0
DEM-003437,INS-001,1,0,3,0
DEM-003438,INS-001,1,0,4,0
DEM-003450,INS-001,1,0,0,0
DEM-003463,INS-001,1,0,52,0
DEM-003465,INS-001,1,0,20,0
DEM-003471,INS-001,1,0,28,0
DEM-003477,INS-001,1,0,35,0
DEM-003479,INS-001,1,0,23,0
DEM-003480,INS-001,1,0,4,0
DEM-003483,INS-001,1,0,30,0
DEM-003486,INS-001,1,0,4,0
DEM-003487,INS-001,1,0,1,0
DEM-003488,INS-001,0,0,4,0
DEM-003492,INS-001,1,0,2,0
DEM-003493,INS-001,1,0,2,0
DEM-003507,INS-001,1,0,3,0
DEM-003511,INS-001,0,0,0,0
DEM-003515,INS-001,1,0,28,0
DEM-003524,INS-001,1,0,4,0
DEM-003525,INS-001,1,0,27,0
DEM-003526,INS-001,1,0,4,0
DEM-003535,INS-001,1,0,4,0
DEM-003536,INS-001,1,0,4,0
DEM-003537,INS-001,1,0,4,0
DEM-003538,INS-001,1,0,2,0
DEM-003539,INS-001,1,0,3,0
DEM-003546,INS-001,1,0,2,0
DEM-003553,INS-001,1,0,4,0
DEM-003560,INS-001,1,0,52,0
DEM-003562,INS-001,1,0,3,0
DEM-003568,INS-001,1,0,4,0
DEM-003569,INS-001,1,0,1,0
DEM-003575,INS-001,1,0,3,0
DEM-003576,INS-001,1,0,4,0
DEM-003580,INS-001,1,0,4,0
DEM-003583,INS-001,1,0,2,0
DEM-003584,INS-001,1,0,35,0
DEM-003595,INS-001,1,0,4,0
DEM-003603,INS-001,1,0,31,0
DEM-003614,INS-001,1,0,4,0
DEM-003620,INS-001,0,0,2,0
DEM-003621,INS-001,1,0,3,0
DEM-003630,INS-001,1,0,4,0
DEM-003647,INS-001,1,0,4,0
DEM-003648,INS-001,1,0,3,0
DEM-003650,INS-001,1,0,2,0
DEM-003656,INS-001,1,0,4,0
DEM-003657,INS-001,1,0,3,0
DEM-003658,INS-001,1,0,4,0
DEM-003659,INS-001,1,0,3,0
DEM-003663,INS-001,0,0,34,0
DEM-003664,INS-001,1,0,4,0
DEM-003670,INS-001,1,0,4,0
DEM-003672,INS-001,1,0,2,0
DEM-003675,INS-001,1,0,4,0
DEM-003676,INS-001,1,0,30,0
DEM-003677,INS-001,1,0,30,0
DEM-003678,INS-001,1,0,57,0
DEM-003679,INS-001,1,0,21,0
DEM-003691,INS-001,1,0,4,0
DEM-003695,INS-001,0,0,4,0
DEM-003708,INS-001,1,0,4,0
DEM-003712,INS-001,1,0,4,0
DEM-003715,INS-001,1,0,34,0
DEM-003725,INS-001,0,0,4,0
DEM-003733,INS-001,1,0,4,0
DEM-003741,INS-001,0,0,4,0
DEM-003748,INS-001,0,0,19,0
DEM-003749,INS-001,1,0,4,0
DEM-003754,INS-001,1,0,4,0
DEM-003768,INS-001,1,0,4,0
DEM-003769,INS-001,1,0,3,0
DEM-003772,INS-001,0,0,0,0
DEM-003775,INS-001,1,0,17,0
DEM-003778,INS-001,1,0,1,0
DEM-003783,INS-001,1,0,4,0
DEM-003785,INS-001,1,0,3,0
DEM-003786,INS-001,1,0,4,0
DEM-003787,INS-001,1,0,4,0
DEM-003806,INS-001,1,0,4,0
DEM-003817,INS-001,1,0,3,0
DEM-003821,INS-001,1,0,4,0
DEM-003822,INS-001,1,0,1,0
DEM-003824,INS-001,1,0,6,0
DEM-003825,INS-001,1,0,27,0
DEM-003840,INS-001,1,0,1,0
DEM-003844,INS-001,1,0,58,0
DEM-003854,INS-001,1,0,0,0
DEM-003861,INS-001,1,0,4,0
DEM-003866,INS-001,0,1,90,23458
DEM-003867,INS-001,0,0,4,0
DEM-003868,INS-001,1,0,55,0
DEM-003880,INS-001,1,0,4,0
DEM-003885,INS-001,1,0,4,0
DEM-003889,INS-001,1,0,32,0
DEM-003893,INS-001,1,0,35,0
DEM-003899,INS-001,1,0,2,0
DEM-003903,INS-001,1,0,3,0
DEM-003908,INS-001,1,0,4,0
DEM-003922,INS-001,1,0,4,0
DEM-003936,INS-001,1,0,1,0
DEM-003938,INS-001,1,1,90,37230
DEM-003941,INS-001,1,0,30,0
DEM-003943,INS-001,1,0,4,0
DEM-003945,INS-001,0,0,4,0
DEM-003958,INS-001,1,0,4,0
DEM-003959,INS-001,1,0,1,0
DEM-003960,INS-001,1,0,3,0
DEM-003966,INS-001,1,0,3,0
DEM-003972,INS-001,1,0,4,0
DEM-003976,INS-001,1,0,3,0
DEM-003977,INS-001,1,0,4,0
DEM-003978,INS-001,0,0,4,0
DEM-003979,INS-001,1,0,0,0
DEM-003983,INS-001,1,0,4,0
DEM-003984,INS-001,1,0,59,0
DEM-003986,INS-001,1,0,7,0
DEM-003992,INS-001,1,0,2,0
DEM-003993,INS-001,1,1,90,8333
DEM-003998,INS-001,1,0,4,0
DEM-004000,INS-001,1,0,4,0
DEM-004004,INS-001,1,0,4,0
DEM-004008,INS-001,0,0,4,0
DEM-004015,INS-001,1,0,4,0
DEM-004017,INS-001,1,0,4,0
DEM-004022,INS-001,1,0,29,0
DEM-004023,INS-001,1,1,121,34105
DEM-004024,INS-001,1,0,4,0
DEM-004028,INS-001,1,0,25,0
DEM-004036,INS-001,1,0,2,0
DEM-004038,INS-001,1,0,4,0
DEM-004040,INS-001,1,0,4,0
DEM-004045,INS-001,1,0,3,0
DEM-004050,INS-001,1,0,4,0
DEM-004051,INS-001,1,0,4,0
DEM-004060,INS-001,1,0,4,0
DEM-004064,INS-001,1,0,29,0
DEM-004070,INS-001,1,0,28,0
DEM-004071,INS-001,1,0,4,0
DEM-004077,INS-001,1,0,4,0
DEM-004085,INS-001,1,0,4,0
DEM-004088,INS-001,1,0,4,0
DEM-004094,INS-001,1,0,4,0
DEM-004097,INS-001,1,0,2,0
DEM-004103,INS-001,1,0,4,0
DEM-004106,INS-001,1,0,2,0
DEM-004113,INS-001,1,0,4,0
DEM-004116,INS-001,1,0,3,0
DEM-004120,INS-001,1,0,3,0
DEM-004121,INS-001,1,0,4,0
DEM-004122,INS-001,1,0,1,0
DEM-004130,INS-001,1,0,4,0
DEM-004134,INS-001,1,0,42,0
DEM-004137,INS-001,1,0,4,0
DEM-004138,INS-001,1,0,2,0
DEM-004149,INS-001,1,0,4,0
DEM-004154,INS-001,1,0,4,0
DEM-004155,INS-001,1,0,1,0
DEM-004157,INS-001,1,0,4,0
DEM-004159,INS-001,1,0,2,0
DEM-004162,INS-001,1,0,4,0
DEM-004164,INS-001,1,0,4,0
DEM-004170,INS-001,1,0,4,0
DEM-004173,INS-001,1,0,34,0
DEM-004179,INS-001,1,0,4,0
DEM-004180,INS-001,1,0,4,0
DEM-004181,INS-001,0,0,20,0
DEM-004189,INS-001,0,0,30,0
DEM-004194,INS-001,1,0,30,0
DEM-004205,INS-001,1,0,4,0
DEM-004206,INS-001,1,0,24,0
DEM-004208,INS-001,0,0,35,0
DEM-004209,INS-001,1,0,0,0
DEM-004210,INS-001,1,0,4,0
DEM-004219,INS-001,1,0,1,0
DEM-004231,INS-001,1,0,4,0
DEM-004233,INS-001,1,0,4,0
DEM-004238,INS-001,1,0,3,0
DEM-004243,INS-001,1,0,1,0
DEM-004244,INS-001,1,0,4,0
DEM-004246,INS-001,1,0,4,0
DEM-004253,INS-001,1,0,19,0
DEM-004256,INS-001,1,0,23,0
DEM-004270,INS-001,1,0,27,0
DEM-004279,INS-001,1,0,1,0
DEM-004281,INS-001,1,0,2,0
DEM-004282,INS-001,1,0,84,0
DEM-004291,INS-001,1,1,90,66672
DEM-004298,INS-001,1,0,4,0
DEM-004301,INS-001,1,0,3,0
DEM-004303,INS-001,1,0,3,0
DEM-004311,INS-001,1,1,90,37222
DEM-004321,INS-001,1,0,4,0
DEM-004326,INS-001,1,1,90,39166
DEM-004331,INS-001,1,0,4,0
DEM-004332,INS-001,1,0,3,0
DEM-004336,INS-001,1,0,32,0
DEM-004338,INS-001,1,0,26,0
DEM-004355,INS-001,1,0,4,0
DEM-004359,INS-001,1,0,2,0
DEM-004367,INS-001,1,0,2,0
DEM-004374,INS-001,1,0,75,0
DEM-004375,INS-001,1,0,4,0
DEM-004376,INS-001,1,0,4,0
DEM-004380,INS-001,1,0,2,0
DEM-004381,INS-001,1,0,4,0
DEM-004382,INS-001,1,0,4,0
DEM-004383,INS-001,1,0,4,0
DEM-004387,INS-001,1,0,4,0
DEM-004388,INS-001,1,0,4,0
DEM-004389,INS-001,1,0,3,0
DEM-004390,INS-001,0,0,1,0
DEM-004395,INS-001,1,0,0,0
DEM-004398,INS-001,1,0,4,0
DEM-004401,INS-001,1,0,3,0
DEM-004402,INS-001,1,0,1,0
DEM-004403,INS-001,1,0,4,0
DEM-004404,INS-001,1,0,4,0
DEM-004405,INS-001,1,0,73,0
DEM-004411,INS-001,1,0,0,0
DEM-004412,INS-001,1,0,4,0
DEM-004413,INS-001,1,0,4,0
DEM-004420,INS-001,1,1,90,100000
DEM-004427,INS-001,1,0,4,0
DEM-004428,INS-001,1,0,63,0
DEM-004432,INS-001,1,0,4,0
DEM-004433,INS-001,1,0,32,0
DEM-004443,INS-001,1,0,2,0
DEM-004456,INS-001,1,0,10,0
DEM-004457,INS-001,1,0,3,0
DEM-004459,INS-001,1,0,19,0
DEM-004461,INS-001,1,0,15,0
DEM-004462,INS-001,1,0,3,0
DEM-004464,INS-001,1,0,4,0
DEM-004466,INS-001,1,0,2,0
DEM-004467,INS-001,1,0,0,0
DEM-004476,INS-001,1,0,4,0
DEM-004484,INS-001,1,0,1,0
DEM-004494,INS-001,1,0,4,0
DEM-004498,INS-001,1,0,2,0
DEM-004504,INS-001,1,0,28,0
DEM-004516,INS-001,1,0,0,0
DEM-004534,INS-001,1,0,27,0
DEM-004543,INS-001,1,0,4,0
DEM-004544,INS-001,1,0,0,0
DEM-004551,INS-001,0,0,4,0
DEM-004557,INS-001,1,0,0,0
DEM-004559,INS-001,1,1,90,75000
DEM-004560,INS-001,0,1,90,50000
DEM-004561,INS-001,1,0,3,0
DEM-004562,INS-001,1,0,4,0
DEM-004569,INS-001,1,0,17,0
DEM-004570,INS-001,1,0,3,0
DEM-004588,INS-001,1,0,3,0
DEM-004596,INS-001,1,0,6,0
DEM-004606,INS-001,1,1,90,85000
DEM-004607,INS-001,1,0,4,0
DEM-004614,INS-001,1,0,3,0
DEM-004615,INS-001,1,0,4,0
DEM-004619,INS-001,1,0,4,0
DEM-004623,INS-001,1,0,2,0
DEM-004625,INS-001,1,0,31,0
DEM-004627,INS-001,1,0,4,0
DEM-004633,INS-001,1,0,4,0
DEM-004636,INS-001,1,0,4,0
DEM-004637,INS-001,1,0,4,0
DEM-004645,INS-001,1,0,4,0
DEM-004651,INS-001,1,0,4,0
DEM-004652,INS-001,1,0,4,0
DEM-004656,INS-001,1,0,4,0
DEM-004657,INS-001,1,0,66,0
DEM-004658,INS-001,1,0,54,0
DEM-004659,INS-001,0,0,0,0
DEM-004661,INS-001,1,0,42,0
DEM-004670,INS-001,1,0,3,0
DEM-004687,INS-001,1,1,90,5560
DEM-004712,INS-001,0,0,4,0
DEM-004715,INS-001,1,0,2,0
DEM-004716,INS-001,1,0,4,0
DEM-004717,INS-001,1,0,4,0
DEM-004731,INS-001,0,1,90,4413
DEM-004732,INS-001,0,0,4,0
DEM-004750,INS-001,1,0,6,0
DEM-004753,INS-001,1,0,33,0
DEM-004755,INS-001,1,0,3,0
DEM-004756,INS-001,1,0,4,0
DEM-004757,INS-001,1,0,7,0
DEM-004758,INS-001,1,0,34,0
DEM-004762,INS-001,1,0,10,0
DEM-004770,INS-001,1,0,62,0
DEM-004771,INS-001,1,0,4,0
DEM-004774,INS-001,1,0,1,0
DEM-004776,INS-001,1,0,43,0
DEM-004778,INS-001,1,1,90,75000
DEM-004780,INS-001,0,0,4,0
DEM-004784,INS-001,1,0,4,0
DEM-004792,INS-001,0,0,3,0
DEM-004795,INS-001,1,0,3,0
DEM-004797,INS-001,1,0,3,0
DEM-004838,INS-001,1,0,0,0
DEM-004844,INS-001,1,0,4,0
DEM-004849,INS-001,1,1,121,113888
DEM-004863,INS-001,1,0,3,0
DEM-004876,INS-001,1,0,3,0
DEM-004883,INS-001,1,0,4,0
DEM-004890,INS-001,1,0,0,0
DEM-004905,INS-001,0,0,3,0
DEM-004911,INS-001,1,1,90,45833
DEM-004912,INS-001,1,0,4,0
DEM-004938,INS-001,1,0,4,0
DEM-004941,INS-001,0,0,65,0
DEM-004951,INS-001,1,0,31,0
DEM-004958,INS-001,0,0,4,0
DEM-004963,INS-001,1,0,30,0
DEM-004967,INS-001,1,0,4,0
DEM-004968,INS-001,1,0,3,0
DEM-004972,INS-001,1,0,4,0
DEM-004978,INS-001,1,0,2,0
DEM-004987,INS-001,1,0,34,0
DEM-004996,INS-001,1,0,4,0
DEM-004999,INS-001,1,0,4,0
DEM-005000,INS-001,1,0,30,0
DEM-005017,INS-001,0,0,33,0
DEM-005020,INS-001,1,0,4,0
DEM-005026,INS-001,1,0,3,0
DEM-005027,INS-001,1,0,2,0
DEM-005030,INS-001,1,0,4,0
DEM-005032,INS-001,1,0,4,0
DEM-005035,INS-001,1,0,4,0
DEM-005049,INS-001,0,0,4,0
DEM-005053,INS-001,1,0,32,0
DEM-005054,INS-001,1,0,30,0
DEM-005057,INS-001,1,0,4,0
DEM-005059,INS-001,1,0,0,0
DEM-005073,INS-001,1,0,4,0
DEM-005079,INS-001,1,0,31,0
DEM-005085,INS-001,1,0,4,0
DEM-005088,INS-001,1,0,0,0
DEM-005097,INS-001,1,1,90,18012
DEM-005100,INS-001,1,0,3,0
DEM-005101,INS-001,1,0,0,0
DEM-005103,INS-001,1,0,4,0
DEM-005110,INS-001,1,0,4,0
DEM-005111,INS-001,1,0,4,0
DEM-005112,INS-001,1,0,4,0
DEM-005114,INS-001,1,0,4,0
DEM-005118,INS-001,1,0,16,0
DEM-005121,INS-001,0,0,15,0
DEM-005124,INS-001,1,0,3,0
DEM-005127,INS-001,1,0,3,0
DEM-005128,INS-001,1,0,3,0
DEM-005133,INS-001,1,0,3,0
DEM-005138,INS-001,1,0,68,0
DEM-005140,INS-001,1,0,4,0
DEM-005143,INS-001,1,0,3,0
DEM-005145,INS-001,1,0,4,0
DEM-005147,INS-001,1,0,4,0
DEM-005148,INS-001,1,1,90,7354
DEM-005149,INS-001,1,0,28,0
DEM-005156,INS-001,1,0,4,0
DEM-005160,INS-001,0,0,30,0
DEM-005162,INS-001,1,0,4,0
DEM-005167,INS-001,1,0,3,0
DEM-005169,INS-001,1,0,3,0
DEM-005170,INS-001,1,0,19,0
DEM-005182,INS-001,1,0,3,0
DEM-005184,INS-001,1,0,2,0
DEM-005188,INS-001,1,0,4,0
DEM-005189,INS-001,1,0,4,0
DEM-005191,INS-001,1,0,0,0
DEM-005192,INS-001,1,0,34,0
DEM-005204,INS-001,1,0,4,0
DEM-005222,INS-001,1,0,3,0
DEM-005223,INS-001,1,0,4,0
DEM-005225,INS-001,1,0,1,0
DEM-005237,INS-001,1,0,4,0
DEM-005238,INS-001,1,0,2,0
DEM-005239,INS-001,1,0,3,0
DEM-005243,INS-001,1,0,4,0
DEM-005246,INS-001,1,0,47,0
DEM-005255,INS-001,1,0,4,0
DEM-005258,INS-001,1,0,4,0
DEM-005259,INS-001,1,1,90,72500
DEM-005264,INS-001,1,0,4,0
DEM-005268,INS-001,1,0,4,0
DEM-005269,INS-001,1,0,4,0
DEM-005270,INS-001,1,0,4,0
DEM-005271,INS-001,1,1,90,31250
DEM-005272,INS-001,1,0,3,0
DEM-005275,INS-001,1,0,4,0
DEM-005279,INS-001,1,0,4,0
DEM-005286,INS-001,1,0,3,0
DEM-005302,INS-001,0,0,3,0
DEM-005303,INS-001,1,0,29,0
DEM-005306,INS-001,1,0,4,0
DEM-005317,INS-001,1,0,2,0
DEM-005318,INS-001,1,0,2,0
DEM-005321,INS-001,1,0,3,0
DEM-005323,INS-001,1,0,2,0
DEM-005324,INS-001,1,0,4,0
DEM-005328,INS-001,1,0,4,0
DEM-005329,INS-001,1,0,4,0
DEM-005338,INS-001,1,0,25,0
DEM-005343,INS-001,1,0,29,0
DEM-005345,INS-001,1,0,28,0
DEM-005346,INS-001,1,0,4,0
DEM-005347,INS-001,1,0,24,0
DEM-005350,INS-001,1,0,33,0
DEM-005361,INS-001,0,0,3,0
DEM-005363,INS-001,1,0,4,0
DEM-005369,INS-001,1,0,28,0
DEM-005373,INS-001,1,0,2,0
DEM-005383,INS-001,1,0,4,0
DEM-005394,INS-001,0,0,4,0
DEM-005397,INS-001,1,0,4,0
DEM-005404,INS-001,1,1,90,8879
DEM-005406,INS-001,0,0,4,0
DEM-005409,INS-001,1,0,3,0
DEM-005410,INS-001,1,0,18,0
DEM-005411,INS-001,1,0,4,0
DEM-005412,INS-001,1,0,2,0
DEM-005414,INS-001,1,0,4,0
DEM-005417,INS-001,1,0,31,0
DEM-005422,INS-001,1,0,4,0
DEM-005427,INS-001,1,0,70,0
DEM-005430,INS-001,1,0,4,0
DEM-005431,INS-001,1,0,2,0
DEM-005442,INS-001,1,0,3,0
DEM-005444,INS-001,1,0,4,0
DEM-005451,INS-001,1,0,4,0
DEM-005453,INS-001,1,0,31,0
DEM-005455,INS-001,1,0,4,0
DEM-005462,INS-001,1,1,90,39166
DEM-005465,INS-001,1,0,4,0
DEM-005477,INS-001,1,0,4,0
DEM-005479,INS-001,1,0,11,0
DEM-005480,INS-001,1,0,4,0
DEM-005481,INS-001,1,0,32,0
DEM-005483,INS-001,1,0,15,0
DEM-005484,INS-001,1,0,4,0
DEM-005485,INS-001,1,0,4,0
DEM-005491,INS-001,1,0,4,0
DEM-005492,INS-001,0,0,4,0
DEM-005501,INS-001,0,0,3,0
DEM-005502,INS-001,1,0,4,0
DEM-005514,INS-001,1,0,33,0
DEM-005517,INS-001,1,0,4,0
DEM-005533,INS-001,1,0,2,0
DEM-005537,INS-001,1,0,4,0
DEM-005549,INS-001,1,0,33,0
DEM-005552,INS-001,1,0,1,0
DEM-005556,INS-001,1,0,4,0
DEM-005557,INS-001,1,0,4,0
DEM-005583,INS-001,1,1,121,33332
DEM-005584,INS-001,1,0,1,0
DEM-005586,INS-001,1,0,3,0
DEM-005588,INS-001,0,0,3,0
DEM-005594,INS-001,1,0,3,0
DEM-005600,INS-001,1,0,4,0
DEM-005604,INS-001,1,1,90,66666
DEM-005608,INS-001,1,0,3,0
DEM-005615,INS-001,1,1,90,3333
DEM-005616,INS-001,1,0,34,0
DEM-005624,INS-001,1,0,3,0
DEM-005633,INS-001,1,1,90,41666
DEM-005649,INS-001,1,1,120,30775
DEM-005664,INS-001,0,0,4,0
DEM-005665,INS-001,1,0,4,0
DEM-005667,INS-001,1,0,2,0
DEM-005670,INS-001,1,1,90,50555
DEM-005676,INS-001,0,0,3,0
DEM-005677,INS-001,1,0,4,0
DEM-005681,INS-001,1,0,2,0
DEM-005689,INS-001,1,0,3,0
DEM-005701,INS-001,1,0,2,0
DEM-005705,INS-001,1,0,0,0
DEM-005706,INS-001,1,0,4,0
DEM-005710,INS-001,1,1,90,8333
DEM-005711,INS-001,1,0,4,0
DEM-005712,INS-001,1,0,4,0
DEM-005713,INS-001,1,0,3,0
DEM-005714,INS-001,1,1,90,83333
DEM-005715,INS-001,0,0,0,0
DEM-005719,INS-001,1,0,2,0
DEM-005747,INS-001,1,0,2,0
DEM-005748,INS-001,1,0,1,0
DEM-005756,INS-001,1,0,0,0
DEM-005757,INS-001,1,0,3,0
DEM-005766,INS-001,1,0,4,0
DEM-005771,INS-001,1,0,3,0
DEM-005776,INS-001,1,0,3,0
DEM-005777,INS-001,1,1,90,28333
DEM-005787,INS-001,1,0,4,0
DEM-005790,INS-001,1,0,3,0
DEM-005801,INS-001,1,0,23,0
DEM-005805,INS-001,1,0,4,0
DEM-005812,INS-001,1,0,4,0
DEM-005825,INS-001,1,0,4,0
DEM-005835,INS-001,1,0,4,0
DEM-005848,INS-001,1,0,33,0
DEM-005852,INS-001,0,0,4,0
DEM-005853,INS-001,0,0,4,0
DEM-005860,INS-001,0,0,4,0
DEM-005862,INS-001,1,0,3,0
DEM-005869,INS-001,1,0,4,0
DEM-005870,INS-001,0,0,4,0
DEM-005873,INS-001,1,0,0,0
DEM-005877,INS-001,0,0,59,0
DEM-005888,INS-001,1,0,31,0
DEM-005890,INS-001,1,0,4,0
DEM-005895,INS-001,1,0,27,0
DEM-005896,INS-001,1,0,3,0
DEM-005897,INS-001,1,0,4,0
DEM-005901,INS-001,0,0,3,0
DEM-005904,INS-001,0,0,2,0
DEM-005905,INS-001,1,0,4,0
DEM-005906,INS-001,0,0,4,0
DEM-005920,INS-001,1,0,53,0
DEM-005923,INS-001,1,0,3,0
DEM-005924,INS-001,1,0,2,0
DEM-005925,INS-001,1,1,90,26140
DEM-005926,INS-001,1,0,4,0
DEM-005928,INS-001,1,0,0,0
DEM-005930,INS-001,1,1,99,150000
DEM-005932,INS-001,1,0,4,0
DEM-005933,INS-001,1,0,1,0
DEM-005934,INS-001,1,1,90,18734
DEM-005940,INS-001,1,0,1,0
DEM-005943,INS-001,1,0,4,0
DEM-005944,INS-001,1,0,4,0
DEM-005950,INS-001,1,0,2,0
DEM-005957,INS-001,1,1,90,6757
DEM-005959,INS-001,1,0,4,0
DEM-005967,INS-001,1,0,3,0
DEM-005988,INS-001,0,0,38,0
DEM-006000,INS-001,1,0,2,0
DEM-006004,INS-001,1,0,2,0
DEM-006016,INS-001,1,0,4,0
DEM-006024,INS-001,1,0,4,0
DEM-006025,INS-001,1,0,4,0
DEM-006030,INS-001,1,0,2,0
DEM-006037,INS-001,1,0,4,0
DEM-006041,INS-001,1,0,4,0
DEM-006044,INS-001,1,0,4,0
DEM-006054,INS-001,1,0,4,0
DEM-006057,INS-001,1,0,4,0
DEM-006058,INS-001,0,0,3,0
DEM-006059,INS-001,1,0,4,0
DEM-006063,INS-001,1,0,4,0
DEM-006064,INS-001,1,0,4,0
DEM-006069,INS-001,1,0,4,0
DEM-006070,INS-001,1,0,20,0
DEM-006078,INS-001,1,1,90,17891
DEM-006079,INS-001,1,0,3,0
DEM-006080,INS-001,1,0,4,0
DEM-006082,INS-001,1,0,4,0
DEM-006087,INS-001,1,0,17,0
DEM-006090,INS-001,1,0,4,0
DEM-006109,INS-001,1,0,64,0
DEM-006111,INS-001,1,0,3,0
DEM-006118,INS-001,1,0,3,0
DEM-006119,INS-001,0,0,4,0
DEM-006124,INS-001,1,0,4,0
DEM-006137,INS-001,1,0,4,0
DEM-006138,INS-001,1,1,90,47924
DEM-006140,INS-001,1,0,5,0
DEM-006143,INS-001,0,0,0,0
DEM-006145,INS-001,1,0,15,0
DEM-006147,INS-001,1,0,4,0
DEM-006148,INS-001,1,0,4,0
DEM-006150,INS-001,1,0,1,0
DEM-006162,INS-001,1,0,36,0
DEM-006165,INS-001,1,0,4,0
DEM-006166,INS-001,1,0,4,0
DEM-006174,INS-001,1,0,3,0
DEM-006179,INS-001,1,0,11,0
DEM-006180,INS-001,1,0,2,0
DEM-006186,INS-001,1,0,45,0
DEM-006190,INS-001,0,1,121,36666
DEM-006195,INS-001,1,0,4,0
DEM-006198,INS-001,1,0,29,0
DEM-006202,INS-001,1,0,0,0
DEM-006203,INS-001,1,0,3,0
DEM-006206,INS-001,1,0,1,0
DEM-006207,INS-001,1,0,4,0
DEM-006222,INS-001,1,0,30,0
DEM-006223,INS-001,1,0,4,0
DEM-006224,INS-001,1,0,30,0
DEM-006229,INS-001,1,0,17,0
DEM-006235,INS-001,1,0,12,0
DEM-006239,INS-001,1,0,4,0
DEM-006242,INS-001,1,0,4,0
DEM-006249,INS-001,1,0,4,0
DEM-006250,INS-001,1,0,19,0
DEM-006256,INS-001,1,0,30,0
DEM-006265,INS-001,1,0,4,0
DEM-006267,INS-001,1,0,2,0
DEM-006270,INS-001,1,0,34,0
DEM-006272,INS-001,1,0,2,0
DEM-006273,INS-001,1,0,27,0
DEM-006278,INS-001,0,0,3,0
DEM-006283,INS-001,0,0,58,0
DEM-006289,INS-001,1,0,2,0
DEM-006291,INS-001,1,0,4,0
DEM-006309,INS-001,1,0,2,0
DEM-006310,INS-001,1,1,90,30833
DEM-006315,INS-001,1,0,3,0
DEM-006316,INS-001,1,0,4,0
DEM-006317,INS-001,1,0,3,0
DEM-006325,INS-001,1,0,4,0
DEM-006335,INS-001,1,0,34,0
DEM-006338,INS-001,0,0,4,0
DEM-006346,INS-001,1,0,4,0
DEM-006347,INS-001,1,0,4,0
DEM-006360,INS-001,1,0,4,0
DEM-006363,INS-001,1,0,4,0
DEM-006369,INS-001,1,0,2,0
DEM-006372,INS-001,1,0,4,0
DEM-006373,INS-001,1,0,26,0
DEM-006374,INS-001,0,0,4,0
DEM-006376,INS-001,1,0,2,0
DEM-006377,INS-001,1,0,4,0
DEM-006384,INS-001,1,0,4,0
DEM-006387,INS-001,1,0,3,0
DEM-006388,INS-001,1,0,0,0
DEM-006389,INS-001,1,0,34,0
DEM-006390,INS-001,1,0,27,0
DEM-006391,INS-001,1,0,1,0
DEM-006394,INS-001,1,0,4,0
DEM-006395,INS-001,1,0,4,0
DEM-006401,INS-001,1,0,4,0
DEM-006416,INS-001,1,0,31,0
DEM-006429,INS-001,1,0,83,0
DEM-006435,INS-001,1,0,2,0
DEM-006436,INS-001,1,0,4,0
DEM-006437,INS-001,1,0,16,0
DEM-006438,INS-001,1,0,4,0
DEM-006446,INS-001,1,1,93,22500
DEM-006450,INS-001,1,0,33,0
DEM-006452,INS-001,1,0,4,0
DEM-006457,INS-001,1,0,25,0
DEM-006464,INS-001,1,0,4,0
DEM-006482,INS-001,1,1,90,41666
DEM-006484,INS-001,1,0,61,0
DEM-006488,INS-001,1,0,4,0
DEM-006489,INS-001,0,0,58,0
DEM-006494,INS-001,1,1,90,51666
DEM-006495,INS-001,0,0,3,0
DEM-006501,INS-001,1,0,3,0
DEM-006510,INS-001,1,0,4,0
DEM-006511,INS-001,1,0,0,0
DEM-006516,INS-001,1,0,4,0
DEM-006520,INS-001,1,0,32,0
DEM-006523,INS-001,1,0,4,0
DEM-006535,INS-001,1,0,3,0
DEM-006536,INS-001,1,0,4,0
DEM-006539,INS-001,1,0,3,0
DEM-006543,INS-001,1,1,90,105833
DEM-006546,INS-001,1,0,3,0
DEM-006548,INS-001,1,0,3,0
DEM-006549,INS-001,1,0,4,0
DEM-006553,INS-001,1,0,4,0
DEM-006559,INS-001,1,0,3,0
DEM-006564,INS-001,1,0,4,0
DEM-006572,INS-001,1,0,4,0
DEM-006574,INS-001,1,0,4,0
DEM-006575,INS-001,0,0,0,0
DEM-006576,INS-001,0,0,4,0
DEM-006584,INS-001,1,0,4,0
DEM-006611,INS-001,1,0,2,0
DEM-006619,INS-001,0,1,90,62500
DEM-006624,INS-001,1,0,3,0
DEM-006628,INS-001,1,0,24,0
DEM-006629,INS-001,1,0,35,0
DEM-006630,INS-001,1,0,4,0
DEM-006635,INS-001,1,0,18,0
DEM-006645,INS-001,1,0,4,0
DEM-006647,INS-001,1,1,90,50000
DEM-006650,INS-001,1,0,2,0
DEM-006651,INS-001,0,0,4,0
DEM-006656,INS-001,1,1,90,22055
DEM-006664,INS-001,1,0,4,0
DEM-006666,INS-001,1,0,4,0
DEM-006668,INS-001,1,1,90,27777
DEM-006670,INS-001,1,0,30,0
DEM-006677,INS-001,1,0,57,0
DEM-006679,INS-001,1,0,3,0
DEM-006686,INS-001,1,0,2,0
DEM-006687,INS-001,1,0,4,0
DEM-006689,INS-001,1,0,4,0
DEM-006701,INS-001,1,1,90,66666
DEM-006702,INS-001,1,0,0,0
DEM-006707,INS-001,0,0,4,0
DEM-006716,INS-001,1,0,4,0
DEM-006723,INS-001,1,0,4,0
DEM-006729,INS-001,0,0,84,0
DEM-006730,INS-001,0,1,90,2610
DEM-006731,INS-001,1,0,9,0
DEM-006740,INS-001,1,0,3,0
DEM-006741,INS-001,1,0,2,0
DEM-006744,INS-001,1,0,4,0
DEM-006757,INS-001,1,0,4,0
DEM-006758,INS-001,1,0,3,0
DEM-006762,INS-001,0,0,4,0
DEM-006766,INS-001,1,0,4,0
DEM-006776,INS-001,1,0,0,0
DEM-006786,INS-001,1,0,3,0
DEM-006796,INS-001,1,0,4,0
DEM-006797,INS-001,1,0,4,0
DEM-006799,INS-001,1,0,3,0
DEM-006807,INS-001,1,0,4,0
DEM-006815,INS-001,1,0,17,0
DEM-006816,INS-001,1,0,3,0
DEM-006817,INS-001,0,0,4,0
DEM-006823,INS-001,1,0,18,0
DEM-006824,INS-001,0,0,4,0
DEM-006836,INS-001,1,0,32,0
DEM-006843,INS-001,1,0,24,0
DEM-006844,INS-001,1,0,14,0
DEM-006845,INS-001,1,0,4,0
DEM-006856,INS-001,1,0,3,0
DEM-006865,INS-001,1,0,4,0
DEM-006868,INS-001,1,0,0,0
DEM-006869,INS-001,1,0,35,0
DEM-006870,INS-001,1,0,0,0
DEM-006873,INS-001,1,0,17,0
DEM-006874,INS-001,1,0,27,0
DEM-006875,INS-001,1,0,0,0
DEM-006879,INS-001,1,0,34,0
DEM-006892,INS-001,1,1,97,74768
DEM-006893,INS-001,1,0,4,0
DEM-006894,INS-001,1,0,4,0
DEM-006900,INS-001,1,0,4,0
DEM-006905,INS-001,1,0,4,0
DEM-006912,INS-001,1,0,4,0
DEM-006916,INS-001,0,0,15,0
DEM-006921,INS-001,1,0,4,0
DEM-006923,INS-001,1,0,4,0
DEM-006924,INS-001,1,0,0,0
DEM-006934,INS-001,1,0,3,0
DEM-006944,INS-001,1,0,4,0
DEM-006946,INS-001,1,0,31,0
DEM-006949,INS-001,0,0,0,0
DEM-006961,INS-001,1,0,4,0
DEM-006962,INS-001,1,0,1,0
DEM-006965,INS-001,1,0,4,0
DEM-006972,INS-001,1,0,30,0
DEM-006986,INS-001,0,0,35,0
DEM-006987,INS-001,1,0,2,0
DEM-006993,INS-001,1,0,31,0
DEM-006995,INS-001,0,0,4,0
DEM-007008,INS-001,1,0,4,0
DEM-007009,INS-001,1,0,2,0
DEM-007013,INS-001,1,0,4,0
DEM-007018,INS-001,1,0,3,0
DEM-007023,INS-001,1,0,4,0
DEM-007024,INS-001,1,0,4,0
DEM-007025,INS-001,1,0,33,0
DEM-007028,INS-001,1,0,3,0
DEM-007029,INS-001,1,0,3,0
DEM-007030,INS-001,1,0,3,0
DEM-007044,INS-001,1,0,11,0
DEM-007045,INS-001,1,0,4,0
DEM-007046,INS-001,1,0,4,0
DEM-007049,INS-001,1,0,4,0
DEM-007050,INS-001,1,0,29,0
DEM-007073,INS-001,1,0,34,0
DEM-007078,INS-001,1,0,16,0
DEM-007079,INS-001,1,0,3,0
DEM-007104,INS-001,1,0,34,0
DEM-007107,INS-001,1,0,4,0
DEM-007110,INS-001,1,0,4,0
DEM-007111,INS-001,1,0,3,0
DEM-007116,INS-001,1,0,4,0
DEM-007117,INS-001,1,0,4,0
DEM-007118,INS-001,1,0,0,0
DEM-007122,INS-001,1,0,4,0
DEM-007125,INS-001,0,0,3,0
DEM-007130,INS-001,1,0,4,0
DEM-007131,INS-001,1,0,3,0
DEM-007132,INS-001,1,0,51,0
DEM-007134,INS-001,1,0,28,0
DEM-007138,INS-001,1,0,4,0
DEM-007143,INS-001,0,0,4,0
DEM-007145,INS-001,1,0,31,0
DEM-007149,INS-001,1,0,3,0
DEM-007157,INS-001,1,1,90,50000
DEM-007159,INS-001,1,0,4,0
DEM-007160,INS-001,1,0,4,0
DEM-007162,INS-001,1,0,1,0
DEM-007164,INS-001,1,0,2,0
DEM-007165,INS-001,1,0,22,0
DEM-007183,INS-001,1,0,20,0
DEM-007184,INS-001,1,0,4,0
DEM-007185,INS-001,1,0,4,0
DEM-007187,INS-001,1,0,51,0
DEM-007192,INS-001,1,0,3,0
DEM-007193,INS-001,1,0,3,0
DEM-007196,INS-001,1,0,2,0
DEM-007197,INS-001,1,0,3,0
DEM-007199,INS-001,1,0,4,0
DEM-007200,INS-001,1,0,17,0
DEM-007203,INS-001,1,1,90,22222
DEM-007224,INS-001,1,0,22,0
DEM-007230,INS-001,1,0,4,0
DEM-007234,INS-001,1,0,4,0
DEM-007242,INS-001,1,0,3,0
DEM-007245,INS-001,1,0,3,0
DEM-007246,INS-001,1,0,69,0
DEM-007253,INS-001,1,0,31,0
DEM-007257,INS-001,1,0,3,0
DEM-007261,INS-001,1,0,3,0
DEM-007263,INS-001,1,0,4,0
DEM-007272,INS-001,1,0,3,0
DEM-007273,INS-001,1,0,4,0
DEM-007274,INS-001,1,0,3,0
DEM-007279,INS-001,0,0,4,0
DEM-007280,INS-001,1,0,33,0
DEM-007281,INS-001,1,0,1,0
DEM-007299,INS-001,1,0,34,0
DEM-007312,INS-001,1,0,30,0
DEM-007314,INS-001,1,0,4,0
DEM-007322,INS-001,1,0,3,0
DEM-007325,INS-001,1,0,4,0
DEM-007327,INS-001,1,0,4,0
DEM-007328,INS-001,1,0,31,0
DEM-007332,INS-001,1,0,3,0
DEM-007333,INS-001,1,0,0,0
DEM-007338,INS-001,1,0,2,0
DEM-007341,INS-001,1,0,4,0
DEM-007344,INS-001,1,0,0,0
DEM-007346,INS-001,0,0,4,0
DEM-007348,INS-001,1,0,16,0
DEM-007353,INS-001,1,0,3,0
DEM-007356,INS-001,1,1,90,62083
DEM-007357,INS-001,1,0,4,0
DEM-007358,INS-001,1,0,0,0
DEM-007359,INS-001,1,0,0,0
DEM-007361,INS-001,1,0,0,0
DEM-007364,INS-001,1,0,24,0
DEM-007367,INS-001,1,0,4,0
DEM-007375,INS-001,1,0,0,0
DEM-007384,INS-001,1,0,4,0
DEM-007385,INS-001,1,0,3,0
DEM-007389,INS-001,1,0,3,0
DEM-007390,INS-001,1,0,3,0
DEM-007396,INS-001,1,0,4,0
DEM-007402,INS-001,1,0,4,0
DEM-007403,INS-001,1,0,1,0
DEM-007417,INS-001,1,0,0,0
DEM-007419,INS-001,1,0,0,0
DEM-007426,INS-001,1,0,3,0
DEM-007430,INS-001,1,0,3,0
DEM-007431,INS-001,1,0,2,0
DEM-007436,INS-001,1,0,28,0
DEM-007441,INS-001,1,0,0,0
DEM-007445,INS-001,1,0,28,0
DEM-007447,INS-001,1,0,3,0
DEM-007450,INS-001,1,0,10,0
DEM-007458,INS-001,1,0,4,0
DEM-007460,INS-001,1,0,4,0
DEM-007462,INS-001,1,0,1,0
DEM-007464,INS-001,1,0,3,0
DEM-007467,INS-001,1,0,3,0
DEM-007470,INS-001,1,0,21,0
DEM-007473,INS-001,1,0,3,0
DEM-007482,INS-001,1,0,31,0
DEM-007484,INS-001,1,0,4,0
DEM-007485,INS-001,1,0,3,0
DEM-007486,INS-001,1,0,4,0
DEM-007487,INS-001,1,0,3,0
DEM-007488,INS-001,1,0,3,0
DEM-007492,INS-001,1,0,4,0
DEM-007494,INS-001,1,0,4,0
DEM-007496,INS-001,1,0,35,0
DEM-007502,INS-001,1,0,4,0
DEM-007505,INS-001,1,0,4,0
DEM-007513,INS-001,1,0,2,0
DEM-007514,INS-001,1,0,3,0
DEM-007516,INS-001,1,0,4,0
DEM-007517,INS-001,1,0,4,0
DEM-007534,INS-001,1,0,3,0
DEM-007538,INS-001,1,0,2,0
DEM-007540,INS-001,0,0,2,0
DEM-007542,INS-001,1,0,35,0
DEM-007548,INS-001,1,0,2,0
DEM-007557,INS-001,1,0,3,0
DEM-007558,INS-001,1,0,3,0
DEM-007562,INS-001,1,0,1,0
DEM-007567,INS-001,1,0,3,0
DEM-007574,INS-001,1,0,4,0
DEM-007581,INS-001,1,0,31,0
DEM-007583,INS-001,1,0,0,0
DEM-007597,INS-001,1,0,2,0
DEM-007598,INS-001,1,0,0,0
DEM-007600,INS-001,1,0,4,0
DEM-007601,INS-001,1,0,4,0
DEM-007607,INS-001,1,1,120,100000
DEM-007608,INS-001,1,0,64,0
DEM-007609,INS-001,1,0,10,0
DEM-007613,INS-001,1,0,65,0
DEM-007614,INS-001,0,0,0,0
DEM-007618,INS-001,1,0,34,0
DEM-007619,INS-001,1,0,4,0
DEM-007623,INS-001,1,0,2,0
DEM-007625,INS-001,1,0,30,0
DEM-007631,INS-001,1,0,4,0
DEM-007633,INS-001,1,0,4,0
DEM-007635,INS-001,1,0,4,0
DEM-007637,INS-001,1,0,4,0
DEM-007639,INS-001,1,0,4,0
DEM-007652,INS-001,1,0,4,0
DEM-007653,INS-001,1,0,3,0
DEM-007654,INS-001,1,0,4,0
DEM-007658,INS-001,1,0,24,0
DEM-007660,INS-001,1,0,1,0
DEM-007661,INS-001,1,0,58,0
DEM-007667,INS-001,1,0,64,0
DEM-007669,INS-001,1,0,3,0
DEM-007670,INS-001,1,0,4,0
DEM-007671,INS-001,1,0,4,0
DEM-007672,INS-001,1,0,3,0
DEM-007675,INS-001,1,0,0,0
DEM-007677,INS-001,1,0,0,0
DEM-007683,INS-001,1,0,4,0
DEM-007689,INS-001,0,0,0,0
DEM-007693,INS-001,1,0,7,0
DEM-007717,INS-001,1,0,4,0
DEM-007722,INS-001,1,0,0,0
DEM-007726,INS-001,1,0,3,0
DEM-007729,INS-001,1,0,1,0
DEM-007735,INS-001,1,0,3,0
DEM-007739,INS-001,1,0,30,0
DEM-007752,INS-001,1,0,4,0
DEM-007754,INS-001,1,0,54,0
DEM-007763,INS-001,1,0,4,0
DEM-007765,INS-001,1,0,4,0
DEM-007766,INS-001,1,0,3,0
DEM-007767,INS-001,1,0,4,0
DEM-007772,INS-001,1,0,2,0
DEM-007775,INS-001,1,0,35,0
DEM-007788,INS-001,1,0,23,0
DEM-007789,INS-001,1,0,4,0
DEM-007792,INS-001,1,0,27,0
DEM-007793,INS-001,0,0,4,0
DEM-007801,INS-001,1,0,4,0
DEM-007809,INS-001,1,0,2,0
DEM-007814,INS-001,1,0,4,0
DEM-007819,INS-001,0,0,4,0
DEM-007822,INS-001,1,0,61,0
DEM-007823,INS-001,1,0,4,0
DEM-007832,INS-001,1,0,3,0
DEM-007839,INS-001,1,0,3,0
DEM-007840,INS-001,1,0,4,0
DEM-007844,INS-001,1,0,4,0
DEM-007845,INS-001,1,0,4,0
DEM-007849,INS-001,1,0,4,0
DEM-007850,INS-001,1,0,0,0
DEM-007857,INS-001,1,0,10,0
DEM-007864,INS-001,1,0,34,0
DEM-007866,INS-001,0,0,4,0
DEM-007869,INS-001,1,0,4,0
DEM-007870,INS-001,1,0,3,0
DEM-007872,INS-001,1,0,4,0
DEM-007873,INS-001,0,0,15,0
DEM-007875,INS-001,1,0,4,0
DEM-007891,INS-001,1,0,3,0
DEM-007909,INS-001,1,0,2,0
DEM-007910,INS-001,1,0,3,0
DEM-007925,INS-001,1,0,4,0
DEM-007929,INS-001,1,0,1,0
DEM-007935,INS-001,1,0,34,0
DEM-007941,INS-001,1,0,3,0
DEM-007944,INS-001,0,0,32,0
DEM-007945,INS-001,0,0,3,0
DEM-007947,INS-001,1,0,34,0
DEM-007957,INS-001,1,0,0,0
DEM-007958,INS-001,1,0,3,0
DEM-007961,INS-001,1,0,32,0
DEM-007962,INS-001,1,0,4,0
DEM-007971,INS-001,1,0,4,0
DEM-007972,INS-001,1,0,0,0
DEM-007973,INS-001,1,0,4,0
DEM-007975,INS-001,1,0,3,0
DEM-007979,INS-001,1,0,3,0
DEM-007980,INS-001,1,0,4,0
DEM-007987,INS-001,1,0,4,0
DEM-007991,INS-001,1,0,32,0
DEM-007993,INS-001,1,0,3,0
DEM-007995,INS-001,1,0,21,0
DEM-007999,INS-001,1,0,31,0
DEM-008003,INS-001,1,0,0,0
DEM-008005,INS-001,1,0,4,0
DEM-008008,INS-001,0,0,20,0
DEM-008009,INS-001,1,0,2,0
DEM-008010,INS-001,1,0,33,0
DEM-008011,INS-001,1,0,65,0
DEM-008017,INS-001,1,0,35,0
DEM-008018,INS-001,1,0,34,0
DEM-008020,INS-001,1,0,0,0
DEM-008021,INS-001,0,0,22,0
DEM-008022,INS-001,1,0,4,0
DEM-008023,INS-001,1,0,3,0
DEM-008026,INS-001,1,0,4,0
DEM-008032,INS-001,1,1,120,91670
DEM-008033,INS-001,1,0,31,0
DEM-008034,INS-001,1,0,1,0
DEM-008036,INS-001,1,0,4,0
DEM-008039,INS-001,1,0,4,0
DEM-008043,INS-001,1,0,24,0
DEM-008050,INS-001,1,0,1,0
DEM-008052,INS-001,1,0,1,0
DEM-008055,INS-001,1,0,35,0
DEM-008058,INS-001,1,0,4,0
DEM-008074,INS-001,1,0,3,0
DEM-008075,INS-001,1,0,1,0
DEM-008076,INS-001,1,0,4,0
DEM-008077,INS-001,0,0,4,0
DEM-008079,INS-001,1,0,22,0
DEM-008080,INS-001,1,0,4,0
DEM-008081,INS-001,1,0,35,0
DEM-008085,INS-001,1,0,4,0
DEM-008086,INS-001,1,0,4,0
DEM-008087,INS-001,1,0,29,0
DEM-008090,INS-001,0,0,4,0
DEM-008091,INS-001,1,0,4,0
DEM-008094,INS-001,0,0,34,0
DEM-008106,INS-001,1,0,0,0
DEM-008112,INS-001,1,0,4,0
DEM-008118,INS-001,1,0,47,0
DEM-008120,INS-001,1,0,4,0
DEM-008123,INS-001,0,0,34,0
DEM-008124,INS-001,1,0,4,0
DEM-008130,INS-001,1,0,3,0
DEM-008136,INS-001,1,0,29,0
DEM-008142,INS-001,0,0,4,0
DEM-008143,INS-001,1,0,14,0
DEM-008144,INS-001,1,0,27,0
DEM-008146,INS-001,0,0,8,0
DEM-008157,INS-001,1,0,3,0
DEM-008161,INS-001,1,0,4,0
DEM-008162,INS-001,1,1,121,25933
DEM-008181,INS-001,1,0,33,0
DEM-008185,INS-001,1,1,90,11696
DEM-008186,INS-001,1,0,3,0
DEM-008189,INS-001,1,0,72,0
DEM-008190,INS-001,1,1,120,27804
DEM-008191,INS-001,1,0,1,0
DEM-008200,INS-001,1,0,3,0
DEM-008202,INS-001,1,0,33,0
DEM-008206,INS-001,1,0,27,0
DEM-008222,INS-001,1,0,3,0
DEM-008226,INS-001,1,0,4,0
DEM-008233,INS-001,1,0,4,0
DEM-008234,INS-001,1,0,4,0
DEM-008237,INS-001,1,0,4,0
DEM-008239,INS-001,1,0,26,0
DEM-008252,INS-001,1,0,1,0
DEM-008253,INS-001,1,1,90,21250
DEM-008267,INS-001,1,0,4,0
DEM-008268,INS-001,1,1,90,50521
DEM-008273,INS-001,1,0,4,0
DEM-008274,INS-001,1,0,4,0
DEM-008275,INS-001,1,0,0,0
DEM-008277,INS-001,1,0,3,0
DEM-008280,INS-001,1,0,29,0
DEM-008283,INS-001,1,0,4,0
DEM-008284,INS-001,1,0,4,0
DEM-008288,INS-001,1,0,4,0
DEM-008296,INS-001,1,1,58,33336
DEM-008299,INS-001,1,0,3,0
DEM-008301,INS-001,1,0,0,0
DEM-008302,INS-001,1,0,1,0
DEM-008305,INS-001,1,0,54,0
DEM-008308,INS-001,1,1,90,70000
DEM-008314,INS-001,0,0,2,0
DEM-008315,INS-001,1,0,3,0
DEM-008322,INS-001,1,0,4,0
DEM-008325,INS-001,1,1,90,63750
DEM-008326,INS-001,1,0,4,0
DEM-008328,INS-001,1,0,61,0
DEM-008330,INS-001,1,0,3,0
DEM-008340,INS-001,1,0,3,0
DEM-008341,INS-001,1,0,17,0
DEM-008345,INS-001,1,0,4,0
DEM-008346,INS-001,1,0,4,0
DEM-008347,INS-001,1,0,4,0
DEM-008351,INS-001,1,0,3,0
DEM-008365,INS-001,1,0,4,0
DEM-008366,INS-001,1,1,90,41666
DEM-008368,INS-001,1,0,6,0
DEM-008380,INS-001,1,0,2,0
DEM-008382,INS-001,1,0,4,0
DEM-008384,INS-001,1,0,2,0
DEM-008391,INS-001,1,0,4,0
DEM-008396,INS-001,1,0,2,0
DEM-008399,INS-001,1,0,73,0
DEM-008401,INS-001,1,0,4,0
DEM-008402,INS-001,1,0,3,0
DEM-008404,INS-001,1,0,3,0
DEM-008407,INS-001,1,0,4,0
DEM-008418,INS-001,1,0,1,0
DEM-008420,INS-001,1,0,4,0
DEM-008426,INS-001,1,0,3,0
DEM-008427,INS-001,1,0,2,0
DEM-008440,INS-001,1,0,2,0
DEM-008443,INS-001,1,0,0,0
DEM-008448,INS-001,1,0,4,0
DEM-008458,INS-001,1,0,4,0
DEM-008463,INS-001,1,0,1,0
DEM-008466,INS-001,1,0,3,0
DEM-008467,INS-001,1,0,3,0
DEM-008468,INS-001,1,0,4,0
DEM-008473,INS-001,1,0,14,0
DEM-008474,INS-001,1,0,63,0
DEM-008478,INS-001,1,0,3,0
DEM-008479,INS-001,1,0,4,0
DEM-008482,INS-001,1,0,3,0
DEM-008483,INS-001,0,0,4,0
DEM-008487,INS-001,1,0,4,0
DEM-008496,INS-001,1,0,60,0
DEM-008497,INS-001,1,0,2,0
DEM-008499,INS-001,1,0,47,0
DEM-008505,INS-001,1,0,4,0
DEM-008506,INS-001,1,0,33,0
DEM-008511,INS-001,1,0,4,0
DEM-008512,INS-001,0,0,34,0
DEM-008519,INS-001,1,0,4,0
DEM-008528,INS-001,1,0,3,0
DEM-008531,INS-001,1,0,4,0
DEM-008535,INS-001,1,0,2,0
DEM-008539,INS-001,1,0,4,0
DEM-008541,INS-001,1,0,12,0
DEM-008546,INS-001,1,0,4,0
DEM-008554,INS-001,1,0,4,0
DEM-008557,INS-001,1,0,3,0
DEM-008559,INS-001,1,0,4,0
DEM-008560,INS-001,1,0,15,0
DEM-008563,INS-001,1,0,34,0
DEM-008564,INS-001,1,0,4,0
DEM-008567,INS-001,1,0,2,0
DEM-008571,INS-001,1,0,3,0
DEM-008577,INS-001,1,0,3,0
DEM-008582,INS-001,1,1,90,53333
DEM-008584,INS-001,1,0,3,0
DEM-008590,INS-001,1,0,3,0
DEM-008593,INS-001,1,0,22,0
DEM-008605,INS-001,1,0,3,0
DEM-008615,INS-001,1,0,4,0
DEM-008616,INS-001,1,0,4,0
DEM-008621,INS-001,1,1,90,50000
DEM-008635,INS-001,1,0,3,0
DEM-008637,INS-001,1,0,4,0
DEM-008640,INS-001,1,0,3,0
DEM-008644,INS-001,1,0,2,0
DEM-008646,INS-001,1,0,20,0
DEM-008647,INS-001,1,0,1,0
DEM-008654,INS-001,1,0,2,0
DEM-008656,INS-001,1,0,4,0
DEM-008663,INS-001,1,0,4,0
DEM-008665,INS-001,1,0,4,0
DEM-008669,INS-001,1,0,30,0
DEM-008675,INS-001,1,0,4,0
DEM-008688,INS-001,1,0,4,0
DEM-008690,INS-001,1,0,44,0
DEM-008691,INS-001,1,0,3,0
DEM-008696,INS-001,1,0,30,0
DEM-008701,INS-001,1,0,4,0
DEM-008702,INS-001,1,0,3,0
DEM-008704,INS-001,1,0,4,0
DEM-008709,INS-001,1,0,4,0
DEM-008711,INS-001,1,0,3,0
DEM-008712,INS-001,1,0,4,0
DEM-008719,INS-001,0,0,2,0
DEM-008723,INS-001,0,0,2,0
DEM-008725,INS-001,1,1,90,14863
DEM-008726,INS-001,1,0,4,0
DEM-008727,INS-001,1,0,4,0
DEM-008728,INS-001,1,0,2,0
DEM-008739,INS-001,1,0,3,0
DEM-008741,INS-001,1,0,3,0
DEM-008743,INS-001,1,0,4,0
DEM-008748,INS-001,1,0,3,0
DEM-008762,INS-001,1,0,4,0
DEM-008765,INS-001,1,1,90,49385
DEM-008768,INS-001,1,0,3,0
DEM-008774,INS-001,1,0,31,0
DEM-008775,INS-001,0,0,3,0
DEM-008789,INS-001,1,0,4,0
DEM-008790,INS-001,1,0,4,0
DEM-008797,INS-001,1,0,2,0
DEM-008798,INS-001,1,0,4,0
DEM-008799,INS-001,1,0,3,0
DEM-008803,INS-001,1,0,4,0
DEM-008807,INS-001,1,0,0,0
DEM-008812,INS-001,1,0,39,0
DEM-008827,INS-001,0,0,4,0
DEM-008838,INS-001,1,0,4,0
DEM-008842,INS-001,1,0,3,0
DEM-008846,INS-001,1,0,3,0
DEM-008847,INS-001,1,0,1,0
DEM-008850,INS-001,1,0,0,0
DEM-008851,INS-001,1,0,3,0
DEM-008853,INS-001,1,0,4,0
DEM-008854,INS-001,1,0,2,0
DEM-008856,INS-001,1,0,3,0
DEM-008857,INS-001,1,0,3,0
DEM-008858,INS-001,1,0,0,0
DEM-008862,INS-001,1,0,4,0
DEM-008869,INS-001,1,0,4,0
DEM-008874,INS-001,1,0,32,0
DEM-008879,INS-001,1,0,4,0
DEM-008889,INS-001,1,0,3,0
DEM-008891,INS-001,1,0,4,0
DEM-008893,INS-001,1,0,52,0
DEM-008911,INS-001,1,0,4,0
DEM-008912,INS-001,1,0,3,0
DEM-008917,INS-001,1,0,4,0
DEM-008918,INS-001,1,0,0,0
DEM-008919,INS-001,1,0,2,0
DEM-008922,INS-001,0,0,0,0
DEM-008924,INS-001,1,0,3,0
DEM-008930,INS-001,1,0,4,0
DEM-008940,INS-001,1,0,17,0
DEM-008945,INS-001,0,1,90,50000
DEM-008946,INS-001,1,0,2,0
DEM-008947,INS-001,1,0,2,0
DEM-008948,INS-001,1,0,4,0
DEM-008949,INS-001,1,0,4,0
DEM-008953,INS-001,1,1,90,35833
DEM-008956,INS-001,1,0,4,0
DEM-008959,INS-001,1,0,2,0
DEM-008960,INS-001,1,0,4,0
DEM-008963,INS-001,1,0,4,0
DEM-008966,INS-001,1,0,4,0
DEM-008972,INS-001,1,0,29,0
DEM-008973,INS-001,0,1,90,19686
DEM-008974,INS-001,1,0,2,0
DEM-008975,INS-001,1,0,2,0
DEM-008977,INS-001,1,0,0,0
DEM-008980,INS-001,0,0,4,0
DEM-008982,INS-001,1,0,3,0
DEM-008983,INS-001,1,0,0,0
DEM-008985,INS-001,1,0,4,0
DEM-008988,INS-001,1,0,4,0
DEM-008991,INS-001,0,0,4,0
DEM-008993,INS-001,1,0,4,0
DEM-008997,INS-001,0,0,4,0
DEM-009001,INS-001,1,0,5,0
DEM-009002,INS-001,1,0,34,0
DEM-009003,INS-001,1,0,3,0
DEM-009006,INS-001,1,0,4,0
DEM-009009,INS-001,0,0,4,0
DEM-009012,INS-001,1,0,4,0
DEM-009013,INS-001,0,0,2,0
DEM-009016,INS-001,1,0,2,0
DEM-009023,INS-001,1,0,4,0
DEM-009029,INS-001,0,0,41,0
DEM-009032,INS-001,1,0,34,0
DEM-009034,INS-001,1,0,0,0
DEM-009038,INS-001,1,0,29,0
DEM-009041,INS-001,1,0,35,0
DEM-009042,INS-001,1,0,1,0
DEM-009043,INS-001,1,0,33,0
DEM-009050,INS-001,0,0,3,0
DEM-009055,INS-001,1,0,4,0
DEM-009057,INS-001,1,0,6,0
DEM-009059,INS-001,0,0,3,0
DEM-009067,INS-001,1,0,65,0
DEM-009072,INS-001,1,0,4,0
DEM-009083,INS-001,0,0,0,0
DEM-009087,INS-001,1,0,3,0
DEM-009097,INS-001,1,0,4,0
DEM-009100,INS-001,0,0,1,0
DEM-009108,INS-001,1,0,2,0
DEM-009109,INS-001,1,1,90,28333
DEM-009112,INS-001,1,0,15,0
DEM-009113,INS-001,1,0,32,0
DEM-009114,INS-001,1,0,3,0
DEM-009130,INS-001,1,0,25,0
DEM-009143,INS-001,1,0,3,0
DEM-009145,INS-001,1,0,6,0
DEM-009146,INS-001,1,0,4,0
DEM-009148,INS-001,1,0,0,0
DEM-009151,INS-001,1,0,0,0
DEM-009152,INS-001,0,0,4,0
DEM-009153,INS-001,1,0,4,0
DEM-009154,INS-001,1,0,4,0
DEM-009161,INS-001,1,0,4,0
DEM-009166,INS-001,1,0,4,0
DEM-009167,INS-001,1,0,4,0
DEM-009173,INS-001,1,0,4,0
DEM-009175,INS-001,1,0,0,0
DEM-009182,INS-001,1,0,4,0
DEM-009188,INS-001,1,0,17,0
DEM-009190,INS-001,1,0,29,0
DEM-009195,INS-001,1,0,28,0
DEM-009196,INS-001,1,0,22,0
DEM-009197,INS-001,1,0,4,0
DEM-009201,INS-001,0,0,4,0
DEM-009215,INS-001,1,0,3,0
DEM-009219,INS-001,1,0,1,0
DEM-009225,INS-001,1,0,3,0
DEM-009228,INS-001,1,0,4,0
DEM-009229,INS-001,1,0,4,0
DEM-009230,INS-001,1,0,2,0
DEM-009233,INS-001,1,0,3,0
DEM-009241,INS-001,1,0,2,0
DEM-009243,INS-001,1,0,4,0
DEM-009245,INS-001,1,0,4,0
DEM-009247,INS-001,1,0,33,0
DEM-009249,INS-001,1,0,5,0
DEM-009257,INS-001,1,0,4,0
DEM-009261,INS-001,1,0,2,0
DEM-009263,INS-001,1,0,36,0
DEM-009264,INS-001,1,0,3,0
DEM-009267,INS-001,1,0,0,0
DEM-009268,INS-001,1,1,90,14444
DEM-009277,INS-001,1,0,4,0
DEM-009280,INS-001,1,0,4,0
DEM-009282,INS-001,0,0,4,0
DEM-009289,INS-001,1,0,3,0
DEM-009290,INS-001,0,0,34,0
DEM-009291,INS-001,1,0,4,0
DEM-009292,INS-001,0,0,28,0
DEM-009293,INS-001,1,0,0,0
DEM-009296,INS-001,1,0,3,0
DEM-009297,INS-001,1,0,8,0
DEM-009298,INS-001,1,0,2,0
DEM-009310,INS-001,0,0,4,0
DEM-009311,INS-001,1,0,42,0
DEM-009315,INS-001,1,0,4,0
DEM-009323,INS-001,1,0,4,0
DEM-009326,INS-001,0,0,7,0
DEM-009327,INS-001,1,1,90,13926
DEM-009328,INS-001,1,0,4,0
DEM-009329,INS-001,1,0,1,0
DEM-009333,INS-001,1,0,4,0
DEM-009337,INS-001,1,0,34,0
DEM-009343,INS-001,1,0,34,0
DEM-009351,INS-001,1,0,4,0
DEM-009352,INS-001,1,0,32,0
DEM-009356,INS-001,1,0,72,0
DEM-009361,INS-001,1,0,8,0
DEM-009362,INS-001,1,0,4,0
DEM-009363,INS-001,1,0,4,0
DEM-009364,INS-001,1,0,4,0
DEM-009365,INS-001,1,0,4,0
DEM-009370,INS-001,1,0,31,0
DEM-009372,INS-001,1,0,0,0
DEM-009373,INS-001,1,0,4,0
DEM-009375,INS-001,1,0,18,0
DEM-009391,INS-001,1,0,33,0
DEM-009392,INS-001,1,0,0,0
DEM-009396,INS-001,1,0,1,0
DEM-009403,INS-001,1,0,1,0
DEM-009409,INS-001,1,0,4,0
DEM-009410,INS-001,1,1,90,15000
DEM-009414,INS-001,0,0,0,0
DEM-009419,INS-001,1,0,3,0
DEM-009421,INS-001,1,0,0,0
DEM-009422,INS-001,0,0,4,0
DEM-009430,INS-001,1,0,0,0
DEM-009440,INS-001,1,0,23,0
DEM-009441,INS-001,1,0,31,0
DEM-009442,INS-001,1,0,4,0
DEM-009445,INS-001,1,0,4,0
DEM-009448,INS-001,1,0,2,0
DEM-009450,INS-001,1,0,4,0
DEM-009457,INS-001,1,0,3,0
DEM-009464,INS-001,1,0,4,0
DEM-009465,INS-001,1,0,23,0
DEM-009468,INS-001,1,0,31,0
DEM-009472,INS-001,1,0,2,0
DEM-009479,INS-001,1,0,4,0
DEM-009483,INS-001,1,0,6,0
DEM-009484,INS-001,1,0,4,0
DEM-009487,INS-001,1,0,4,0
DEM-009488,INS-001,1,0,4,0
DEM-009489,INS-001,1,0,4,0
DEM-009495,INS-001,1,0,4,0
DEM-009496,INS-001,1,0,4,0
DEM-009497,INS-001,1,0,4,0
DEM-009498,INS-001,1,0,35,0
DEM-009499,INS-001,1,0,4,0
DEM-009503,INS-001,1,0,21,0
DEM-009505,INS-001,1,0,3,0
DEM-009510,INS-001,1,0,3,0
DEM-009512,INS-001,1,0,24,0
DEM-009513,INS-001,1,0,2,0
DEM-009518,INS-001,1,0,4,0
DEM-009519,INS-001,1,0,4,0
DEM-009521,INS-001,1,0,14,0
DEM-009525,INS-001,1,0,2,0
DEM-009526,INS-001,1,0,4,0
DEM-009530,INS-001,1,0,52,0
DEM-009534,INS-001,1,0,0,0
DEM-009535,INS-001,1,0,4,0
DEM-009536,INS-001,1,0,19,0
DEM-009537,INS-001,1,0,1,0
DEM-009538,INS-001,1,0,4,0
DEM-009545,INS-001,1,0,0,0
DEM-009552,INS-001,1,0,0,0
DEM-009556,INS-001,1,0,38,0
DEM-009557,INS-001,1,0,4,0
DEM-009558,INS-001,1,0,4,0
DEM-009564,INS-001,1,0,3,0
DEM-009565,INS-001,0,0,4,0
DEM-009577,INS-001,1,1,90,13982
DEM-009579,INS-001,1,0,18,0
DEM-009582,INS-001,1,1,90,43334
DEM-009583,INS-001,1,0,19,0
DEM-009585,INS-001,1,0,4,0
DEM-009587,INS-001,1,0,19,0
DEM-009589,INS-001,1,0,3,0
DEM-009592,INS-001,1,0,0,0
DEM-009593,INS-001,1,0,1,0
DEM-009595,INS-001,1,0,4,0
DEM-009600,INS-001,1,0,3,0
DEM-009601,INS-001,1,0,3,0
DEM-009602,INS-001,1,0,4,0
DEM-009604,INS-001,1,0,4,0
DEM-009608,INS-001,1,0,3,0
DEM-009609,INS-001,1,0,2,0
DEM-009610,INS-001,1,0,4,0
DEM-009613,INS-001,1,0,1,0
DEM-009615,INS-001,1,0,4,0
DEM-009616,INS-001,1,0,30,0
DEM-009619,INS-001,0,0,4,0
DEM-009621,INS-001,1,0,3,0
DEM-009625,INS-001,1,0,28,0
DEM-009627,INS-001,1,0,4,0
DEM-009630,INS-001,1,0,4,0
DEM-009635,INS-001,1,0,2,0
DEM-009639,INS-001,1,0,3,0
DEM-009643,INS-001,1,0,3,0
DEM-009645,INS-001,0,0,4,0
DEM-009648,INS-001,1,0,0,0
DEM-009650,INS-001,1,0,4,0
DEM-009651,INS-001,1,0,25,0
DEM-009655,INS-001,1,0,4,0
DEM-009661,INS-001,1,0,3,0
DEM-009663,INS-001,1,0,1,0
DEM-009667,INS-001,1,0,24,0
DEM-009671,INS-001,1,0,3,0
DEM-009677,INS-001,1,1,90,55493
DEM-009680,INS-001,1,0,28,0
DEM-009683,INS-001,1,0,21,0
DEM-009686,INS-001,1,0,2,0
DEM-009689,INS-001,1,0,0,0
DEM-009690,INS-001,1,0,22,0
DEM-009694,INS-001,1,0,21,0
DEM-009695,INS-001,1,0,28,0
DEM-009700,INS-001,0,0,3,0
DEM-009703,INS-001,1,1,90,25833
DEM-009704,INS-001,1,0,30,0
DEM-009705,INS-001,1,0,4,0
DEM-009706,INS-001,1,0,4,0
DEM-009708,INS-001,1,0,6,0
DEM-009711,INS-001,1,0,3,0
DEM-009712,INS-001,1,0,14,0
DEM-009714,INS-001,1,0,3,0
DEM-009717,INS-001,1,0,4,0
DEM-009719,INS-001,1,0,2,0
DEM-009720,INS-001,1,0,4,0
DEM-009724,INS-001,1,0,34,0
DEM-009727,INS-001,1,0,4,0
DEM-009728,INS-001,1,0,0,0
DEM-009737,INS-001,0,0,4,0
DEM-009740,INS-001,1,0,4,0
DEM-009741,INS-001,1,0,4,0
DEM-009743,INS-001,1,0,20,0
DEM-009745,INS-001,1,0,0,0
DEM-009751,INS-001,1,0,4,0
DEM-009756,INS-001,0,0,3,0
DEM-009763,INS-001,1,0,2,0
DEM-009764,INS-001,1,0,29,0
DEM-009765,INS-001,1,0,3,0
DEM-009769,INS-001,1,0,12,0
DEM-009771,INS-001,1,0,31,0
DEM-009776,INS-001,1,0,4,0
DEM-009777,INS-001,0,0,4,0
DEM-009778,INS-001,1,0,0,0
DEM-009779,INS-001,1,0,3,0
DEM-009781,INS-001,1,0,4,0
DEM-009782,INS-001,1,0,0,0
DEM-009783,INS-001,1,0,2,0
DEM-009785,INS-001,0,0,4,0
DEM-009786,INS-001,1,0,3,0
DEM-009788,INS-001,1,0,4,0
DEM-009789,INS-001,1,0,3,0
DEM-009791,INS-001,1,0,3,0
DEM-009802,INS-001,1,0,4,0
DEM-009804,INS-001,1,0,0,0
DEM-009808,INS-001,1,0,0,0
DEM-009811,INS-001,1,0,3,0
DEM-009812,INS-001,1,0,1,0
DEM-009821,INS-001,1,0,3,0
DEM-009831,INS-001,1,0,3,0
DEM-009834,INS-001,1,0,0,0
DEM-009835,INS-001,1,0,28,0
DEM-009839,INS-001,1,0,4,0
DEM-009840,INS-001,1,0,3,0
DEM-009847,INS-001,1,0,12,0
DEM-009848,INS-001,1,0,4,0
DEM-009849,INS-001,1,0,2,0
DEM-009851,INS-001,1,0,3,0
DEM-009853,INS-001,1,0,1,0
DEM-009856,INS-001,1,0,0,0
DEM-009857,INS-001,1,0,4,0
DEM-009858,INS-001,1,0,3,0
DEM-009862,INS-001,1,0,28,0
DEM-009865,INS-001,1,0,4,0
DEM-009866,INS-001,1,0,0,0
DEM-009867,INS-001,1,0,0,0
DEM-009868,INS-001,1,0,5,0
DEM-009869,INS-001,1,0,4,0
DEM-009870,INS-001,1,0,0,0
DEM-009874,INS-001,1,0,16,0
DEM-009875,INS-001,1,0,39,0
DEM-009876,INS-001,1,0,2,0
DEM-009884,INS-001,1,0,2,0
DEM-009885,INS-001,1,0,3,0
DEM-009886,INS-001,1,0,1,0
DEM-009887,INS-001,1,0,4,0
DEM-009892,INS-001,1,0,3,0
DEM-009900,INS-001,0,0,23,0
DEM-009902,INS-001,1,0,4,0
DEM-009908,INS-001,1,0,3,0
DEM-009910,INS-001,1,0,23,0
DEM-009914,INS-001,1,0,3,0
DEM-009916,INS-001,1,0,3,0
DEM-009919,INS-001,1,0,3,0
DEM-009920,INS-001,1,0,2,0
DEM-009923,INS-001,0,0,0,0
DEM-009925,INS-001,1,0,1,0
DEM-009926,INS-001,1,0,13,0
DEM-009929,INS-001,1,0,3,0
DEM-009930,INS-001,1,0,1,0
DEM-009934,INS-001,1,0,3,0
DEM-009947,INS-001,1,0,2,0
DEM-009952,INS-001,1,0,2,0
DEM-009953,INS-001,1,0,1,0
DEM-009954,INS-001,1,0,4,0
DEM-009956,INS-001,1,0,27,0
DEM-009961,INS-001,1,0,4,0
DEM-009962,INS-001,0,0,0,0
DEM-009964,INS-001,0,0,4,0
DEM-009965,INS-001,0,0,1,0
DEM-009967,INS-001,0,0,2,0
DEM-009968,INS-001,1,0,4,0
DEM-009972,INS-001,0,0,3,0
DEM-009973,INS-001,1,0,3,0
DEM-009974,INS-001,1,0,17,0
DEM-009978,INS-001,1,0,4,0
DEM-009980,INS-001,0,0,3,0
DEM-009982,INS-001,1,0,0,0
DEM-009984,INS-001,1,0,4,0
DEM-009987,INS-001,1,0,0,0
DEM-009996,INS-001,0,0,4,0
DEM-009998,INS-001,1,0,0,0
DEM-010000,INS-001,1,0,3,0
DEM-010002,INS-001,0,0,1,0
DEM-010005,INS-001,1,0,3,0
DEM-010009,INS-001,1,0,3,0
DEM-010013,INS-001,1,0,3,0
DEM-010014,INS-001,1,0,2,0
DEM-010015,INS-001,1,0,0,0
DEM-010016,INS-001,1,0,0,0
DEM-010025,INS-001,1,0,28,0
DEM-010026,INS-001,1,0,4,0
DEM-010027,INS-001,1,0,4,0
DEM-010028,INS-001,1,0,0,0
DEM-010029,INS-001,1,0,22,0
DEM-010032,INS-001,0,0,3,0
DEM-010033,INS-001,1,0,0,0
DEM-010034,INS-001,1,0,0,0
DEM-010039,INS-001,1,0,0,0
DEM-010043,INS-001,1,0,3,0
DEM-010046,INS-001,1,0,0,0
DEM-010048,INS-001,1,0,0,0
DEM-010053,INS-001,1,0,2,0
DEM-010059,INS-001,1,0,4,0
DEM-010060,INS-001,1,0,0,0
DEM-010066,INS-002,1,0,4,0
DEM-010067,INS-002,1,0,33,0
DEM-010068,INS-002,1,0,4,0
DEM-010075,INS-002,1,0,4,0
DEM-010077,INS-002,1,0,0,0
DEM-010082,INS-002,1,0,2,0
DEM-010084,INS-002,1,1,90,103333
DEM-010088,INS-002,0,0,3,0
DEM-010097,INS-002,1,0,21,0
DEM-010102,INS-002,1,0,22,0
DEM-010113,INS-002,1,0,4,0
DEM-010114,INS-002,1,0,4,0
DEM-010130,INS-002,1,0,4,0
DEM-010141,INS-002,0,1,90,2718
DEM-010150,INS-002,0,0,3,0
DEM-010168,INS-002,1,0,1,0
DEM-010172,INS-002,1,0,5,0
DEM-010173,INS-002,1,0,28,0
DEM-010174,INS-002,1,0,10,0
DEM-010175,INS-002,1,0,49,0
DEM-010182,INS-002,1,0,29,0
DEM-010183,INS-002,1,0,4,0
DEM-010185,INS-002,1,0,3,0
DEM-010193,INS-002,1,0,30,0
DEM-010203,INS-002,1,0,27,0
DEM-010210,INS-002,0,0,4,0
DEM-010212,INS-002,1,0,2,0
DEM-010218,INS-002,1,0,33,0
DEM-010228,INS-002,1,0,4,0
DEM-010229,INS-002,1,0,35,0
DEM-010235,INS-002,1,0,4,0
DEM-010257,INS-002,1,0,3,0
DEM-010262,INS-002,1,0,3,0
DEM-010263,INS-002,1,0,4,0
DEM-010269,INS-002,1,0,23,0
DEM-010272,INS-002,0,0,34,0
DEM-010277,INS-002,1,0,66,0
DEM-010286,INS-002,0,0,4,0
DEM-010291,INS-002,0,0,4,0
DEM-010295,INS-002,1,0,4,0
DEM-010298,INS-002,1,0,0,0
DEM-010306,INS-002,1,0,32,0
DEM-010307,INS-002,1,0,18,0
DEM-010308,INS-002,1,0,3,0
DEM-010310,INS-002,1,0,4,0
DEM-010316,INS-002,1,0,52,0
DEM-010319,INS-002,1,0,3,0
DEM-010328,INS-002,1,1,90,8444
DEM-010329,INS-002,1,1,90,27777
DEM-010331,INS-002,1,0,24,0
DEM-010334,INS-002,0,1,90,28547
DEM-010337,INS-002,1,0,4,0
DEM-010343,INS-002,1,1,90,3600
DEM-010344,INS-002,1,1,90,50000
DEM-010346,INS-002,0,1,90,19166
DEM-010347,INS-002,1,0,4,0
DEM-010350,INS-002,1,0,3,0
DEM-010351,INS-002,1,0,3,0
DEM-010352,INS-002,1,0,4,0
DEM-010353,INS-002,1,1,90,38896
DEM-010361,INS-002,1,0,4,0
DEM-010363,INS-002,0,0,4,0
DEM-010368,INS-002,0,0,2,0
DEM-010373,INS-002,1,0,30,0
DEM-010375,INS-002,1,0,29,0
DEM-010380,INS-002,0,0,27,0
DEM-010384,INS-002,1,0,4,0
DEM-010387,INS-002,1,0,22,0
DEM-010401,INS-002,1,0,4,0
DEM-010402,INS-002,1,1,152,148814
DEM-010404,INS-002,1,1,90,11946
DEM-010405,INS-002,1,0,31,0
DEM-010418,INS-002,1,0,3,0
DEM-010423,INS-002,1,1,90,63333
DEM-010455,INS-002,1,0,4,0
DEM-010456,INS-002,1,0,3,0
DEM-010457,INS-002,1,0,33,0
DEM-010458,INS-002,1,0,4,0
DEM-010459,INS-002,1,0,2,0
DEM-010460,INS-002,1,0,34,0
DEM-010463,INS-002,1,0,4,0
DEM-010470,INS-002,1,0,1,0
DEM-010471,INS-002,1,0,22,0
DEM-010472,INS-002,1,0,3,0
DEM-010473,INS-002,1,0,27,0
DEM-010475,INS-002,1,0,1,0
DEM-010476,INS-002,1,0,3,0
DEM-010477,INS-002,1,0,23,0
DEM-010478,INS-002,0,0,29,0
DEM-010479,INS-002,1,1,90,9774
DEM-010480,INS-002,1,1,90,26463
DEM-010481,INS-002,0,0,4,0
DEM-010484,INS-002,1,0,7,0
DEM-010509,INS-002,1,0,29,0
DEM-010511,INS-002,1,0,4,0
DEM-010514,INS-002,1,1,90,3965
DEM-010520,INS-002,1,0,1,0
DEM-010525,INS-002,1,0,4,0
DEM-010527,INS-002,1,0,3,0
DEM-010528,INS-002,1,1,90,6570
DEM-010531,INS-002,1,0,31,0
DEM-010543,INS-002,1,0,4,0
DEM-010555,INS-002,1,0,1,0
DEM-010565,INS-002,0,0,4,0
DEM-010567,INS-002,1,0,9,0
DEM-010568,INS-002,1,0,27,0
DEM-010578,INS-002,0,0,54,0
DEM-010579,INS-002,0,0,45,0
DEM-010584,INS-002,1,0,34,0
DEM-010585,INS-002,1,0,4,0
DEM-010586,INS-002,1,0,1,0
DEM-010587,INS-002,1,0,0,0
DEM-010595,INS-002,1,0,4,0
DEM-010605,INS-002,1,1,90,41666
DEM-010608,INS-002,1,0,4,0
DEM-010609,INS-002,0,0,4,0
DEM-010610,INS-002,1,0,15,0
DEM-010611,INS-002,1,0,4,0
DEM-010617,INS-002,1,0,4,0
DEM-010618,INS-002,1,0,34,0
DEM-010620,INS-002,1,0,0,0
DEM-010628,INS-002,1,0,29,0
DEM-010631,INS-002,1,0,2,0
DEM-010636,INS-002,1,0,4,0
DEM-010644,INS-002,1,0,4,0
DEM-010645,INS-002,0,0,3,0
DEM-010646,INS-002,1,0,27,0
DEM-010647,INS-002,1,0,3,0
DEM-010649,INS-002,1,0,4,0
DEM-010651,INS-002,1,0,3,0
DEM-010658,INS-002,1,0,0,0
DEM-010663,INS-002,1,0,2,0
DEM-010683,INS-002,1,0,4,0
DEM-010686,INS-002,1,0,29,0
DEM-010692,INS-002,0,0,4,0
DEM-010707,INS-002,1,0,4,0
DEM-010708,INS-002,1,0,4,0
DEM-010709,INS-002,1,1,90,2933
DEM-010710,INS-002,1,0,4,0
DEM-010715,INS-002,1,0,4,0
DEM-010717,INS-002,1,0,3,0
DEM-010724,INS-002,1,0,4,0
DEM-010728,INS-002,1,0,4,0
DEM-010729,INS-002,1,0,4,0
DEM-010730,INS-002,1,0,28,0
DEM-010732,INS-002,1,1,90,5476
DEM-010733,INS-002,1,0,4,0
DEM-010734,INS-002,0,0,22,0
DEM-010752,INS-002,1,0,4,0
DEM-010753,INS-002,1,0,4,0
DEM-010756,INS-002,1,0,4,0
DEM-010759,INS-002,1,0,3,0
DEM-010761,INS-002,0,0,4,0
DEM-010769,INS-002,1,0,28,0
DEM-010791,INS-002,1,0,0,0
DEM-010792,INS-002,1,0,0,0
DEM-010793,INS-002,1,0,20,0
DEM-010814,INS-002,1,0,4,0
DEM-010815,INS-002,1,0,4,0
DEM-010822,INS-002,1,0,2,0
DEM-010824,INS-002,1,0,31,0
DEM-010827,INS-002,1,0,42,0
DEM-010828,INS-002,1,1,151,68748
DEM-010829,INS-002,1,1,90,15416
DEM-010830,INS-002,1,0,21,0
DEM-010831,INS-002,1,0,32,0
DEM-010836,INS-002,1,0,28,0
DEM-010842,INS-002,1,0,4,0
DEM-010845,INS-002,1,0,4,0
DEM-010846,INS-002,1,1,90,11112
DEM-010851,INS-002,1,0,4,0
DEM-010859,INS-002,1,1,90,8901
DEM-010873,INS-002,1,0,4,0
DEM-010880,INS-002,1,0,35,0
DEM-010881,INS-002,1,0,4,0
DEM-010882,INS-002,1,0,3,0
DEM-010883,INS-002,1,0,61,0
DEM-010886,INS-002,1,1,121,177776
DEM-010887,INS-002,1,0,30,0
DEM-010888,INS-002,1,0,32,0
DEM-010893,INS-002,1,0,4,0
DEM-010894,INS-002,1,0,27,0
DEM-010898,INS-002,1,0,4,0
DEM-010907,INS-002,1,0,4,0
DEM-010910,INS-002,1,0,0,0
DEM-010916,INS-002,1,0,4,0
DEM-010922,INS-002,1,0,4,0
DEM-010924,INS-002,1,0,3,0
DEM-010925,INS-002,1,0,31,0
DEM-010937,INS-002,0,0,4,0
DEM-010944,INS-002,1,0,3,0
DEM-010947,INS-002,1,0,30,0
DEM-010956,INS-002,1,0,4,0
DEM-010957,INS-002,1,0,4,0
DEM-010975,INS-002,1,0,3,0
DEM-010976,INS-002,1,0,0,0
DEM-010977,INS-002,1,0,30,0
DEM-010982,INS-002,1,0,2,0
DEM-010989,INS-002,1,0,3,0
DEM-010997,INS-002,1,0,0,0
DEM-010998,INS-002,1,0,4,0
DEM-011010,INS-002,1,0,4,0
DEM-011019,INS-002,0,0,4,0
DEM-011020,INS-002,1,0,2,0
DEM-011025,INS-002,1,0,4,0
DEM-011026,INS-002,1,0,2,0
DEM-011044,INS-002,1,0,3,0
DEM-011046,INS-002,1,1,90,7308
DEM-011047,INS-002,1,0,30,0
DEM-011048,INS-002,1,0,3,0
DEM-011050,INS-002,1,0,16,0
DEM-011062,INS-002,1,0,0,0
DEM-011068,INS-002,1,0,2,0
DEM-011073,INS-002,1,1,90,10550
DEM-011075,INS-002,1,0,17,0
DEM-011076,INS-002,1,1,121,62927
DEM-011083,INS-002,1,0,4,0
DEM-011093,INS-002,1,0,4,0
DEM-011102,INS-002,1,0,4,0
DEM-011103,INS-002,1,0,4,0
DEM-011106,INS-002,1,0,0,0
DEM-011107,INS-002,1,0,3,0
DEM-011108,INS-002,1,0,3,0
DEM-011110,INS-002,1,0,1,0
DEM-011111,INS-002,1,1,90,53333
DEM-011112,INS-002,1,1,118,42523
DEM-011113,INS-002,1,0,4,0
DEM-011114,INS-002,1,0,3,0
DEM-011115,INS-002,1,0,4,0
DEM-011117,INS-002,1,0,3,0
DEM-011131,INS-002,1,0,0,0
DEM-011133,INS-002,1,0,4,0
DEM-011139,INS-002,1,0,4,0
DEM-011140,INS-002,1,1,90,19147
DEM-011141,INS-002,1,0,4,0
DEM-011143,INS-002,1,0,33,0
DEM-011144,INS-002,1,0,4,0
DEM-011148,INS-002,1,0,32,0
DEM-011153,INS-002,1,0,4,0
DEM-011160,INS-002,1,0,3,0
DEM-011161,INS-002,1,0,4,0
DEM-011182,INS-002,1,0,0,0
DEM-011183,INS-002,1,0,4,0
DEM-011190,INS-002,1,1,90,8333
DEM-011193,INS-002,1,0,1,0
DEM-011194,INS-002,0,0,2,0
DEM-011196,INS-002,1,0,0,0
DEM-011211,INS-002,1,0,32,0
DEM-011216,INS-002,1,1,90,5556
DEM-011218,INS-002,1,0,4,0
DEM-011223,INS-002,1,0,4,0
DEM-011224,INS-002,1,0,34,0
DEM-011228,INS-002,1,1,90,42916
DEM-011235,INS-002,1,1,90,78333
DEM-011238,INS-002,1,0,3,0
DEM-011246,INS-002,1,0,4,0
DEM-011247,INS-002,1,0,2,0
DEM-011248,INS-002,1,1,90,4115
DEM-011257,INS-002,1,0,3,0
DEM-011262,INS-002,1,0,4,0
DEM-011275,INS-002,0,0,4,0
DEM-011277,INS-002,1,0,18,0
DEM-011280,INS-002,1,0,4,0
DEM-011284,INS-002,1,0,3,0
DEM-011288,INS-002,1,0,4,0
DEM-011296,INS-002,1,0,31,0
DEM-011298,INS-002,1,0,25,0
DEM-011299,INS-002,1,0,2,0
DEM-011305,INS-002,1,1,90,86111
DEM-011315,INS-002,1,0,0,0
DEM-011334,INS-002,1,0,34,0
DEM-011335,INS-002,1,0,4,0
DEM-011337,INS-002,1,0,4,0
DEM-011342,INS-002,1,0,75,0
DEM-011345,INS-002,1,0,2,0
DEM-011351,INS-002,0,0,32,0
DEM-011353,INS-002,1,0,4,0
DEM-011355,INS-002,1,0,3,0
DEM-011357,INS-002,1,0,30,0
DEM-011359,INS-002,1,0,3,0
DEM-011360,INS-002,1,0,4,0
DEM-011361,INS-002,1,0,3,0
DEM-011362,INS-002,1,1,90,66666
DEM-011363,INS-002,1,0,1,0
DEM-011366,INS-002,1,0,3,0
DEM-011367,INS-002,0,0,28,0
DEM-011369,INS-002,1,1,90,41666
DEM-011370,INS-002,1,0,0,0
DEM-011372,INS-002,1,0,4,0
DEM-011376,INS-002,1,0,4,0
DEM-011383,INS-002,1,0,30,0
DEM-011387,INS-002,1,0,21,0
DEM-011389,INS-002,1,0,0,0
DEM-011393,INS-002,1,0,4,0
DEM-011406,INS-002,1,0,3,0
DEM-011434,INS-002,1,0,0,0
DEM-011440,INS-002,1,0,35,0
DEM-011443,INS-002,1,0,4,0
DEM-011452,INS-002,1,0,4,0
DEM-011465,INS-002,1,0,35,0
DEM-011467,INS-002,1,0,4,0
DEM-011476,INS-002,1,1,90,18333
DEM-011478,INS-002,1,1,90,23233
DEM-011484,INS-002,1,0,4,0
DEM-011487,INS-002,1,0,4,0
DEM-011494,INS-002,1,0,0,0
DEM-011497,INS-002,1,0,2,0
DEM-011498,INS-002,1,0,13,0
DEM-011509,INS-002,1,0,31,0
DEM-011529,INS-002,0,0,0,0
DEM-011536,INS-002,1,0,4,0
DEM-011537,INS-002,1,0,36,0
DEM-011544,INS-002,1,0,10,0
DEM-011553,INS-002,1,0,4,0
DEM-011557,INS-002,1,0,0,0
DEM-011565,INS-002,0,0,30,0
DEM-011566,INS-002,1,0,22,0
DEM-011567,INS-002,1,0,2,0
DEM-011569,INS-002,1,0,4,0
DEM-011571,INS-002,1,0,4,0
DEM-011574,INS-002,1,0,39,0
DEM-011575,INS-002,1,0,61,0
DEM-011576,INS-002,1,0,4,0
DEM-011586,INS-002,1,0,34,0
DEM-011591,INS-002,1,0,15,0
DEM-011598,INS-002,1,0,4,0
DEM-011600,INS-002,1,0,4,0
DEM-011603,INS-002,1,0,0,0
DEM-011605,INS-002,1,0,4,0
DEM-011612,INS-002,1,0,4,0
DEM-011617,INS-002,1,0,1,0
DEM-011621,INS-002,1,0,4,0
DEM-011632,INS-002,1,0,1,0
DEM-011633,INS-002,0,0,0,0
DEM-011637,INS-002,1,0,0,0
DEM-011639,INS-002,1,0,3,0
DEM-011640,INS-002,1,0,0,0
DEM-011641,INS-002,1,1,90,6657
DEM-011648,INS-002,1,0,4,0
DEM-011649,INS-002,1,0,4,0
DEM-011653,INS-002,0,1,90,2364
DEM-011655,INS-002,1,0,3,0
DEM-011656,INS-002,1,0,3,0
DEM-011658,INS-002,1,0,29,0
DEM-011663,INS-002,1,0,4,0
DEM-011669,INS-002,1,0,62,0
DEM-011670,INS-002,1,0,3,0
DEM-011674,INS-002,1,0,31,0
DEM-011676,INS-002,1,0,0,0
DEM-011677,INS-002,1,0,3,0
DEM-011679,INS-002,1,0,4,0
DEM-011680,INS-002,1,0,3,0
DEM-011688,INS-002,1,0,3,0
DEM-011691,INS-002,1,0,4,0
DEM-011692,INS-002,1,0,4,0
DEM-011693,INS-002,1,0,4,0
DEM-011694,INS-002,0,0,3,0
DEM-011704,INS-002,1,0,4,0
DEM-011705,INS-002,1,0,19,0
DEM-011713,INS-002,1,0,3,0
DEM-011726,INS-002,1,0,4,0
DEM-011727,INS-002,1,0,3,0
DEM-011728,INS-002,1,0,65,0
DEM-011729,INS-002,1,0,0,0
DEM-011738,INS-002,1,1,90,13358
DEM-011740,INS-002,1,0,27,0
DEM-011744,INS-002,1,0,31,0
DEM-011756,INS-002,1,0,57,0
DEM-011759,INS-002,1,0,0,0
DEM-011760,INS-002,1,0,4,0
DEM-011763,INS-002,1,0,4,0
DEM-011766,INS-002,1,0,30,0
DEM-011767,INS-002,1,0,3,0
DEM-011768,INS-002,1,0,0,0
DEM-011774,INS-002,1,0,4,0
DEM-011775,INS-002,0,0,4,0
DEM-011782,INS-002,1,0,35,0
DEM-011804,INS-002,1,0,2,0
DEM-011805,INS-002,1,0,4,0
DEM-011811,INS-002,1,1,90,11250
DEM-011812,INS-002,1,0,62,0
DEM-011826,INS-002,1,0,4,0
DEM-011827,INS-002,0,0,4,0
DEM-011834,INS-002,1,0,1,0
DEM-011835,INS-002,1,1,90,8333
DEM-011836,INS-002,1,0,0,0
DEM-011839,INS-002,1,0,3,0
DEM-011840,INS-002,1,0,4,0
DEM-011841,INS-002,1,0,3,0
DEM-011844,INS-002,1,0,3,0
DEM-011845,INS-002,1,1,90,75833
DEM-011850,INS-002,1,0,2,0
DEM-011852,INS-002,1,0,0,0
DEM-011859,INS-002,1,0,20,0
DEM-011865,INS-002,1,0,4,0
DEM-011874,INS-002,1,0,7,0
DEM-011875,INS-002,1,1,90,4397
DEM-011877,INS-002,1,1,90,3268
DEM-011878,INS-002,1,0,4,0
DEM-011879,INS-002,1,0,4,0
DEM-011883,INS-002,1,0,23,0
DEM-011884,INS-002,0,0,4,0
DEM-011886,INS-002,1,0,2,0
DEM-011888,INS-002,1,0,4,0
DEM-011891,INS-002,1,0,4,0
DEM-011892,INS-002,1,0,1,0
DEM-011894,INS-002,1,0,4,0
DEM-011900,INS-002,1,0,3,0
DEM-011912,INS-002,1,0,0,0
DEM-011913,INS-002,1,1,90,20000
DEM-011921,INS-002,0,0,2,0
DEM-011939,INS-002,1,0,2,0
DEM-011941,INS-002,1,0,0,0
DEM-011949,INS-002,1,0,44,0
DEM-011950,INS-002,1,0,2,0
DEM-011953,INS-002,1,0,4,0
DEM-011954,INS-002,1,0,4,0
DEM-011956,INS-002,1,0,34,0
DEM-011957,INS-002,1,0,3,0
DEM-011958,INS-002,1,0,15,0
DEM-011966,INS-002,1,0,0,0
DEM-011970,INS-002,1,0,31,0
DEM-011974,INS-002,1,0,4,0
DEM-011976,INS-002,1,0,28,0
DEM-011981,INS-002,1,0,3,0
DEM-011982,INS-002,1,0,27,0
DEM-011986,INS-002,1,0,4,0
DEM-011993,INS-002,0,0,3,0
DEM-011997,INS-002,1,0,1,0
DEM-012001,INS-002,1,0,55,0
DEM-012006,INS-002,1,0,4,0
DEM-012010,INS-002,1,0,4,0
DEM-012013,INS-002,1,0,3,0
DEM-012014,INS-002,1,0,4,0
DEM-012015,INS-002,1,0,2,0
DEM-012024,INS-002,1,0,4,0
DEM-012029,INS-002,1,0,4,0
DEM-012030,INS-002,0,0,4,0
DEM-012043,INS-002,1,0,4,0
DEM-012051,INS-002,1,0,15,0
DEM-012067,INS-002,1,0,3,0
DEM-012068,INS-002,1,0,4,0
DEM-012071,INS-002,1,0,0,0
DEM-012075,INS-002,1,0,15,0
DEM-012078,INS-002,1,0,4,0
DEM-012080,INS-002,1,0,3,0
DEM-012083,INS-002,0,0,3,0
DEM-012092,INS-002,1,0,2,0
DEM-012098,INS-002,1,0,33,0
DEM-012100,INS-002,1,0,0,0
DEM-012102,INS-002,1,0,4,0
DEM-012104,INS-002,1,0,3,0
DEM-012106,INS-002,1,0,4,0
DEM-012107,INS-002,1,0,4,0
DEM-012110,INS-002,1,0,4,0
DEM-012122,INS-002,1,0,3,0
DEM-012123,INS-002,1,0,4,0
DEM-012129,INS-002,1,0,24,0
DEM-012132,INS-002,1,0,31,0
DEM-012135,INS-002,1,0,2,0
DEM-012141,INS-002,1,0,4,0
DEM-012143,INS-002,1,0,4,0
DEM-012144,INS-002,1,0,4,0
DEM-012145,INS-002,1,0,28,0
DEM-012146,INS-002,1,0,2,0
DEM-012147,INS-002,1,0,4,0
DEM-012148,INS-002,1,0,35,0
DEM-012150,INS-002,1,0,3,0
DEM-012156,INS-002,1,0,4,0
DEM-012162,INS-002,1,0,4,0
DEM-012163,INS-002,1,0,2,0
DEM-012170,INS-002,1,0,0,0
DEM-012172,INS-002,1,0,64,0
DEM-012174,INS-002,1,0,9,0
DEM-012175,INS-002,0,1,90,15833
DEM-012179,INS-002,1,0,1,0
DEM-012182,INS-002,1,0,4,0
DEM-012183,INS-002,1,0,4,0
DEM-012191,INS-002,1,0,3,0
DEM-012193,INS-002,1,0,4,0
DEM-012202,INS-002,1,0,2,0
DEM-012209,INS-002,1,0,4,0
DEM-012213,INS-002,1,0,5,0
DEM-012219,INS-002,1,0,4,0
DEM-012230,INS-002,1,0,29,0
DEM-012231,INS-002,1,0,23,0
DEM-012234,INS-002,1,0,2,0
DEM-012244,INS-002,1,1,90,20801
DEM-012254,INS-002,1,0,4,0
DEM-012257,INS-002,1,0,29,0
DEM-012266,INS-002,1,0,0,0
DEM-012270,INS-002,1,0,25,0
DEM-012272,INS-002,1,0,4,0
DEM-012288,INS-002,1,0,68,0
DEM-012289,INS-002,1,0,62,0
DEM-012309,INS-002,1,0,21,0
DEM-012318,INS-002,1,0,3,0
DEM-012326,INS-002,1,0,3,0
DEM-012340,INS-002,0,0,0,0
DEM-012358,INS-002,1,0,4,0
DEM-012359,INS-002,1,0,26,0
DEM-012367,INS-002,1,0,32,0
DEM-012368,INS-002,1,0,36,0
DEM-012373,INS-002,1,0,4,0
DEM-012375,INS-002,1,0,4,0
DEM-012394,INS-002,1,0,4,0
DEM-012395,INS-002,1,0,0,0
DEM-012396,INS-002,0,0,0,0
DEM-012397,INS-002,1,0,13,0
DEM-012398,INS-002,0,0,4,0
DEM-012404,INS-002,0,1,90,5555
DEM-012405,INS-002,1,0,3,0
DEM-012406,INS-002,1,0,4,0
DEM-012412,INS-002,1,0,3,0
DEM-012413,INS-002,1,0,4,0
DEM-012423,INS-002,1,0,4,0
DEM-012432,INS-002,1,0,33,0
DEM-012436,INS-002,1,0,3,0
DEM-012437,INS-002,1,0,4,0
DEM-012439,INS-002,0,0,3,0
DEM-012444,INS-002,1,1,90,20000
DEM-012458,INS-002,1,1,90,66666
DEM-012459,INS-002,1,0,4,0
DEM-012460,INS-002,1,0,4,0
DEM-012464,INS-002,1,0,4,0
DEM-012474,INS-002,1,0,3,0
DEM-012476,INS-002,1,0,4,0
DEM-012478,INS-002,1,0,33,0
DEM-012480,INS-002,1,0,2,0
DEM-012481,INS-002,1,1,90,31595
DEM-012487,INS-002,1,0,1,0
DEM-012491,INS-002,1,0,3,0
DEM-012494,INS-002,1,0,3,0
DEM-012495,INS-002,1,0,0,0
DEM-012506,INS-002,1,1,90,88888
DEM-012508,INS-002,1,0,4,0
DEM-012510,INS-002,1,0,4,0
DEM-012511,INS-002,1,0,4,0
DEM-012512,INS-002,1,0,1,0
DEM-012517,INS-002,1,0,74,0
DEM-012522,INS-002,1,0,4,0
DEM-012526,INS-002,1,0,0,0
DEM-012542,INS-002,1,0,3,0
DEM-012543,INS-002,1,0,4,0
DEM-012544,INS-002,1,1,90,11111
DEM-012545,INS-002,1,0,49,0
DEM-012546,INS-002,1,0,57,0
DEM-012547,INS-002,1,0,51,0
DEM-012548,INS-002,1,0,29,0
DEM-012549,INS-002,1,0,17,0
DEM-012553,INS-002,1,0,4,0
DEM-012556,INS-002,0,0,7,0
DEM-012557,INS-002,1,0,50,0
DEM-012558,INS-002,1,0,32,0
DEM-012569,INS-002,1,0,4,0
DEM-012573,INS-002,1,0,4,0
DEM-012574,INS-002,1,0,18,0
DEM-012575,INS-002,1,0,3,0
DEM-012576,INS-002,1,1,90,2354
DEM-012582,INS-002,1,0,3,0
DEM-012588,INS-002,1,0,35,0
DEM-012591,INS-002,1,0,34,0
DEM-012594,INS-002,1,0,4,0
DEM-012599,INS-002,1,0,1,0
DEM-012601,INS-002,1,0,3,0
DEM-012607,INS-002,1,0,21,0
DEM-012608,INS-002,1,0,4,0
DEM-012614,INS-002,1,0,2,0
DEM-012619,INS-002,1,0,4,0
DEM-012623,INS-002,1,0,23,0
DEM-012626,INS-002,1,0,2,0
DEM-012627,INS-002,1,0,4,0
DEM-012631,INS-002,1,0,4,0
DEM-012633,INS-002,1,0,2,0
DEM-012638,INS-002,0,0,4,0
DEM-012645,INS-002,0,0,4,0
DEM-012646,INS-002,1,0,4,0
DEM-012650,INS-002,1,0,27,0
DEM-012653,INS-002,1,0,4,0
DEM-012655,INS-002,1,1,90,4297
DEM-012656,INS-002,1,0,0,0
DEM-012660,INS-002,1,0,4,0
DEM-012661,INS-002,1,0,32,0
DEM-012662,INS-002,1,0,35,0
DEM-012663,INS-002,1,0,2,0
DEM-012665,INS-002,1,0,1,0
DEM-012666,INS-002,1,0,57,0
DEM-012670,INS-002,1,0,32,0
DEM-012672,INS-002,1,0,4,0
DEM-012673,INS-002,1,0,38,0
DEM-012675,INS-002,1,0,4,0
DEM-012676,INS-002,1,0,3,0
DEM-012677,INS-002,1,0,4,0
DEM-012681,INS-002,0,0,1,0
DEM-012683,INS-002,1,0,0,0
DEM-012686,INS-002,1,0,16,0
DEM-012688,INS-002,1,0,25,0
DEM-012694,INS-002,1,0,3,0
DEM-012702,INS-002,1,0,4,0
DEM-012704,INS-002,1,0,0,0
DEM-012705,INS-002,1,0,4,0
DEM-012706,INS-002,1,0,4,0
DEM-012707,INS-002,1,0,3,0
DEM-012711,INS-002,1,0,3,0
DEM-012712,INS-002,1,0,4,0
DEM-012715,INS-002,1,0,3,0
DEM-012717,INS-002,1,0,4,0
DEM-012726,INS-002,0,0,3,0
DEM-012729,INS-002,1,0,3,0
DEM-012732,INS-002,1,0,4,0
DEM-012736,INS-002,1,0,3,0
DEM-012738,INS-002,1,0,4,0
DEM-012743,INS-002,1,0,30,0
DEM-012745,INS-002,1,0,21,0
DEM-012750,INS-002,0,0,3,0
DEM-012759,INS-002,0,0,29,0
DEM-012761,INS-002,1,0,3,0
DEM-012762,INS-002,1,0,15,0
DEM-012763,INS-002,1,0,3,0
DEM-012765,INS-002,1,0,34,0
DEM-012766,INS-002,0,0,1,0
DEM-012768,INS-002,1,1,90,105000
DEM-012770,INS-002,1,0,34,0
DEM-012771,INS-002,1,0,4,0
DEM-012773,INS-002,1,0,0,0
DEM-012777,INS-002,1,0,4,0
DEM-012781,INS-002,1,0,3,0
DEM-012782,INS-002,1,0,4,0
DEM-012786,INS-002,1,0,20,0
DEM-012787,INS-002,1,0,28,0
DEM-012794,INS-002,1,0,0,0
DEM-012800,INS-002,0,0,4,0
DEM-012801,INS-002,1,0,31,0
DEM-012805,INS-002,1,0,35,0
DEM-012806,INS-002,1,0,0,0
DEM-012807,INS-002,1,0,1,0
DEM-012810,INS-002,1,0,4,0
DEM-012817,INS-002,1,0,6,0
DEM-012820,INS-002,1,0,10,0
DEM-012821,INS-002,0,0,18,0
DEM-012824,INS-002,1,0,2,0
DEM-012828,INS-002,1,0,4,0
DEM-012829,INS-002,1,0,4,0
DEM-012833,INS-002,1,0,4,0
DEM-012835,INS-002,1,0,30,0
DEM-012836,INS-002,1,0,4,0
DEM-012838,INS-002,1,0,4,0
DEM-012839,INS-002,1,1,90,18333
DEM-012843,INS-002,1,1,90,55833
DEM-012844,INS-002,1,0,52,0
DEM-012845,INS-002,1,0,4,0
DEM-012846,INS-002,1,0,26,0
DEM-012848,INS-002,1,1,90,39305
DEM-012852,INS-002,1,0,4,0
DEM-012855,INS-002,1,0,25,0
DEM-012857,INS-002,1,0,4,0
DEM-012859,INS-002,1,0,18,0
DEM-012865,INS-002,1,0,4,0
DEM-012866,INS-002,1,0,4,0
DEM-012874,INS-002,1,0,4,0
DEM-012879,INS-002,1,0,27,0
DEM-012887,INS-002,1,0,30,0
DEM-012889,INS-002,1,0,4,0
DEM-012890,INS-002,1,0,26,0
DEM-012891,INS-002,1,0,4,0
DEM-012892,INS-002,1,0,4,0
DEM-012894,INS-002,1,0,4,0
DEM-012899,INS-002,1,0,73,0
DEM-012900,INS-002,1,0,29,0
DEM-012901,INS-002,0,1,90,20000
DEM-012902,INS-002,1,0,4,0
DEM-012905,INS-002,1,0,4,0
DEM-012907,INS-002,0,0,2,0
DEM-012908,INS-002,1,0,0,0
DEM-012913,INS-002,1,1,90,6224
DEM-012915,INS-002,0,0,4,0
DEM-012917,INS-002,1,0,32,0
DEM-012921,INS-002,1,0,3,0
DEM-012923,INS-002,1,1,90,75000
DEM-012927,INS-002,1,0,3,0
DEM-012929,INS-002,1,0,30,0
DEM-012942,INS-002,1,0,65,0
DEM-012943,INS-002,1,0,16,0
DEM-012945,INS-002,1,0,4,0
DEM-012950,INS-002,1,0,4,0
DEM-012951,INS-002,1,0,36,0
DEM-012958,INS-002,1,0,4,0
DEM-012963,INS-002,1,0,4,0
DEM-012972,INS-002,1,0,3,0
DEM-012974,INS-002,1,0,31,0
DEM-012976,INS-002,1,0,4,0
DEM-012978,INS-002,1,0,3,0
DEM-012979,INS-002,1,0,4,0
DEM-012980,INS-002,1,0,4,0
DEM-012983,INS-002,1,0,35,0
DEM-012985,INS-002,1,0,4,0
DEM-012990,INS-002,1,0,3,0
DEM-013007,INS-002,1,0,3,0
DEM-013009,INS-002,1,0,4,0
DEM-013013,INS-002,1,0,0,0
DEM-013014,INS-002,1,0,4,0
DEM-013015,INS-002,0,0,4,0
DEM-013025,INS-002,1,0,4,0
DEM-013026,INS-002,1,0,3,0
DEM-013037,INS-002,1,0,30,0
DEM-013043,INS-002,1,1,90,13501
DEM-013044,INS-002,0,1,90,7455
DEM-013054,INS-002,1,0,29,0
DEM-013058,INS-002,1,0,52,0
DEM-013060,INS-002,1,0,41,0
DEM-013068,INS-002,1,0,30,0
DEM-013069,INS-002,1,0,28,0
DEM-013071,INS-002,1,0,29,0
DEM-013074,INS-002,1,0,4,0
DEM-013076,INS-002,1,0,23,0
DEM-013079,INS-002,1,0,1,0
DEM-013082,INS-002,1,0,33,0
DEM-013083,INS-002,1,0,4,0
DEM-013085,INS-002,1,0,3,0
DEM-013086,INS-002,1,0,4,0
DEM-013088,INS-002,0,0,4,0
DEM-013091,INS-002,0,0,4,0
DEM-013093,INS-002,1,0,33,0
DEM-013094,INS-002,1,0,27,0
DEM-013098,INS-002,1,0,0,0
DEM-013116,INS-002,1,0,3,0
DEM-013124,INS-002,1,0,0,0
DEM-013126,INS-002,1,0,4,0
DEM-013132,INS-002,0,0,4,0
DEM-013133,INS-002,1,1,90,21440
DEM-013134,INS-002,1,0,4,0
DEM-013142,INS-002,1,0,2,0
DEM-013145,INS-002,1,0,4,0
DEM-013148,INS-002,1,0,56,0
DEM-013154,INS-002,1,0,2,0
DEM-013155,INS-002,1,0,2,0
DEM-013158,INS-002,1,1,90,41666
DEM-013159,INS-002,1,0,4,0
DEM-013162,INS-002,1,1,90,41666
DEM-013164,INS-002,1,1,90,13333
DEM-013170,INS-002,1,0,4,0
DEM-013175,INS-002,1,0,31,0
DEM-013187,INS-002,1,0,0,0
DEM-013192,INS-002,1,0,4,0
DEM-013194,INS-002,1,0,2,0
DEM-013195,INS-002,1,0,4,0
DEM-013197,INS-002,1,1,90,41666
DEM-013202,INS-002,1,0,3,0
DEM-013209,INS-002,0,1,90,27777
DEM-013210,INS-002,1,0,4,0
DEM-013215,INS-002,1,0,4,0
DEM-013218,INS-002,1,0,2,0
DEM-013219,INS-002,1,0,3,0
DEM-013225,INS-002,1,0,2,0
DEM-013226,INS-002,1,0,4,0
DEM-013229,INS-002,1,0,3,0
DEM-013231,INS-002,1,0,4,0
DEM-013234,INS-002,1,1,90,42188
DEM-013235,INS-002,1,0,0,0
DEM-013242,INS-002,1,0,4,0
DEM-013247,INS-002,1,0,34,0
DEM-013248,INS-002,1,0,4,0
DEM-013249,INS-002,1,0,4,0
DEM-013252,INS-002,1,0,4,0
DEM-013258,INS-002,1,0,4,0
DEM-013264,INS-002,1,0,3,0
DEM-013268,INS-002,1,0,4,0
DEM-013276,INS-002,1,1,119,133332
DEM-013282,INS-002,1,0,4,0
DEM-013283,INS-002,1,0,3,0
DEM-013287,INS-002,1,0,34,0
DEM-013288,INS-002,1,0,3,0
DEM-013289,INS-002,1,0,4,0
DEM-013292,INS-002,1,0,3,0
DEM-013302,INS-002,1,0,4,0
DEM-013313,INS-002,1,0,2,0
DEM-013316,INS-002,1,0,31,0
DEM-013320,INS-002,0,0,4,0
DEM-013326,INS-002,1,1,90,17083
DEM-013328,INS-002,1,0,4,0
DEM-013329,INS-002,1,0,14,0
DEM-013334,INS-002,1,0,4,0
DEM-013336,INS-002,0,0,3,0
DEM-013343,INS-002,0,0,28,0
DEM-013348,INS-002,1,0,3,0
DEM-013355,INS-002,1,1,90,33333
DEM-013356,INS-002,1,0,2,0
DEM-013359,INS-002,1,0,35,0
DEM-013361,INS-002,0,0,4,0
DEM-013362,INS-002,1,0,53,0
DEM-013363,INS-002,1,1,90,23750
DEM-013368,INS-002,1,0,4,0
DEM-013369,INS-002,1,0,56,0
DEM-013373,INS-002,1,0,32,0
DEM-013378,INS-002,1,0,4,0
DEM-013379,INS-002,1,0,29,0
DEM-013383,INS-002,1,0,31,0
DEM-013388,INS-002,1,0,4,0
DEM-013392,INS-002,1,0,4,0
DEM-013394,INS-002,1,0,3,0
DEM-013396,INS-002,1,0,10,0
DEM-013397,INS-002,1,0,45,0
DEM-013398,INS-002,1,0,36,0
DEM-013400,INS-002,1,0,0,0
DEM-013402,INS-002,1,0,3,0
DEM-013407,INS-002,1,0,17,0
DEM-013408,INS-002,1,1,90,20833
DEM-013410,INS-002,1,0,4,0
DEM-013412,INS-002,1,0,4,0
DEM-013413,INS-002,1,0,3,0
DEM-013424,INS-002,0,0,15,0
DEM-013425,INS-002,1,0,1,0
DEM-013429,INS-002,1,1,90,2577
DEM-013430,INS-002,1,0,28,0
DEM-013431,INS-002,1,0,0,0
DEM-013434,INS-002,1,0,4,0
DEM-013444,INS-002,1,0,0,0
DEM-013451,INS-002,1,0,4,0
DEM-013459,INS-002,1,0,4,0
DEM-013461,INS-002,1,0,2,0
DEM-013465,INS-002,1,1,121,41945
DEM-013467,INS-002,1,0,3,0
DEM-013472,INS-002,1,0,3,0
DEM-013474,INS-002,1,0,4,0
DEM-013478,INS-002,1,0,33,0
DEM-013483,INS-002,1,0,4,0
DEM-013488,INS-002,1,0,2,0
DEM-013490,INS-002,1,0,34,0
DEM-013491,INS-002,1,0,2,0
DEM-013493,INS-002,1,0,4,0
DEM-013497,INS-002,1,0,1,0
DEM-013498,INS-002,1,0,0,0
DEM-013499,INS-002,1,0,2,0
DEM-013508,INS-002,1,0,2,0
DEM-013510,INS-002,1,0,4,0
DEM-013512,INS-002,1,0,4,0
DEM-013513,INS-002,1,0,4,0
DEM-013514,INS-002,1,0,3,0
DEM-013516,INS-002,1,0,4,0
DEM-013521,INS-002,1,1,90,3591
DEM-013524,INS-002,1,0,4,0
DEM-013525,INS-002,1,0,0,0
DEM-013532,INS-002,1,0,4,0
DEM-013533,INS-002,1,0,4,0
DEM-013543,INS-002,1,1,90,66666
DEM-013544,INS-002,0,0,3,0
DEM-013547,INS-002,1,0,2,0
DEM-013548,INS-002,1,0,18,0
DEM-013550,INS-002,1,0,3,0
DEM-013553,INS-002,1,0,4,0
DEM-013555,INS-002,1,0,2,0
DEM-013557,INS-002,1,0,0,0
DEM-013568,INS-002,1,0,21,0
DEM-013572,INS-002,1,0,4,0
DEM-013574,INS-002,1,0,4,0
DEM-013576,INS-002,1,0,1,0
DEM-013580,INS-002,1,0,2,0
DEM-013582,INS-002,1,0,30,0
DEM-013595,INS-002,1,0,4,0
DEM-013609,INS-002,1,0,1,0
DEM-013619,INS-002,1,1,150,24028
DEM-013621,INS-002,1,0,95,0
DEM-013626,INS-002,1,0,3,0
DEM-013629,INS-002,1,0,4,0
DEM-013630,INS-002,1,0,4,0
DEM-013631,INS-002,1,0,4,0
DEM-013645,INS-002,1,0,3,0
DEM-013649,INS-002,1,0,4,0
DEM-013650,INS-002,1,0,0,0
DEM-013651,INS-002,1,1,90,66666
DEM-013653,INS-002,1,0,4,0
DEM-013654,INS-002,1,0,4,0
DEM-013655,INS-002,1,0,4,0
DEM-013659,INS-002,1,0,63,0
DEM-013662,INS-002,1,0,4,0
DEM-013677,INS-002,1,0,0,0
DEM-013678,INS-002,1,0,21,0
DEM-013689,INS-002,1,0,4,0
DEM-013691,INS-002,1,0,3,0
DEM-013694,INS-002,1,0,0,0
DEM-013696,INS-002,1,0,0,0
DEM-013703,INS-002,1,0,4,0
DEM-013704,INS-002,1,0,30,0
DEM-013709,INS-002,1,0,3,0
DEM-013710,INS-002,1,0,4,0
DEM-013721,INS-002,1,0,4,0
DEM-013723,INS-002,1,1,90,23054
DEM-013725,INS-002,1,0,2,0
DEM-013727,INS-002,1,0,3,0
DEM-013729,INS-002,1,0,35,0
DEM-013730,INS-002,1,0,4,0
DEM-013732,INS-002,1,0,3,0
DEM-013733,INS-002,1,0,71,0
DEM-013747,INS-002,1,0,79,0
DEM-013767,INS-002,1,0,0,0
DEM-013780,INS-002,1,0,4,0
DEM-013781,INS-002,1,0,0,0
DEM-013785,INS-002,0,0,3,0
DEM-013786,INS-002,1,0,1,0
DEM-013793,INS-002,1,0,9,0
DEM-013802,INS-002,0,0,4,0
DEM-013807,INS-002,0,0,15,0
DEM-013815,INS-002,1,1,90,61666
DEM-013818,INS-002,1,1,121,130666
DEM-013819,INS-002,1,0,2,0
DEM-013820,INS-002,1,0,30,0
DEM-013823,INS-002,1,0,0,0
DEM-013824,INS-002,1,0,0,0
DEM-013831,INS-002,1,1,90,25689
DEM-013833,INS-002,1,0,4,0
DEM-013838,INS-002,1,0,4,0
DEM-013842,INS-002,1,0,4,0
DEM-013843,INS-002,1,1,90,2937
DEM-013844,INS-002,1,0,62,0
DEM-013845,INS-002,1,0,0,0
DEM-013846,INS-002,0,0,4,0
DEM-013848,INS-002,1,0,1,0
DEM-013851,INS-002,1,0,2,0
DEM-013867,INS-002,1,0,4,0
DEM-013870,INS-002,1,0,4,0
DEM-013873,INS-002,1,0,42,0
DEM-013876,INS-002,1,0,4,0
DEM-013877,INS-002,1,0,4,0
DEM-013878,INS-002,1,0,4,0
DEM-013879,INS-002,0,0,4,0
DEM-013881,INS-002,1,0,30,0
DEM-013894,INS-002,1,0,35,0
DEM-013896,INS-002,1,0,35,0
DEM-013897,INS-002,1,0,26,0
DEM-013900,INS-002,1,0,3,0
DEM-013901,INS-002,1,0,0,0
DEM-013909,INS-002,1,0,16,0
DEM-013910,INS-002,1,0,2,0
DEM-013915,INS-002,1,1,90,47083
DEM-013920,INS-002,1,0,31,0
DEM-013924,INS-002,1,0,4,0
DEM-013933,INS-002,1,0,4,0
DEM-013934,INS-002,1,0,4,0
DEM-013936,INS-002,1,0,30,0
DEM-013938,INS-002,1,0,1,0
DEM-013939,INS-002,1,0,4,0
DEM-013950,INS-002,1,0,2,0
DEM-013953,INS-002,1,0,28,0
DEM-013954,INS-002,1,0,4,0
DEM-013955,INS-002,1,0,0,0
DEM-013964,INS-002,0,0,8,0
DEM-013970,INS-002,1,0,20,0
DEM-013975,INS-002,1,0,19,0
DEM-013984,INS-002,1,1,90,26697
DEM-013987,INS-002,1,0,4,0
DEM-014000,INS-002,1,0,4,0
DEM-014001,INS-002,1,0,4,0
DEM-014014,INS-002,1,1,90,24166
DEM-014015,INS-002,1,1,90,9089
DEM-014016,INS-002,1,1,90,8768
DEM-014020,INS-002,1,0,3,0
DEM-014023,INS-002,0,0,4,0
DEM-014025,INS-002,1,0,3,0
DEM-014026,INS-002,1,0,4,0
DEM-014027,INS-002,1,0,27,0
DEM-014035,INS-002,1,0,3,0
DEM-014036,INS-002,1,0,3,0
DEM-014037,INS-002,1,0,4,0
DEM-014039,INS-002,1,0,2,0
DEM-014040,INS-002,1,1,90,31666
DEM-014045,INS-002,1,1,121,43454
DEM-014054,INS-002,1,0,4,0
DEM-014058,INS-002,1,0,0,0
DEM-014062,INS-002,1,0,2,0
DEM-014080,INS-002,1,1,90,28750
DEM-014081,INS-002,0,0,28,0
DEM-014085,INS-002,1,0,4,0
DEM-014090,INS-002,1,0,3,0
DEM-014094,INS-002,1,0,28,0
DEM-014100,INS-002,0,0,4,0
DEM-014104,INS-002,1,0,4,0
DEM-014108,INS-002,1,1,90,10833
DEM-014109,INS-002,1,0,4,0
DEM-014110,INS-002,1,0,0,0
DEM-014113,INS-002,0,0,4,0
DEM-014114,INS-002,1,0,4,0
DEM-014116,INS-002,1,0,4,0
DEM-014118,INS-002,1,0,4,0
DEM-014119,INS-002,1,0,45,0
DEM-014120,INS-002,1,1,90,25153
DEM-014131,INS-002,1,0,4,0
DEM-014132,INS-002,1,0,3,0
DEM-014133,INS-002,1,0,4,0
DEM-014136,INS-002,1,0,4,0
DEM-014137,INS-002,1,0,35,0
DEM-014145,INS-002,1,0,3,0
DEM-014147,INS-002,1,0,0,0
DEM-014157,INS-002,1,0,4,0
DEM-014176,INS-002,1,0,2,0
DEM-014180,INS-002,1,0,4,0
DEM-014181,INS-002,1,0,4,0
DEM-014184,INS-002,1,0,4,0
DEM-014185,INS-002,1,0,28,0
DEM-014189,INS-002,1,0,4,0
DEM-014193,INS-002,1,0,21,0
DEM-014194,INS-002,1,0,2,0
DEM-014195,INS-002,1,0,32,0
DEM-014196,INS-002,1,0,18,0
DEM-014215,INS-002,1,0,3,0
DEM-014219,INS-002,0,0,32,0
DEM-014226,INS-002,1,0,63,0
DEM-014230,INS-002,1,0,4,0
DEM-014232,INS-002,1,0,4,0
DEM-014233,INS-002,1,0,8,0
DEM-014234,INS-002,1,0,28,0
DEM-014235,INS-002,1,0,34,0
DEM-014236,INS-002,1,0,33,0
DEM-014246,INS-002,1,0,4,0
DEM-014247,INS-002,1,0,0,0
DEM-014256,INS-002,1,0,32,0
DEM-014262,INS-002,1,0,0,0
DEM-014266,INS-002,1,0,3,0
DEM-014267,INS-002,1,0,17,0
DEM-014268,INS-002,1,0,3,0
DEM-014272,INS-002,1,0,1,0
DEM-014277,INS-002,1,0,4,0
DEM-014290,INS-002,1,0,4,0
DEM-014291,INS-002,1,1,90,40833
DEM-014292,INS-002,1,0,29,0
DEM-014293,INS-002,1,0,4,0
DEM-014298,INS-002,0,0,12,0
DEM-014299,INS-002,1,0,4,0
DEM-014300,INS-002,1,0,4,0
DEM-014301,INS-002,1,0,4,0
DEM-014306,INS-002,1,0,4,0
DEM-014315,INS-002,1,1,90,28750
DEM-014320,INS-002,1,1,90,9583
DEM-014321,INS-002,1,0,4,0
DEM-014322,INS-002,1,0,4,0
DEM-014323,INS-002,1,0,4,0
DEM-014326,INS-002,1,0,18,0
DEM-014334,INS-002,1,0,3,0
DEM-014335,INS-002,1,0,4,0
DEM-014336,INS-002,0,0,0,0
DEM-014343,INS-002,1,0,2,0
DEM-014345,INS-002,1,0,4,0
DEM-014346,INS-002,1,0,3,0
DEM-014354,INS-002,1,0,28,0
DEM-014355,INS-002,1,0,3,0
DEM-014356,INS-002,1,0,2,0
DEM-014357,INS-002,1,0,0,0
DEM-014359,INS-002,1,1,90,25835
DEM-014370,INS-002,1,0,3,0
DEM-014372,INS-002,1,0,4,0
DEM-014373,INS-002,1,0,3,0
DEM-014374,INS-002,1,0,4,0
DEM-014386,INS-002,1,0,13,0
DEM-014392,INS-002,1,0,3,0
DEM-014395,INS-002,1,0,4,0
DEM-014396,INS-002,1,0,31,0
DEM-014397,INS-002,1,0,30,0
DEM-014400,INS-002,1,0,0,0
DEM-014403,INS-002,1,0,0,0
DEM-014416,INS-002,1,0,4,0
DEM-014418,INS-002,1,0,3,0
DEM-014428,INS-002,1,0,4,0
DEM-014438,INS-002,0,0,4,0
DEM-014462,INS-002,1,0,4,0
DEM-014464,INS-002,1,0,20,0
DEM-014466,INS-002,1,0,4,0
DEM-014475,INS-002,1,0,0,0
DEM-014477,INS-002,1,1,151,82500
DEM-014478,INS-002,0,1,90,42777
DEM-014479,INS-002,1,0,4,0
DEM-014494,INS-002,1,0,34,0
DEM-014495,INS-002,1,1,182,355552
DEM-014497,INS-002,0,0,3,0
DEM-014504,INS-002,1,0,34,0
DEM-014513,INS-002,1,0,3,0
DEM-014518,INS-002,1,0,27,0
DEM-014523,INS-002,1,1,135,108711
DEM-014525,INS-002,1,0,3,0
DEM-014532,INS-002,1,0,1,0
DEM-014535,INS-002,1,0,2,0
DEM-014537,INS-002,1,0,2,0
DEM-014540,INS-002,1,0,3,0
DEM-014541,INS-002,1,0,3,0
DEM-014543,INS-002,1,0,29,0
DEM-014544,INS-002,1,0,11,0
DEM-014545,INS-002,1,0,4,0
DEM-014546,INS-002,1,1,90,2712
DEM-014551,INS-002,1,0,4,0
DEM-014556,INS-002,1,0,4,0
DEM-014557,INS-002,1,0,26,0
DEM-014558,INS-002,1,0,3,0
DEM-014563,INS-002,1,0,4,0
DEM-014566,INS-002,1,0,69,0
DEM-014567,INS-002,1,0,2,0
DEM-014571,INS-002,1,0,29,0
DEM-014574,INS-002,1,0,2,0
DEM-014577,INS-002,1,0,4,0
DEM-014579,INS-002,0,0,0,0
DEM-014583,INS-002,1,0,4,0
DEM-014586,INS-002,1,0,4,0
DEM-014591,INS-002,1,0,28,0
DEM-014595,INS-002,1,0,4,0
DEM-014605,INS-002,1,0,4,0
DEM-014625,INS-002,1,0,35,0
DEM-014626,INS-002,1,1,90,5747
DEM-014630,INS-002,1,0,4,0
DEM-014631,INS-002,1,0,4,0
DEM-014633,INS-002,1,0,35,0
DEM-014636,INS-002,1,0,2,0
DEM-014646,INS-002,1,0,29,0
DEM-014647,INS-002,1,0,19,0
DEM-014649,INS-002,1,0,3,0
DEM-014651,INS-002,1,0,4,0
DEM-014652,INS-002,1,0,4,0
DEM-014663,INS-002,1,0,3,0
DEM-014665,INS-002,1,1,90,17515
DEM-014666,INS-002,1,0,32,0
DEM-014675,INS-002,1,0,4,0
DEM-014676,INS-002,1,0,3,0
DEM-014684,INS-002,1,0,4,0
DEM-014686,INS-002,1,0,4,0
DEM-014687,INS-002,1,0,31,0
DEM-014694,INS-002,1,0,80,0
DEM-014696,INS-002,1,0,0,0
DEM-014698,INS-002,1,0,4,0
DEM-014699,INS-002,1,0,4,0
DEM-014706,INS-002,1,0,4,0
DEM-014707,INS-002,1,0,3,0
DEM-014708,INS-002,1,0,32,0
DEM-014709,INS-002,1,0,2,0
DEM-014714,INS-002,1,1,90,9700
DEM-014723,INS-002,1,0,4,0
DEM-014724,INS-002,1,0,3,0
DEM-014726,INS-002,1,0,0,0
DEM-014728,INS-002,1,0,49,0
DEM-014732,INS-002,1,0,26,0
DEM-014733,INS-002,1,0,4,0
DEM-014734,INS-002,1,0,25,0
DEM-014738,INS-002,1,0,3,0
DEM-014742,INS-002,1,1,90,9587
DEM-014746,INS-002,1,0,4,0
DEM-014748,INS-002,1,0,4,0
DEM-014750,INS-002,1,0,4,0
DEM-014751,INS-002,1,0,3,0
DEM-014755,INS-002,1,1,90,33750
DEM-014762,INS-002,1,0,4,0
DEM-014772,INS-002,1,1,90,41666
DEM-014773,INS-002,1,0,30,0
DEM-014776,INS-002,1,0,4,0
DEM-014779,INS-002,1,1,119,53340
DEM-014781,INS-002,1,1,90,83334
DEM-014783,INS-002,1,0,31,0
DEM-014784,INS-002,1,0,4,0
DEM-014791,INS-002,1,0,0,0
DEM-014792,INS-002,1,1,90,16666
DEM-014794,INS-002,1,0,4,0
DEM-014798,INS-002,1,0,3,0
DEM-014799,INS-002,1,0,33,0
DEM-014800,INS-002,1,0,4,0
DEM-014801,INS-002,1,0,35,0
DEM-014802,INS-002,1,0,0,0
DEM-014806,INS-002,1,0,4,0
DEM-014823,INS-002,1,0,4,0
DEM-014834,INS-002,1,0,4,0
DEM-014839,INS-002,1,0,4,0
DEM-014846,INS-002,1,0,0,0
DEM-014852,INS-002,1,0,4,0
DEM-014853,INS-002,1,0,0,0
DEM-014854,INS-002,1,0,3,0
DEM-014855,INS-002,1,1,90,35998
DEM-014856,INS-002,1,0,4,0
DEM-014865,INS-002,0,0,4,0
DEM-014866,INS-002,1,0,4,0
DEM-014869,INS-002,1,0,30,0
DEM-014872,INS-002,1,0,4,0
DEM-014873,INS-002,1,0,4,0
DEM-014876,INS-002,1,1,90,4036
DEM-014877,INS-002,1,0,28,0
DEM-014878,INS-002,1,0,9,0
DEM-014879,INS-002,1,0,30,0
DEM-014880,INS-002,1,0,1,0
DEM-014881,INS-002,1,0,4,0
DEM-014883,INS-002,1,0,3,0
DEM-014884,INS-002,1,0,0,0
DEM-014889,INS-002,1,0,4,0
DEM-014890,INS-002,1,0,4,0
DEM-014893,INS-002,1,1,90,7459
DEM-014896,INS-002,1,0,4,0
DEM-014905,INS-002,0,0,4,0
DEM-014907,INS-002,1,0,0,0
DEM-014919,INS-002,1,0,28,0
DEM-014932,INS-002,1,0,36,0
DEM-014940,INS-002,1,1,90,13025
DEM-014943,INS-002,1,0,4,0
DEM-014945,INS-002,1,0,4,0
DEM-014953,INS-002,1,0,34,0
DEM-014954,INS-002,1,0,0,0
DEM-014961,INS-002,1,0,0,0
DEM-014966,INS-002,1,0,4,0
DEM-014967,INS-002,0,0,56,0
DEM-014969,INS-002,1,0,30,0
DEM-014976,INS-002,1,0,3,0
DEM-014986,INS-002,1,1,90,27777
DEM-014993,INS-002,1,1,90,9142
DEM-014994,INS-002,1,0,0,0
DEM-014999,INS-002,1,0,4,0
DEM-015001,INS-002,1,0,4,0
DEM-015002,INS-002,1,0,4,0
DEM-015013,INS-002,1,0,3,0
DEM-015016,INS-002,1,0,2,0
DEM-015019,INS-002,1,0,0,0
DEM-015024,INS-002,1,0,3,0
DEM-015030,INS-002,1,0,0,0
DEM-015037,INS-002,1,0,4,0
DEM-015038,INS-002,1,0,4,0
DEM-015039,INS-002,0,0,4,0
DEM-015040,INS-002,1,0,4,0
DEM-015041,INS-002,1,0,27,0
DEM-015045,INS-002,1,0,4,0
DEM-015046,INS-002,1,0,4,0
DEM-015047,INS-002,1,0,4,0
DEM-015048,INS-002,1,1,90,1968
DEM-015050,INS-002,1,0,0,0
DEM-015054,INS-002,1,0,3,0
DEM-015060,INS-002,1,0,4,0
DEM-015062,INS-002,1,0,49,0
DEM-015074,INS-002,0,0,4,0
DEM-015083,INS-002,1,0,4,0
DEM-015086,INS-002,1,0,27,0
DEM-015088,INS-002,1,0,3,0
DEM-015093,INS-002,1,0,8,0
DEM-015094,INS-002,1,1,90,50000
DEM-015095,INS-002,1,1,90,50000
DEM-015100,INS-002,1,0,0,0
DEM-015101,INS-002,1,0,36,0
DEM-015112,INS-002,1,0,2,0
DEM-015138,INS-002,1,0,0,0
DEM-015139,INS-002,1,0,0,0
DEM-015142,INS-002,0,1,90,22500
DEM-015147,INS-002,1,0,10,0
DEM-015150,INS-002,1,0,35,0
DEM-015151,INS-002,1,0,1,0
DEM-015152,INS-002,1,0,3,0
DEM-015153,INS-002,1,0,43,0
DEM-015156,INS-002,1,1,90,42083
DEM-015157,INS-002,0,0,5,0
DEM-015160,INS-002,1,0,4,0
DEM-015164,INS-002,1,0,4,0
DEM-015167,INS-002,1,0,3,0
DEM-015168,INS-002,1,0,2,0
DEM-015169,INS-002,1,0,4,0
DEM-015170,INS-002,1,0,0,0
DEM-015173,INS-002,1,0,3,0
DEM-015176,INS-002,1,0,4,0
DEM-015182,INS-002,1,0,2,0
DEM-015191,INS-002,1,0,34,0
DEM-015196,INS-002,1,0,1,0
DEM-015203,INS-002,1,0,4,0
DEM-015206,INS-002,1,0,4,0
DEM-015209,INS-002,1,0,3,0
DEM-015210,INS-002,1,0,33,0
DEM-015211,INS-002,1,0,0,0
DEM-015213,INS-002,1,0,4,0
DEM-015215,INS-002,1,1,90,11597
DEM-015220,INS-002,1,1,90,17037
DEM-015230,INS-002,1,0,3,0
DEM-015240,INS-002,1,0,4,0
DEM-015241,INS-002,1,0,1,0
DEM-015243,INS-002,1,0,4,0
DEM-015245,INS-002,1,0,1,0
DEM-015246,INS-002,1,0,4,0
DEM-015249,INS-002,1,0,0,0
DEM-015252,INS-002,1,0,3,0
DEM-015254,INS-002,0,0,4,0
DEM-015255,INS-002,0,0,4,0
DEM-015267,INS-002,0,0,3,0
DEM-015271,INS-002,1,0,4,0
DEM-015272,INS-002,1,0,4,0
DEM-015273,INS-002,0,1,90,13888
DEM-015276,INS-002,1,0,4,0
DEM-015277,INS-002,1,0,3,0
DEM-015282,INS-002,0,0,3,0
DEM-015283,INS-002,1,0,4,0
DEM-015284,INS-002,1,0,29,0
DEM-015285,INS-002,1,0,4,0
DEM-015293,INS-002,1,0,4,0
DEM-015296,INS-002,1,0,28,0
DEM-015298,INS-002,1,1,90,8274
DEM-015299,INS-002,1,0,32,0
DEM-015300,INS-002,1,0,0,0
DEM-015305,INS-002,1,0,2,0
DEM-015308,INS-002,1,0,4,0
DEM-015312,INS-002,0,0,16,0
DEM-015313,INS-002,1,0,30,0
DEM-015314,INS-002,1,0,3,0
DEM-015316,INS-002,1,0,64,0
DEM-015319,INS-002,1,0,3,0
DEM-015322,INS-002,1,0,2,0
DEM-015340,INS-002,1,0,21,0
DEM-015343,INS-002,1,1,90,7770
DEM-015344,INS-002,1,0,35,0
DEM-015345,INS-002,1,0,33,0
DEM-015354,INS-002,1,0,1,0
DEM-015355,INS-002,0,0,45,0
DEM-015364,INS-002,1,1,210,50000
DEM-015370,INS-002,1,0,4,0
DEM-015375,INS-002,1,0,25,0
DEM-015385,INS-002,1,0,0,0
DEM-015388,INS-002,1,0,0,0
DEM-015394,INS-002,1,0,10,0
DEM-015395,INS-002,1,0,3,0
DEM-015399,INS-002,1,0,28,0
DEM-015403,INS-002,1,0,33,0
DEM-015415,INS-002,1,0,31,0
DEM-015416,INS-002,1,0,31,0
DEM-015420,INS-002,1,0,4,0
DEM-015421,INS-002,1,0,4,0
DEM-015432,INS-002,1,0,4,0
DEM-015433,INS-002,1,0,4,0
DEM-015447,INS-002,1,0,1,0
DEM-015459,INS-002,1,0,4,0
DEM-015461,INS-002,1,0,8,0
DEM-015462,INS-002,1,0,34,0
DEM-015463,INS-002,0,1,90,8333
DEM-015470,INS-002,1,0,3,0
DEM-015473,INS-002,1,0,4,0
DEM-015474,INS-002,1,0,36,0
DEM-015477,INS-002,1,1,90,20749
DEM-015483,INS-002,1,0,1,0
DEM-015486,INS-002,1,0,3,0
DEM-015487,INS-002,1,1,90,27777
DEM-015492,INS-002,1,0,0,0
DEM-015495,INS-002,1,0,7,0
DEM-015504,INS-002,1,0,4,0
DEM-015513,INS-002,1,0,3,0
DEM-015516,INS-002,1,0,2,0
DEM-015531,INS-002,1,0,2,0
DEM-015535,INS-002,1,0,77,0
DEM-015547,INS-002,1,0,34,0
DEM-015548,INS-002,1,0,4,0
DEM-015552,INS-002,1,0,32,0
DEM-015553,INS-002,1,0,1,0
DEM-015554,INS-002,1,0,19,0
DEM-015560,INS-002,1,0,53,0
DEM-015562,INS-002,1,0,0,0
DEM-015565,INS-002,1,0,28,0
DEM-015567,INS-002,1,0,4,0
DEM-015581,INS-002,1,1,90,8333
DEM-015583,INS-002,1,0,23,0
DEM-015591,INS-002,1,0,4,0
DEM-015597,INS-002,1,1,90,35833
DEM-015602,INS-002,1,0,29,0
DEM-015603,INS-002,1,0,3,0
DEM-015612,INS-002,1,0,0,0
DEM-015615,INS-002,1,0,4,0
DEM-015616,INS-002,1,0,2,0
DEM-015625,INS-002,1,0,4,0
DEM-015627,INS-002,0,0,4,0
DEM-015628,INS-002,1,0,4,0
DEM-015631,INS-002,1,0,10,0
DEM-015633,INS-002,1,0,4,0
DEM-015634,INS-002,1,0,0,0
DEM-015637,INS-002,1,0,4,0
DEM-015638,INS-002,1,0,4,0
DEM-015639,INS-002,1,0,4,0
DEM-015640,INS-002,1,0,0,0
DEM-015647,INS-002,1,0,29,0
DEM-015648,INS-002,0,0,0,0
DEM-015654,INS-002,1,0,1,0
DEM-015661,INS-002,1,0,4,0
DEM-015662,INS-002,0,0,80,0
DEM-015665,INS-002,1,0,28,0
DEM-015667,INS-002,1,0,2,0
DEM-015670,INS-002,0,0,28,0
DEM-015674,INS-002,1,0,1,0
DEM-015679,INS-002,1,0,0,0
DEM-015683,INS-002,1,0,12,0
DEM-015687,INS-002,1,0,2,0
DEM-015689,INS-002,1,0,35,0
DEM-015690,INS-002,1,0,4,0
DEM-015693,INS-002,0,1,90,30000
DEM-015708,INS-002,1,0,3,0
DEM-015709,INS-002,1,0,3,0
DEM-015713,INS-002,1,0,11,0
DEM-015714,INS-002,1,0,35,0
DEM-015716,INS-002,1,0,4,0
DEM-015724,INS-002,0,0,33,0
DEM-015728,INS-002,1,0,4,0
DEM-015739,INS-002,1,0,4,0
DEM-015741,INS-002,1,0,3,0
DEM-015742,INS-002,1,0,21,0
DEM-015759,INS-002,1,0,4,0
DEM-015764,INS-002,1,0,34,0
DEM-015766,INS-002,1,1,121,100000
DEM-015768,INS-002,1,0,75,0
DEM-015770,INS-002,1,0,0,0
DEM-015775,INS-002,1,0,1,0
DEM-015776,INS-002,1,0,59,0
DEM-015781,INS-002,1,1,90,107041
DEM-015787,INS-002,1,0,3,0
DEM-015789,INS-002,1,0,33,0
DEM-015797,INS-002,1,0,9,0
DEM-015798,INS-002,1,0,18,0
DEM-015799,INS-002,0,0,2,0
DEM-015801,INS-002,1,0,4,0
DEM-015820,INS-002,1,0,29,0
DEM-015823,INS-002,1,0,12,0
DEM-015831,INS-002,1,0,3,0
DEM-015840,INS-002,1,0,4,0
DEM-015841,INS-002,0,0,34,0
DEM-015845,INS-002,1,0,3,0
DEM-015848,INS-002,1,1,90,16670
DEM-015849,INS-002,0,0,3,0
DEM-015850,INS-002,1,0,3,0
DEM-015854,INS-002,1,0,3,0
DEM-015856,INS-002,1,0,0,0
DEM-015857,INS-002,1,1,90,3370
DEM-015859,INS-002,1,0,4,0
DEM-015862,INS-002,1,0,18,0
DEM-015869,INS-002,1,1,90,19166
DEM-015870,INS-002,1,0,0,0
DEM-015874,INS-002,1,1,121,103324
DEM-015875,INS-002,1,0,1,0
DEM-015877,INS-002,1,0,5,0
DEM-015885,INS-002,1,1,90,9344
DEM-015886,INS-002,1,0,32,0
DEM-015887,INS-002,1,0,2,0
DEM-015888,INS-002,1,0,0,0
DEM-015893,INS-002,0,0,3,0
DEM-015895,INS-002,1,0,4,0
DEM-015906,INS-002,1,0,57,0
DEM-015908,INS-002,1,0,4,0
DEM-015909,INS-002,1,0,4,0
DEM-015917,INS-002,1,0,4,0
DEM-015922,INS-002,1,0,5,0
DEM-015923,INS-002,0,0,4,0
DEM-015929,INS-002,1,0,4,0
DEM-015930,INS-002,1,0,35,0
DEM-015935,INS-002,1,0,61,0
DEM-015940,INS-002,1,0,0,0
DEM-015942,INS-002,1,0,4,0
DEM-015944,INS-002,1,0,3,0
DEM-015946,INS-002,1,0,60,0
DEM-015949,INS-002,1,0,24,0
DEM-015951,INS-002,1,0,4,0
DEM-015954,INS-002,1,0,4,0
DEM-015955,INS-002,1,0,4,0
DEM-015956,INS-002,1,0,12,0
DEM-015957,INS-002,1,0,2,0
DEM-015958,INS-002,1,0,0,0
DEM-015985,INS-002,1,0,3,0
DEM-015996,INS-002,1,1,151,36143
DEM-015997,INS-002,1,1,90,13333
DEM-015999,INS-002,1,1,92,7538
DEM-016005,INS-002,1,0,4,0
DEM-016013,INS-002,1,0,37,0
DEM-016016,INS-002,1,1,90,27777
DEM-016017,INS-002,1,0,0,0
DEM-016018,INS-002,1,0,29,0
DEM-016019,INS-002,1,0,1,0
DEM-016032,INS-002,1,0,2,0
DEM-016035,INS-002,1,0,4,0
DEM-016036,INS-002,1,0,4,0
DEM-016037,INS-002,1,0,4,0
DEM-016044,INS-002,1,0,0,0
DEM-016047,INS-002,1,0,33,0
DEM-016050,INS-002,1,0,2,0
DEM-016053,INS-002,1,0,0,0
DEM-016055,INS-002,1,0,3,0
DEM-016056,INS-002,1,0,4,0
DEM-016061,INS-002,1,1,90,17364
DEM-016063,INS-002,1,0,35,0
DEM-016068,INS-002,1,0,28,0
DEM-016070,INS-002,1,0,4,0
DEM-016076,INS-002,1,0,4,0
DEM-016078,INS-002,1,1,90,7825
DEM-016079,INS-002,1,0,21,0
DEM-016084,INS-002,1,1,90,8333
DEM-016086,INS-002,1,0,0,0
DEM-016088,INS-002,1,0,30,0
DEM-016089,INS-002,1,0,29,0
DEM-016094,INS-002,1,0,4,0
DEM-016095,INS-002,1,0,1,0
DEM-016103,INS-002,0,1,120,33332
DEM-016107,INS-002,1,1,90,58333
DEM-016112,INS-002,1,0,4,0
DEM-016113,INS-002,1,1,90,9050
DEM-016114,INS-002,1,0,3,0
DEM-016122,INS-002,1,0,4,0
DEM-016124,INS-002,1,0,4,0
DEM-016125,INS-002,1,0,57,0
DEM-016126,INS-002,1,0,3,0
DEM-016127,INS-002,1,0,26,0
DEM-016128,INS-002,1,0,0,0
DEM-016136,INS-002,1,0,4,0
DEM-016144,INS-002,1,0,0,0
DEM-016150,INS-002,1,0,0,0
DEM-016155,INS-002,1,0,12,0
DEM-016156,INS-002,1,0,3,0
DEM-016157,INS-002,1,0,2,0
DEM-016160,INS-002,1,0,1,0
DEM-016161,INS-002,1,0,1,0
DEM-016171,INS-002,1,0,3,0
DEM-016174,INS-002,1,0,4,0
DEM-016180,INS-002,1,0,4,0
DEM-016181,INS-002,1,0,4,0
DEM-016182,INS-002,1,0,2,0
DEM-016185,INS-002,0,1,90,2509
DEM-016186,INS-002,1,0,33,0
DEM-016188,INS-002,1,0,59,0
DEM-016195,INS-002,1,0,4,0
DEM-016205,INS-002,1,0,2,0
DEM-016212,INS-002,1,0,3,0
DEM-016219,INS-002,1,0,17,0
DEM-016229,INS-002,1,0,4,0
DEM-016233,INS-002,1,0,4,0
DEM-016234,INS-002,1,1,90,965
DEM-016236,INS-002,1,0,3,0
DEM-016237,INS-002,1,0,15,0
DEM-016239,INS-002,1,0,0,0
DEM-016244,INS-002,1,0,34,0
DEM-016245,INS-002,1,1,90,4140
DEM-016246,INS-002,0,0,3,0
DEM-016247,INS-002,1,0,4,0
DEM-016249,INS-002,1,0,0,0
DEM-016253,INS-002,1,0,0,0
DEM-016257,INS-002,1,0,4,0
DEM-016259,INS-002,1,0,9,0
DEM-016261,INS-002,1,0,8,0
DEM-016263,INS-002,1,0,4,0
DEM-016271,INS-002,1,0,4,0
DEM-016272,INS-002,1,0,63,0
DEM-016273,INS-002,1,0,0,0
DEM-016275,INS-002,0,0,4,0
DEM-016277,INS-002,1,0,3,0
DEM-016285,INS-002,0,0,4,0
DEM-016286,INS-002,1,0,3,0
DEM-016291,INS-002,1,0,4,0
DEM-016293,INS-002,1,0,3,0
DEM-016298,INS-002,1,1,90,17637
DEM-016299,INS-002,0,0,4,0
DEM-016300,INS-002,1,0,1,0
DEM-016306,INS-002,1,0,4,0
DEM-016310,INS-002,1,0,28,0
DEM-016323,INS-002,1,0,2,0
DEM-016340,INS-002,1,0,31,0
DEM-016346,INS-002,1,0,0,0
DEM-016357,INS-002,0,1,90,66666
DEM-016358,INS-002,1,0,48,0
DEM-016361,INS-002,1,0,18,0
DEM-016364,INS-002,1,0,4,0
DEM-016368,INS-002,1,0,3,0
DEM-016370,INS-002,1,0,32,0
DEM-016371,INS-002,1,0,2,0
DEM-016373,INS-002,0,0,29,0
DEM-016374,INS-002,1,0,2,0
DEM-016378,INS-002,1,0,3,0
DEM-016379,INS-002,1,0,1,0
DEM-016386,INS-002,1,1,90,22916
DEM-016390,INS-002,1,0,4,0
DEM-016391,INS-002,1,1,90,5106
DEM-016392,INS-002,1,0,3,0
DEM-016408,INS-002,1,0,4,0
DEM-016409,INS-002,1,0,18,0
DEM-016413,INS-002,1,0,4,0
DEM-016417,INS-002,1,0,3,0
DEM-016418,INS-002,1,0,11,0
DEM-016421,INS-002,1,0,3,0
DEM-016423,INS-002,1,0,2,0
DEM-016424,INS-002,1,0,0,0
DEM-016428,INS-002,1,0,30,0
DEM-016433,INS-002,1,0,3,0
DEM-016441,INS-002,1,0,4,0
DEM-016446,INS-002,1,1,90,15113
DEM-016447,INS-002,1,0,0,0
DEM-016451,INS-002,0,0,0,0
DEM-016452,INS-002,1,0,4,0
DEM-016453,INS-002,1,1,90,1736
DEM-016456,INS-002,1,0,4,0
DEM-016458,INS-002,0,0,4,0
DEM-016462,INS-002,1,0,33,0
DEM-016465,INS-002,1,0,4,0
DEM-016466,INS-002,1,1,90,11111
DEM-016467,INS-002,1,0,0,0
DEM-016475,INS-002,1,0,0,0
DEM-016477,INS-002,1,0,4,0
DEM-016478,INS-002,0,0,4,0
DEM-016480,INS-002,1,0,3,0
DEM-016481,INS-002,1,0,4,0
DEM-016482,INS-002,1,0,3,0
DEM-016488,INS-002,1,0,4,0
DEM-016489,INS-002,1,0,4,0
DEM-016492,INS-002,1,0,3,0
DEM-016493,INS-002,1,1,90,18135
DEM-016517,INS-002,1,0,3,0
DEM-016520,INS-002,0,0,68,0
DEM-016528,INS-002,1,0,4,0
DEM-016531,INS-002,0,0,0,0
DEM-016535,INS-002,1,0,27,0
DEM-016538,INS-002,1,0,4,0
DEM-016542,INS-002,1,0,4,0
DEM-016543,INS-002,0,0,4,0
DEM-016544,INS-002,1,0,4,0
DEM-016546,INS-002,1,0,4,0
DEM-016558,INS-002,1,0,4,0
DEM-016561,INS-002,1,0,0,0
DEM-016568,INS-002,1,0,3,0
DEM-016574,INS-002,1,0,4,0
DEM-016577,INS-002,1,0,2,0
DEM-016582,INS-002,1,0,4,0
DEM-016591,INS-002,1,0,4,0
DEM-016607,INS-002,1,0,5,0
DEM-016608,INS-002,1,0,4,0
DEM-016615,INS-002,1,0,4,0
DEM-016619,INS-002,1,0,33,0
DEM-016624,INS-002,1,0,4,0
DEM-016625,INS-002,1,0,6,0
DEM-016633,INS-002,1,1,90,14863
DEM-016642,INS-002,1,0,17,0
DEM-016648,INS-002,1,0,0,0
DEM-016650,INS-002,1,0,4,0
DEM-016657,INS-002,1,0,8,0
DEM-016662,INS-002,1,0,3,0
DEM-016664,INS-002,1,0,4,0
DEM-016665,INS-002,1,1,90,16666
DEM-016667,INS-002,1,0,1,0
DEM-016671,INS-002,1,0,3,0
DEM-016672,INS-002,1,0,3,0
DEM-016673,INS-002,1,0,4,0
DEM-016678,INS-002,1,0,3,0
DEM-016683,INS-002,0,0,4,0
DEM-016687,INS-002,1,0,3,0
DEM-016689,INS-002,1,0,3,0
DEM-016691,INS-002,1,1,90,3847
DEM-016693,INS-002,1,0,4,0
DEM-016695,INS-002,1,0,3,0
DEM-016696,INS-002,1,0,4,0
DEM-016704,INS-002,1,0,31,0
DEM-016706,INS-002,1,0,4,0
DEM-016707,INS-002,1,0,0,0
DEM-016710,INS-002,1,0,2,0
DEM-016713,INS-002,1,0,0,0
DEM-016719,INS-002,1,0,2,0
DEM-016723,INS-002,1,0,4,0
DEM-016725,INS-002,1,0,59,0
DEM-016726,INS-002,1,0,4,0
DEM-016732,INS-002,1,0,35,0
DEM-016733,INS-002,1,0,32,0
DEM-016735,INS-002,1,0,4,0
DEM-016737,INS-002,1,0,4,0
DEM-016738,INS-002,1,0,11,0
DEM-016739,INS-002,1,0,0,0
DEM-016742,INS-002,1,0,3,0
DEM-016746,INS-002,0,0,3,0
DEM-016756,INS-002,1,0,4,0
DEM-016758,INS-002,1,0,26,0
DEM-016769,INS-002,1,0,2,0
DEM-016777,INS-002,1,0,4,0
DEM-016779,INS-002,1,0,4,0
DEM-016783,INS-002,1,0,0,0
DEM-016796,INS-002,1,0,31,0
DEM-016800,INS-002,1,0,0,0
DEM-016804,INS-002,1,0,0,0
DEM-016805,INS-002,1,0,0,0
DEM-016819,INS-002,1,0,0,0
DEM-016820,INS-002,1,0,4,0
DEM-016825,INS-002,1,0,3,0
DEM-016830,INS-002,1,0,23,0
DEM-016832,INS-002,1,0,4,0
DEM-016845,INS-002,1,0,2,0
DEM-016852,INS-002,1,0,1,0
DEM-016853,INS-002,1,0,4,0
DEM-016860,INS-002,1,0,25,0
DEM-016866,INS-002,1,0,0,0
DEM-016871,INS-002,1,0,4,0
DEM-016872,INS-002,1,0,4,0
DEM-016875,INS-002,1,0,4,0
DEM-016880,INS-002,1,0,2,0
DEM-016882,INS-002,0,0,1,0
DEM-016883,INS-002,1,0,7,0
DEM-016885,INS-002,1,0,4,0
DEM-016898,INS-002,1,0,32,0
DEM-016899,INS-002,1,0,4,0
DEM-016902,INS-002,1,1,90,6657
DEM-016907,INS-002,1,0,0,0
DEM-016908,INS-002,1,0,4,0
DEM-016912,INS-002,1,0,4,0
DEM-016914,INS-002,1,0,2,0
DEM-016920,INS-002,1,0,4,0
DEM-016922,INS-002,1,0,4,0
DEM-016924,INS-002,1,0,3,0
DEM-016927,INS-002,1,0,0,0
DEM-016928,INS-002,1,0,12,0
DEM-016932,INS-002,0,0,4,0
DEM-016936,INS-002,1,0,30,0
DEM-016937,INS-002,1,1,90,16666
DEM-016940,INS-002,1,0,4,0
DEM-016941,INS-002,1,0,4,0
DEM-016944,INS-002,1,0,19,0
DEM-016946,INS-002,1,0,4,0
DEM-016960,INS-002,1,0,4,0
DEM-016962,INS-002,1,0,4,0
DEM-016963,INS-002,1,0,4,0
DEM-016968,INS-002,1,0,3,0
DEM-016971,INS-002,1,0,0,0
DEM-016974,INS-002,0,0,2,0
DEM-016978,INS-002,1,0,3,0
DEM-016980,INS-002,1,0,0,0
DEM-016986,INS-002,1,0,33,0
DEM-016993,INS-002,0,0,18,0
DEM-016996,INS-002,1,0,3,0
DEM-016997,INS-002,0,0,32,0
DEM-017002,INS-002,1,0,50,0
DEM-017009,INS-002,1,0,4,0
DEM-017010,INS-002,1,1,90,11111
DEM-017012,INS-002,1,0,3,0
DEM-017013,INS-002,1,0,29,0
DEM-017014,INS-002,1,1,90,9363
DEM-017015,INS-002,1,0,0,0
DEM-017018,INS-002,1,0,0,0
DEM-017023,INS-002,1,0,0,0
DEM-017026,INS-002,0,0,3,0
DEM-017028,INS-002,1,0,17,0
DEM-017029,INS-002,1,0,32,0
DEM-017039,INS-002,1,0,32,0
DEM-017045,INS-002,1,1,121,80591
DEM-017048,INS-002,0,0,4,0
DEM-017049,INS-002,1,0,4,0
DEM-017050,INS-002,1,0,4,0
DEM-017052,INS-002,0,1,90,20555
DEM-017058,INS-002,1,0,0,0
DEM-017062,INS-002,1,0,30,0
DEM-017063,INS-002,1,0,1,0
DEM-017064,INS-002,0,0,8,0
DEM-017065,INS-002,1,0,21,0
DEM-017066,INS-002,1,0,0,0
DEM-017070,INS-002,1,0,3,0
DEM-017075,INS-002,1,0,0,0
DEM-017080,INS-002,1,0,4,0
DEM-017081,INS-002,1,0,4,0
DEM-017084,INS-002,1,0,3,0
DEM-017100,INS-002,1,0,4,0
DEM-017115,INS-002,1,0,2,0
DEM-017117,INS-002,1,0,55,0
DEM-017119,INS-002,1,0,4,0
DEM-017129,INS-002,1,0,1,0
DEM-017130,INS-002,1,0,4,0
DEM-017131,INS-002,1,0,0,0
DEM-017133,INS-002,1,0,48,0
DEM-017140,INS-002,1,1,90,55833
DEM-017149,INS-002,1,0,27,0
DEM-017150,INS-002,1,0,3,0
DEM-017151,INS-002,1,0,4,0
DEM-017153,INS-002,1,0,0,0
DEM-017160,INS-002,1,0,4,0
DEM-017171,INS-002,1,0,4,0
DEM-017175,INS-002,1,0,4,0
DEM-017176,INS-002,0,0,26,0
DEM-017180,INS-002,1,0,0,0
DEM-017188,INS-002,0,0,4,0
DEM-017189,INS-002,1,0,18,0
DEM-017199,INS-002,1,0,2,0
DEM-017206,INS-002,1,0,12,0
DEM-017210,INS-002,1,0,2,0
DEM-017211,INS-002,1,0,4,0
DEM-017212,INS-002,1,0,3,0
DEM-017214,INS-002,0,0,4,0
DEM-017217,INS-002,1,1,90,8333
DEM-017219,INS-002,1,0,3,0
DEM-017225,INS-002,0,0,3,0
DEM-017231,INS-002,1,0,0,0
DEM-017232,INS-002,1,1,90,28057
DEM-017234,INS-002,1,0,4,0
DEM-017235,INS-002,1,0,0,0
DEM-017237,INS-002,1,0,3,0
DEM-017238,INS-002,1,0,4,0
DEM-017239,INS-002,1,0,1,0
DEM-017245,INS-002,1,1,90,11111
DEM-017246,INS-002,0,0,30,0
DEM-017247,INS-002,1,0,0,0
DEM-017251,INS-002,1,0,0,0
DEM-017259,INS-002,1,0,23,0
DEM-017260,INS-002,1,0,4,0
DEM-017269,INS-002,1,0,4,0
DEM-017275,INS-002,1,0,4,0
DEM-017277,INS-002,1,0,0,0
DEM-017278,INS-002,1,0,0,0
DEM-017284,INS-002,1,0,2,0
DEM-017287,INS-002,1,0,1,0
DEM-017288,INS-002,1,0,26,0
DEM-017292,INS-002,1,0,4,0
DEM-017305,INS-002,1,0,0,0
DEM-017306,INS-002,1,0,55,0
DEM-017311,INS-002,1,0,4,0
DEM-017315,INS-002,1,0,0,0
DEM-017319,INS-002,1,0,39,0
DEM-017320,INS-002,1,0,0,0
DEM-017323,INS-002,1,1,90,4669
DEM-017324,INS-002,1,0,3,0
DEM-017326,INS-002,1,0,4,0
DEM-017338,INS-002,1,1,90,32916
DEM-017339,INS-002,1,0,3,0
DEM-017340,INS-002,1,0,4,0
DEM-017341,INS-002,1,0,4,0
DEM-017343,INS-002,1,0,0,0
DEM-017349,INS-002,1,0,4,0
DEM-017354,INS-002,1,0,4,0
DEM-017355,INS-002,1,0,72,0
DEM-017357,INS-002,1,0,25,0
DEM-017358,INS-002,1,0,28,0
DEM-017362,INS-002,1,0,0,0
DEM-017371,INS-002,1,0,1,0
DEM-017372,INS-002,1,0,0,0
DEM-017386,INS-002,1,0,4,0
DEM-017390,INS-002,1,1,90,35000
DEM-017391,INS-002,1,0,31,0
DEM-017392,INS-002,1,0,0,0
DEM-017394,INS-002,1,0,4,0
DEM-017396,INS-002,1,0,4,0
DEM-017398,INS-002,1,0,3,0
DEM-017401,INS-002,1,0,4,0
DEM-017402,INS-002,1,0,0,0
DEM-017410,INS-002,1,0,2,0
DEM-017412,INS-002,0,0,34,0
DEM-017413,INS-002,1,0,3,0
DEM-017414,INS-002,1,0,3,0
DEM-017417,INS-002,1,0,4,0
DEM-017418,INS-002,1,0,4,0
DEM-017419,INS-002,1,0,4,0
DEM-017424,INS-002,1,0,4,0
DEM-017426,INS-002,1,0,13,0
DEM-017434,INS-002,0,0,3,0
DEM-017438,INS-002,1,0,2,0
DEM-017439,INS-002,1,0,2,0
DEM-017442,INS-002,1,0,0,0
DEM-017443,INS-002,1,0,4,0
DEM-017444,INS-002,1,0,0,0
DEM-017446,INS-002,1,0,33,0
DEM-017447,INS-002,0,0,3,0
DEM-017451,INS-002,1,0,2,0
DEM-017452,INS-002,1,0,4,0
DEM-017453,INS-002,1,0,25,0
DEM-017460,INS-002,1,0,2,0
DEM-017463,INS-002,1,0,35,0
DEM-017465,INS-002,0,0,53,0
DEM-017466,INS-002,1,0,3,0
DEM-017468,INS-002,1,0,16,0
DEM-017485,INS-002,1,0,0,0
DEM-017486,INS-002,1,0,34,0
DEM-017488,INS-002,1,0,3,0
DEM-017490,INS-002,0,0,0,0
DEM-017491,INS-002,1,0,3,0
DEM-017497,INS-002,1,0,34,0
DEM-017498,INS-002,1,0,4,0
DEM-017499,INS-002,1,0,0,0
DEM-017500,INS-002,1,0,3,0
DEM-017501,INS-002,1,0,0,0
DEM-017502,INS-002,1,1,90,11111
DEM-017503,INS-002,1,0,24,0
DEM-017505,INS-002,1,0,0,0
DEM-017510,INS-002,1,1,90,81111
DEM-017517,INS-002,1,0,0,0
DEM-017520,INS-002,0,0,3,0
DEM-017523,INS-002,1,0,4,0
DEM-017524,INS-002,0,0,34,0
DEM-017525,INS-002,1,0,4,0
DEM-017528,INS-002,1,0,70,0
DEM-017530,INS-002,1,0,3,0
DEM-017538,INS-002,0,0,4,0
DEM-017540,INS-002,1,0,15,0
DEM-017542,INS-002,1,1,118,20832
DEM-017545,INS-002,1,0,19,0
DEM-017546,INS-002,1,0,16,0
DEM-017566,INS-002,0,0,4,0
DEM-017569,INS-002,1,0,29,0
DEM-017571,INS-002,1,0,3,0
DEM-017574,INS-002,1,0,23,0
DEM-017582,INS-002,1,0,3,0
DEM-017584,INS-002,1,0,2,0
DEM-017585,INS-002,0,0,0,0
DEM-017589,INS-002,1,0,4,0
DEM-017593,INS-002,1,0,0,0
DEM-017596,INS-002,1,0,0,0
DEM-017597,INS-002,1,0,3,0
DEM-017599,INS-002,1,0,0,0
DEM-017609,INS-002,1,0,4,0
DEM-017611,INS-002,1,0,0,0
DEM-017614,INS-002,1,0,33,0
DEM-017624,INS-002,1,0,4,0
DEM-017625,INS-002,1,0,4,0
DEM-017631,INS-002,1,0,4,0
DEM-017632,INS-002,1,0,35,0
DEM-017636,INS-002,1,1,90,15555
DEM-017640,INS-002,1,0,26,0
DEM-017644,INS-002,1,1,121,102500
DEM-017646,INS-002,1,0,3,0
DEM-017648,INS-002,1,0,4,0
DEM-017651,INS-002,1,1,90,26666
DEM-017656,INS-002,0,0,4,0
DEM-017662,INS-002,1,0,4,0
DEM-017665,INS-002,1,0,38,0
DEM-017669,INS-002,1,0,3,0
DEM-017674,INS-002,1,0,4,0
DEM-017679,INS-002,1,0,3,0
DEM-017680,INS-002,1,0,2,0
DEM-017684,INS-002,1,0,2,0
DEM-017686,INS-002,1,0,30,0
DEM-017693,INS-002,1,0,2,0
DEM-017695,INS-002,1,0,0,0
DEM-017696,INS-002,1,0,16,0
DEM-017698,INS-002,1,0,4,0
DEM-017711,INS-002,1,0,30,0
DEM-017714,INS-002,1,0,3,0
DEM-017718,INS-002,1,0,3,0
DEM-017724,INS-002,1,0,4,0
DEM-017725,INS-002,1,0,3,0
DEM-017726,INS-002,1,0,3,0
DEM-017727,INS-002,1,0,4,0
DEM-017729,INS-002,1,0,24,0
DEM-017730,INS-002,1,0,1,0
DEM-017742,INS-002,1,0,4,0
DEM-017746,INS-002,1,0,25,0
DEM-017748,INS-002,1,0,2,0
DEM-017749,INS-002,1,0,0,0
DEM-017750,INS-002,1,0,0,0
DEM-017757,INS-002,0,0,3,0
DEM-017759,INS-002,1,0,0,0
DEM-017760,INS-002,1,0,1,0
DEM-017761,INS-002,0,0,4,0
DEM-017763,INS-002,0,0,3,0
DEM-017764,INS-002,1,0,0,0
DEM-017772,INS-002,1,0,4,0
DEM-017774,INS-002,1,0,4,0
DEM-017776,INS-002,1,0,0,0
DEM-017783,INS-002,0,0,0,0
DEM-017787,INS-002,1,0,3,0
DEM-017788,INS-002,1,0,3,0
DEM-017790,INS-002,1,0,3,0
DEM-017791,INS-002,0,0,13,0
DEM-017794,INS-002,1,0,3,0
DEM-017796,INS-002,1,0,0,0
DEM-017802,INS-002,1,0,31,0
DEM-017805,INS-002,1,0,0,0
DEM-017807,INS-002,1,0,0,0
DEM-017810,INS-002,0,0,31,0
DEM-017813,INS-002,1,0,0,0
DEM-017815,INS-002,1,0,3,0
DEM-017820,INS-002,1,0,27,0
DEM-017821,INS-002,1,0,4,0
DEM-017824,INS-002,1,0,32,0
DEM-017831,INS-002,1,0,4,0
DEM-017841,INS-002,1,0,0,0
DEM-017848,INS-002,1,0,2,0
DEM-017849,INS-002,1,0,0,0
DEM-017851,INS-002,1,0,28,0
DEM-017859,INS-002,1,0,4,0
DEM-017860,INS-002,1,0,3,0
DEM-017861,INS-002,1,0,41,0
DEM-017866,INS-002,0,0,4,0
DEM-017867,INS-002,1,0,4,0
DEM-017869,INS-002,1,0,27,0
DEM-017874,INS-002,1,0,32,0
DEM-017876,INS-002,1,0,31,0
DEM-017884,INS-002,1,0,1,0
DEM-017885,INS-002,1,0,4,0
DEM-017888,INS-002,1,0,4,0
DEM-017898,INS-002,1,0,0,0
DEM-017899,INS-002,1,0,3,0
DEM-017900,INS-002,1,0,4,0
DEM-017901,INS-002,1,0,3,0
DEM-017902,INS-002,1,0,21,0
DEM-017905,INS-002,1,0,34,0
DEM-017918,INS-002,0,0,4,0
DEM-017924,INS-002,1,0,28,0
DEM-017925,INS-002,1,0,0,0
DEM-017933,INS-002,0,0,4,0
DEM-017935,INS-002,0,0,4,0
DEM-017942,INS-002,1,0,4,0
DEM-017946,INS-002,0,0,1,0
DEM-017947,INS-002,1,0,3,0
DEM-017948,INS-002,1,0,46,0
DEM-017953,INS-002,1,0,27,0
DEM-017964,INS-002,1,0,2,0
DEM-017971,INS-002,0,0,4,0
DEM-017972,INS-002,1,0,4,0
DEM-017976,INS-002,1,0,0,0
DEM-017977,INS-002,1,0,0,0
DEM-017981,INS-002,1,0,1,0
DEM-017988,INS-002,0,0,4,0
DEM-017989,INS-002,1,0,4,0
DEM-017994,INS-002,1,0,4,0
DEM-017995,INS-002,1,0,2,0
DEM-017999,INS-002,1,0,47,0
DEM-018001,INS-002,1,0,3,0
DEM-018002,INS-002,1,0,28,0
DEM-018003,INS-002,1,0,4,0
DEM-018006,INS-002,1,0,4,0
DEM-018007,INS-002,1,0,4,0
DEM-018008,INS-002,1,1,90,35000
DEM-018010,INS-002,1,0,2,0
DEM-018011,INS-002,1,0,2,0
DEM-018015,INS-002,1,0,3,0
DEM-018020,INS-002,1,0,2,0
DEM-018021,INS-002,1,0,3,0
DEM-018026,INS-002,1,0,4,0
DEM-018029,INS-002,1,0,9,0
DEM-018032,INS-002,1,0,4,0
DEM-018033,INS-002,0,0,1,0
DEM-018034,INS-002,1,1,90,27777
DEM-018040,INS-002,1,0,6,0
DEM-018045,INS-002,0,0,4,0
DEM-018046,INS-002,1,0,4,0
DEM-018047,INS-002,1,0,4,0
DEM-018048,INS-002,1,0,0,0
DEM-018050,INS-002,1,1,120,43368
DEM-018052,INS-002,0,0,4,0
DEM-018057,INS-002,1,0,30,0
DEM-018061,INS-002,1,0,18,0
DEM-018062,INS-002,1,0,4,0
DEM-018065,INS-002,1,0,4,0
DEM-018069,INS-002,1,0,4,0
DEM-018072,INS-002,1,0,24,0
DEM-018074,INS-002,1,0,4,0
DEM-018077,INS-002,1,0,0,0
DEM-018078,INS-002,1,0,3,0
DEM-018088,INS-002,1,0,7,0
DEM-018089,INS-002,1,0,2,0
DEM-018090,INS-002,0,0,31,0
DEM-018092,INS-002,1,0,0,0
DEM-018094,INS-002,1,0,0,0
DEM-018097,INS-002,1,0,4,0
DEM-018102,INS-002,1,0,31,0
DEM-018104,INS-002,1,0,4,0
DEM-018108,INS-002,1,0,45,0
DEM-018112,INS-002,0,0,10,0
DEM-018117,INS-002,1,0,1,0
DEM-018118,INS-002,1,0,4,0
DEM-018130,INS-002,1,0,0,0
DEM-018135,INS-002,1,0,4,0
DEM-018138,INS-002,1,0,4,0
DEM-018141,INS-002,1,0,4,0
DEM-018144,INS-002,1,0,35,0
DEM-018150,INS-002,1,0,24,0
DEM-018160,INS-002,1,0,2,0
DEM-018161,INS-002,1,0,4,0
DEM-018162,INS-002,1,0,3,0
DEM-018164,INS-002,1,0,2,0
DEM-018165,INS-002,1,0,4,0
DEM-018178,INS-002,1,0,2,0
DEM-018183,INS-002,1,0,4,0
DEM-018185,INS-002,1,0,30,0
DEM-018188,INS-002,1,0,4,0
DEM-018189,INS-002,1,0,0,0
DEM-018194,INS-002,1,1,90,18434
DEM-018195,INS-002,1,0,3,0
DEM-018206,INS-002,1,0,4,0
DEM-018207,INS-002,1,0,3,0
DEM-018216,INS-002,1,0,4,0
DEM-018218,INS-002,1,0,31,0
DEM-018221,INS-002,1,0,4,0
DEM-018222,INS-002,1,0,34,0
DEM-018227,INS-002,0,0,35,0
DEM-018229,INS-002,1,0,4,0
DEM-018236,INS-002,1,0,3,0
DEM-018239,INS-002,1,0,4,0
DEM-018243,INS-002,1,0,12,0
DEM-018246,INS-002,0,0,34,0
DEM-018249,INS-002,1,0,3,0
DEM-018251,INS-002,0,0,4,0
DEM-018252,INS-002,1,0,2,0
DEM-018257,INS-002,1,0,2,0
DEM-018259,INS-002,1,0,4,0
DEM-018260,INS-002,1,0,4,0
DEM-018265,INS-002,1,0,3,0
DEM-018267,INS-002,1,0,4,0
DEM-018272,INS-002,1,0,31,0
DEM-018276,INS-002,1,0,0,0
DEM-018278,INS-002,1,0,35,0
DEM-018281,INS-002,1,0,79,0
DEM-018289,INS-002,1,0,0,0
DEM-018291,INS-002,1,0,25,0
DEM-018310,INS-002,1,0,0,0
DEM-018319,INS-002,1,0,4,0
DEM-018330,INS-002,1,0,3,0
DEM-018332,INS-002,0,0,4,0
DEM-018339,INS-002,1,0,2,0
DEM-018343,INS-002,1,0,4,0
DEM-018344,INS-002,1,0,32,0
DEM-018347,INS-002,1,0,4,0
DEM-018351,INS-002,1,0,2,0
DEM-018358,INS-002,1,0,4,0
DEM-018360,INS-002,1,0,27,0
DEM-018366,INS-002,1,0,2,0
DEM-018367,INS-002,1,0,39,0
DEM-018374,INS-002,1,0,4,0
DEM-018375,INS-002,1,0,3,0
DEM-018378,INS-002,1,0,2,0
DEM-018380,INS-002,0,0,4,0
DEM-018381,INS-002,1,0,26,0
DEM-018383,INS-002,1,0,0,0
DEM-018387,INS-002,1,0,4,0
DEM-018388,INS-002,1,0,34,0
DEM-018391,INS-002,0,0,3,0
DEM-018392,INS-002,1,0,1,0
DEM-018395,INS-002,1,0,4,0
DEM-018397,INS-002,1,0,3,0
DEM-018400,INS-002,1,0,4,0
DEM-018401,INS-002,1,0,4,0
DEM-018402,INS-002,1,0,32,0
DEM-018405,INS-002,1,0,8,0
DEM-018408,INS-002,1,0,16,0
DEM-018411,INS-002,1,0,4,0
DEM-018413,INS-002,1,1,90,78333
DEM-018414,INS-002,1,0,3,0
DEM-018415,INS-002,1,0,2,0
DEM-018422,INS-002,1,0,4,0
DEM-018423,INS-002,0,0,4,0
DEM-018424,INS-002,1,0,0,0
DEM-018427,INS-002,1,1,90,17500
DEM-018429,INS-002,1,0,2,0
DEM-018432,INS-002,1,0,4,0
DEM-018437,INS-002,1,0,3,0
DEM-018447,INS-002,1,0,4,0
DEM-018448,INS-002,1,0,3,0
DEM-018452,INS-002,1,0,2,0
DEM-018453,INS-002,1,0,4,0
DEM-018454,INS-002,1,0,31,0
DEM-018465,INS-002,1,0,4,0
DEM-018468,INS-002,1,0,27,0
DEM-018474,INS-002,1,0,2,0
DEM-018482,INS-002,1,0,43,0
DEM-018486,INS-002,1,0,33,0
DEM-018492,INS-002,1,0,35,0
DEM-018493,INS-002,1,0,4,0
DEM-018511,INS-002,1,0,0,0
DEM-018513,INS-002,1,0,4,0
DEM-018523,INS-002,1,0,0,0
DEM-018524,INS-002,1,0,52,0
DEM-018531,INS-002,1,0,0,0
DEM-018533,INS-002,1,0,4,0
DEM-018536,INS-002,1,0,0,0
DEM-018539,INS-002,0,0,3,0
DEM-018540,INS-002,1,0,28,0
DEM-018541,INS-002,1,0,30,0
DEM-018543,INS-002,1,0,23,0
DEM-018551,INS-002,1,0,29,0
DEM-018556,INS-002,1,0,29,0
DEM-018559,INS-002,1,0,2,0
DEM-018561,INS-002,1,0,4,0
DEM-018566,INS-002,1,0,4,0
DEM-018569,INS-002,1,0,4,0
DEM-018579,INS-002,1,0,0,0
DEM-018580,INS-002,1,0,0,0
DEM-018581,INS-002,1,0,3,0
DEM-018585,INS-002,1,0,3,0
DEM-018590,INS-002,1,0,4,0
DEM-018591,INS-002,1,0,33,0
DEM-018593,INS-002,1,0,3,0
DEM-018596,INS-002,1,0,3,0
DEM-018603,INS-002,1,0,2,0
DEM-018604,INS-002,1,0,14,0
DEM-018605,INS-002,1,0,4,0
DEM-018607,INS-002,1,0,67,0
DEM-018611,INS-002,1,0,0,0
DEM-018620,INS-002,1,0,3,0
DEM-018624,INS-002,1,0,2,0
DEM-018628,INS-002,1,0,4,0
DEM-018629,INS-002,1,0,4,0
DEM-018631,INS-002,1,0,0,0
DEM-018635,INS-002,0,1,90,8333
DEM-018636,INS-002,1,0,19,0
DEM-018638,INS-002,1,0,4,0
DEM-018640,INS-002,1,0,0,0
DEM-018641,INS-002,1,0,4,0
DEM-018643,INS-002,1,0,4,0
DEM-018647,INS-002,1,0,29,0
DEM-018655,INS-002,1,0,0,0
DEM-018659,INS-002,0,0,33,0
DEM-018666,INS-002,1,0,16,0
DEM-018667,INS-002,1,0,4,0
DEM-018669,INS-002,1,0,0,0
DEM-018670,INS-002,1,0,0,0
DEM-018674,INS-002,1,0,4,0
DEM-018675,INS-002,1,0,18,0
DEM-018679,INS-002,1,0,4,0
DEM-018680,INS-002,1,0,3,0
DEM-018681,INS-002,1,0,4,0
DEM-018683,INS-002,1,0,4,0
DEM-018684,INS-002,1,0,0,0
DEM-018686,INS-002,1,0,4,0
DEM-018687,INS-002,1,0,0,0
DEM-018694,INS-002,1,0,1,0
DEM-018695,INS-002,1,0,31,0
DEM-018696,INS-002,1,0,4,0
DEM-018697,INS-002,1,0,0,0
DEM-018698,INS-002,1,0,4,0
DEM-018700,INS-002,1,0,14,0
DEM-018701,INS-002,1,0,32,0
DEM-018706,INS-002,1,0,0,0
DEM-018707,INS-002,1,0,4,0
DEM-018711,INS-002,1,0,0,0
DEM-018716,INS-002,1,0,4,0
DEM-018719,INS-002,1,0,3,0
DEM-018727,INS-002,1,0,4,0
DEM-018733,INS-002,1,0,4,0
DEM-018746,INS-002,1,0,30,0
DEM-018748,INS-002,1,0,0,0
DEM-018752,INS-002,1,0,4,0
DEM-018757,INS-002,1,0,4,0
DEM-018761,INS-002,1,0,1,0
DEM-018762,INS-002,1,0,4,0
DEM-018768,INS-002,1,0,0,0
DEM-018770,INS-002,1,0,0,0
DEM-018774,INS-002,0,0,19,0
DEM-018780,INS-002,1,0,4,0
DEM-018786,INS-002,1,0,3,0
DEM-018790,INS-002,1,0,98,0
DEM-018794,INS-002,0,0,30,0
DEM-018799,INS-002,1,0,3,0
DEM-018800,INS-002,1,0,31,0
DEM-018803,INS-002,1,0,4,0
DEM-018807,INS-002,1,0,53,0
DEM-018808,INS-002,0,0,4,0
DEM-018809,INS-002,1,0,4,0
DEM-018813,INS-002,1,0,3,0
DEM-018818,INS-002,1,0,21,0
DEM-018826,INS-002,1,0,61,0
DEM-018830,INS-002,1,0,24,0
DEM-018831,INS-002,0,0,0,0
DEM-018839,INS-002,1,0,0,0
DEM-018840,INS-002,1,0,38,0
DEM-018841,INS-002,1,0,4,0
DEM-018842,INS-002,1,0,4,0
DEM-018844,INS-002,1,0,4,0
DEM-018846,INS-002,1,0,34,0
DEM-018847,INS-002,1,0,33,0
DEM-018858,INS-002,1,0,31,0
DEM-018859,INS-002,1,0,6,0
DEM-018860,INS-002,1,0,4,0
DEM-018861,INS-002,1,0,3,0
DEM-018867,INS-002,1,0,3,0
DEM-018872,INS-002,1,0,3,0
DEM-018874,INS-002,1,0,4,0
DEM-018875,INS-002,1,0,2,0
DEM-018876,INS-002,1,0,33,0
DEM-018878,INS-002,1,0,0,0
DEM-018879,INS-002,1,0,0,0
DEM-018887,INS-002,1,0,4,0
DEM-018894,INS-002,1,0,4,0
DEM-018898,INS-002,0,0,3,0
DEM-018902,INS-002,1,0,4,0
DEM-018903,INS-002,1,0,0,0
DEM-018909,INS-002,1,0,7,0
DEM-018910,INS-002,1,0,3,0
DEM-018918,INS-002,1,0,30,0
DEM-018919,INS-002,1,1,90,100833
DEM-018920,INS-002,1,0,4,0
DEM-018922,INS-002,1,0,4,0
DEM-018923,INS-002,1,1,121,61028
DEM-018926,INS-002,1,0,4,0
DEM-018927,INS-002,1,0,0,0
DEM-018931,INS-002,1,0,6,0
DEM-018935,INS-002,1,0,2,0
DEM-018936,INS-002,0,0,3,0
DEM-018937,INS-002,0,0,33,0
DEM-018940,INS-002,1,0,3,0
DEM-018945,INS-002,1,0,31,0
DEM-018946,INS-002,1,0,27,0
DEM-018954,INS-002,1,0,0,0
DEM-018955,INS-002,1,0,0,0
DEM-018961,INS-002,1,0,3,0
DEM-018962,INS-002,1,0,0,0
DEM-018966,INS-002,0,0,2,0
DEM-018967,INS-002,1,0,61,0
DEM-018981,INS-002,1,0,32,0
DEM-018982,INS-002,1,0,2,0
DEM-018983,INS-002,1,0,58,0
DEM-018989,INS-002,1,0,4,0
DEM-018990,INS-002,0,0,4,0
DEM-018991,INS-002,1,0,0,0
DEM-018992,INS-002,1,0,0,0
DEM-018995,INS-002,0,0,67,0
DEM-018998,INS-002,1,0,13,0
DEM-019005,INS-002,1,0,0,0
DEM-019010,INS-002,1,0,16,0
DEM-019013,INS-002,1,0,0,0
DEM-019016,INS-002,1,0,0,0
DEM-019017,INS-002,1,0,29,0
DEM-019020,INS-002,1,0,0,0
DEM-019021,INS-002,1,0,27,0
DEM-019025,INS-002,1,0,3,0
DEM-019026,INS-002,1,0,2,0
DEM-019027,INS-002,0,0,4,0
DEM-019032,INS-002,0,0,0,0
DEM-019037,INS-002,0,0,38,0
DEM-019039,INS-002,1,0,18,0
DEM-019040,INS-002,1,0,0,0
DEM-019042,INS-002,1,0,0,0
DEM-019043,INS-002,1,0,0,0
DEM-019046,INS-002,1,0,10,0
DEM-019053,INS-002,1,0,1,0
DEM-019057,INS-002,1,0,4,0
DEM-019060,INS-002,1,0,3,0
DEM-019062,INS-002,1,0,4,0
DEM-019069,INS-002,1,0,0,0
DEM-019072,INS-002,1,0,3,0
DEM-019076,INS-002,1,0,1,0
DEM-019086,INS-002,1,0,0,0
DEM-019095,INS-002,1,0,4,0
DEM-019097,INS-002,0,0,1,0
DEM-019102,INS-002,1,0,3,0
DEM-019107,INS-002,0,0,53,0
DEM-019108,INS-002,1,0,28,0
DEM-019110,INS-002,1,0,0,0
DEM-019116,INS-002,0,0,4,0
DEM-019117,INS-002,0,0,0,0
DEM-019118,INS-002,1,0,4,0
DEM-019123,INS-002,1,0,4,0
DEM-019128,INS-002,1,0,4,0
DEM-019134,INS-002,1,0,1,0
DEM-019136,INS-002,1,0,3,0
DEM-019138,INS-002,1,0,4,0
DEM-019139,INS-002,1,0,4,0
DEM-019141,INS-002,1,0,4,0
DEM-019143,INS-002,1,0,2,0
DEM-019144,INS-002,1,0,3,0
DEM-019145,INS-002,1,0,17,0
DEM-019157,INS-002,1,0,15,0
DEM-019161,INS-002,1,0,1,0
DEM-019162,INS-002,1,0,3,0
DEM-019163,INS-002,1,0,0,0
DEM-019167,INS-002,0,0,4,0
DEM-019172,INS-002,1,0,0,0
DEM-019173,INS-002,1,0,4,0
DEM-019179,INS-002,0,0,58,0
DEM-019180,INS-002,1,0,4,0
DEM-019182,INS-002,1,0,4,0
DEM-019183,INS-002,1,0,0,0
DEM-019187,INS-002,1,0,0,0
DEM-019193,INS-002,1,0,17,0
DEM-019197,INS-002,1,0,31,0
DEM-019202,INS-002,1,0,0,0
DEM-019204,INS-002,1,0,4,0
DEM-019205,INS-002,1,0,3,0
DEM-019207,INS-002,1,0,0,0
DEM-019208,INS-002,1,0,0,0
DEM-019214,INS-002,1,0,0,0
DEM-019216,INS-002,1,0,0,0
DEM-019217,INS-002,1,0,2,0
DEM-019220,INS-002,1,0,4,0
DEM-019223,INS-002,1,0,3,0
DEM-019227,INS-002,1,0,4,0
DEM-019228,INS-002,1,0,4,0
DEM-019235,INS-002,1,0,4,0
DEM-019238,INS-002,1,0,31,0
DEM-019241,INS-002,1,0,0,0
DEM-019247,INS-002,1,0,23,0
DEM-019248,INS-002,1,0,34,0
DEM-019249,INS-002,1,0,3,0
DEM-019250,INS-002,1,0,0,0
DEM-019252,INS-002,1,0,8,0
DEM-019254,INS-002,1,0,4,0
DEM-019256,INS-002,1,0,0,0
DEM-019259,INS-002,1,0,0,0
DEM-019265,INS-002,1,0,31,0
DEM-019268,INS-002,1,0,30,0
DEM-019273,INS-002,1,0,3,0
DEM-019274,INS-002,1,0,23,0
DEM-019280,INS-002,1,0,34,0
DEM-019285,INS-002,1,0,48,0
DEM-019287,INS-002,1,0,4,0
DEM-019288,INS-002,1,0,0,0
DEM-019289,INS-002,1,0,65,0
DEM-019291,INS-002,1,0,2,0
DEM-019294,INS-002,1,0,0,0
DEM-019303,INS-002,1,0,27,0
DEM-019304,INS-002,1,0,1,0
DEM-019312,INS-002,0,0,1,0
DEM-019314,INS-002,1,0,0,0
DEM-019315,INS-002,1,0,60,0
DEM-019316,INS-002,1,0,30,0
DEM-019317,INS-002,1,0,0,0
DEM-019318,INS-002,1,0,3,0
DEM-019326,INS-002,1,0,22,0
DEM-019327,INS-002,1,0,0,0
DEM-019328,INS-002,1,0,0,0
DEM-019331,INS-002,1,0,0,0
DEM-019334,INS-002,1,0,3,0
DEM-019335,INS-002,1,0,0,0
DEM-019340,INS-002,1,0,4,0
DEM-019349,INS-002,1,0,1,0
DEM-019350,INS-002,1,0,31,0
DEM-019351,INS-002,1,0,4,0
DEM-019352,INS-002,1,0,4,0
DEM-019354,INS-002,1,0,9,0
DEM-019356,INS-002,1,0,3,0
DEM-019360,INS-002,1,0,0,0
DEM-019362,INS-002,1,0,3,0
DEM-019363,INS-002,1,0,3,0
DEM-019366,INS-002,1,0,3,0
DEM-019367,INS-002,1,0,2,0
DEM-019378,INS-002,1,1,90,8333
DEM-019381,INS-002,1,0,4,0
DEM-019384,INS-002,1,0,3,0
DEM-019387,INS-002,1,0,49,0
DEM-019391,INS-002,1,0,0,0
DEM-019393,INS-002,1,0,9,0
DEM-019399,INS-002,1,0,4,0
DEM-019400,INS-002,0,0,2,0
DEM-019403,INS-002,1,0,0,0
DEM-019408,INS-002,1,0,3,0
DEM-019409,INS-002,0,0,1,0
DEM-019410,INS-002,0,0,1,0
DEM-019412,INS-002,1,0,0,0
DEM-019415,INS-002,1,0,3,0
DEM-019419,INS-002,1,0,4,0
DEM-019420,INS-002,1,0,2,0
DEM-019428,INS-002,1,0,4,0
DEM-019429,INS-002,1,0,4,0
DEM-019430,INS-002,1,0,4,0
DEM-019431,INS-002,1,0,0,0
DEM-019432,INS-002,1,0,52,0
DEM-019433,INS-002,1,0,0,0
DEM-019436,INS-002,1,0,40,0
DEM-019438,INS-002,1,0,3,0
DEM-019439,INS-002,1,0,3,0
DEM-019441,INS-002,1,0,28,0
DEM-019443,INS-002,1,0,0,0
DEM-019450,INS-002,1,0,1,0
DEM-019463,INS-002,1,0,3,0
DEM-019464,INS-002,1,0,3,0
DEM-019465,INS-002,1,0,25,0
DEM-019466,INS-002,1,0,0,0
DEM-019470,INS-002,1,0,0,0
DEM-019471,INS-002,1,0,0,0
DEM-019472,INS-002,1,0,0,0
DEM-019475,INS-002,1,0,30,0
DEM-019476,INS-002,1,0,0,0
DEM-019477,INS-002,1,0,34,0
DEM-019484,INS-002,1,0,1,0
DEM-019488,INS-002,1,0,4,0
DEM-019489,INS-002,1,0,0,0
DEM-019492,INS-002,1,0,4,0
DEM-019496,INS-002,1,0,10,0
DEM-019499,INS-002,1,0,0,0
DEM-019500,INS-002,1,0,1,0
DEM-019504,INS-002,1,0,49,0
DEM-019508,INS-002,1,0,0,0
DEM-019509,INS-002,1,0,63,0
DEM-019513,INS-002,1,0,0,0
DEM-019514,INS-002,1,0,16,0
DEM-019517,INS-002,1,0,33,0
DEM-019520,INS-002,1,0,0,0
DEM-019522,INS-002,1,0,60,0
DEM-019523,INS-002,1,0,0,0
DEM-019525,INS-002,1,0,0,0
DEM-019526,INS-002,1,0,2,0
DEM-019530,INS-002,1,0,2,0
DEM-019531,INS-002,1,0,3,0
DEM-019532,INS-002,1,0,4,0
DEM-019542,INS-002,1,0,0,0
DEM-019544,INS-002,1,0,0,0
DEM-019548,INS-002,1,0,1,0
DEM-019549,INS-002,1,0,4,0
DEM-019551,INS-002,1,0,2,0
DEM-019556,INS-002,1,0,0,0
DEM-019562,INS-002,1,0,4,0
DEM-019565,INS-002,1,0,1,0
DEM-019569,INS-002,0,0,3,0
DEM-019576,INS-002,1,0,10,0
DEM-019577,INS-002,1,0,2,0
DEM-019579,INS-002,1,0,2,0
DEM-019580,INS-002,1,0,4,0
DEM-019582,INS-002,1,0,0,0
DEM-019583,INS-002,0,0,60,0
DEM-019591,INS-002,1,0,0,0
DEM-019592,INS-002,1,0,4,0
DEM-019593,INS-002,0,0,0,0
DEM-019595,INS-002,1,0,0,0
DEM-019596,INS-002,0,0,0,0
DEM-019599,INS-002,1,0,4,0
DEM-019601,INS-002,1,0,4,0
DEM-019604,INS-002,1,0,0,0
DEM-019606,INS-002,1,0,3,0
DEM-019609,INS-002,1,0,0,0
DEM-019613,INS-002,1,0,25,0
DEM-019622,INS-002,0,0,3,0
DEM-019623,INS-002,1,0,2,0
DEM-019624,INS-002,1,0,0,0
DEM-019633,INS-002,1,0,4,0
DEM-019635,INS-002,1,0,0,0
DEM-019638,INS-002,1,0,6,0
DEM-019640,INS-002,1,0,4,0
DEM-019651,INS-002,1,0,0,0
DEM-019655,INS-002,1,0,0,0
DEM-019663,INS-002,1,0,0,0
DEM-019664,INS-002,1,0,14,0
DEM-019671,INS-002,1,0,0,0
DEM-019672,INS-002,1,0,1,0
DEM-019674,INS-002,1,0,0,0
DEM-019679,INS-002,1,0,0,0
DEM-019680,INS-002,1,0,0,0
DEM-019683,INS-002,1,0,4,0
DEM-019684,INS-002,1,0,3,0
DEM-019687,INS-002,1,0,0,0
DEM-019694,INS-002,1,0,4,0
DEM-019696,INS-002,1,0,0,0
DEM-019698,INS-002,1,0,2,0
DEM-019704,INS-002,0,0,0,0
DEM-019705,INS-002,1,0,0,0
DEM-019708,INS-002,1,0,2,0
DEM-019711,INS-002,1,0,0,0
DEM-019717,INS-002,1,0,2,0
DEM-019725,INS-003,1,1,90,66672
DEM-019729,INS-003,1,0,4,0
DEM-019731,INS-003,1,0,4,0
DEM-019734,INS-003,0,0,4,0
DEM-019735,INS-003,1,0,3,0
DEM-019742,INS-003,1,0,33,0
DEM-019756,INS-003,1,0,3,0
DEM-019760,INS-003,1,0,3,0
DEM-019764,INS-003,1,0,4,0
DEM-019770,INS-003,1,0,3,0
DEM-019774,INS-003,1,0,4,0
DEM-019780,INS-003,1,0,4,0
DEM-019784,INS-003,1,0,4,0
DEM-019785,INS-003,1,0,4,0
DEM-019786,INS-003,1,0,4,0
DEM-019789,INS-003,1,0,33,0
DEM-019791,INS-003,1,0,13,0
DEM-019792,INS-003,1,0,4,0
DEM-019800,INS-003,0,0,20,0
DEM-019801,INS-003,1,0,4,0
DEM-019807,INS-003,1,0,4,0
DEM-019808,INS-003,1,0,4,0
DEM-019819,INS-003,1,1,90,83339
DEM-019821,INS-003,1,0,3,0
DEM-019822,INS-003,1,0,4,0
DEM-019828,INS-003,1,0,17,0
DEM-019829,INS-003,1,0,31,0
DEM-019830,INS-003,1,0,4,0
DEM-019832,INS-003,1,0,31,0
DEM-019838,INS-003,1,0,4,0
DEM-019840,INS-003,1,0,3,0
DEM-019850,INS-003,1,0,4,0
DEM-019851,INS-003,1,0,2,0
DEM-019854,INS-003,1,0,4,0
DEM-019860,INS-003,1,0,4,0
DEM-019862,INS-003,1,0,4,0
DEM-019864,INS-003,1,0,4,0
DEM-019866,INS-003,1,0,23,0
DEM-019870,INS-003,1,0,4,0
DEM-019871,INS-003,1,0,3,0
DEM-019872,INS-003,1,0,32,0
DEM-019873,INS-003,1,0,4,0
DEM-019876,INS-003,1,0,35,0
DEM-019896,INS-003,1,0,4,0
DEM-019897,INS-003,1,0,32,0
DEM-019902,INS-003,1,0,23,0
DEM-019905,INS-003,1,0,1,0
DEM-019931,INS-003,1,0,4,0
DEM-019932,INS-003,1,0,32,0
DEM-019934,INS-003,1,1,90,41670
DEM-019935,INS-003,0,0,27,0
DEM-019936,INS-003,1,1,151,58265
DEM-019938,INS-003,1,0,57,0
DEM-019939,INS-003,1,0,31,0
DEM-019940,INS-003,1,0,4,0
DEM-019941,INS-003,1,0,0,0
DEM-019948,INS-003,1,0,4,0
DEM-019949,INS-003,1,0,3,0
DEM-019952,INS-003,1,0,3,0
DEM-019980,INS-003,1,0,4,0
DEM-019988,INS-003,1,0,9,0
DEM-019989,INS-003,1,0,32,0
DEM-019991,INS-003,1,0,32,0
DEM-019996,INS-003,1,0,3,0
DEM-019997,INS-003,1,0,0,0
DEM-020002,INS-003,1,0,4,0
DEM-020005,INS-003,0,0,2,0
DEM-020007,INS-003,1,0,4,0
DEM-020019,INS-003,1,0,4,0
DEM-020026,INS-003,1,0,3,0
DEM-020036,INS-003,1,0,3,0
DEM-020047,INS-003,1,0,3,0
DEM-020048,INS-003,1,0,1,0
DEM-020055,INS-003,0,0,24,0
DEM-020056,INS-003,1,0,4,0
DEM-020059,INS-003,1,1,90,45448
DEM-020064,INS-003,1,0,4,0
DEM-020065,INS-003,1,1,90,125000
DEM-020083,INS-003,1,0,34,0
DEM-020086,INS-003,1,1,90,68750
DEM-020087,INS-003,1,0,35,0
DEM-020089,INS-003,1,0,27,0
DEM-020091,INS-003,1,0,0,0
DEM-020097,INS-003,1,0,4,0
DEM-020099,INS-003,1,0,32,0
DEM-020100,INS-003,1,0,4,0
DEM-020104,INS-003,1,0,3,0
DEM-020105,INS-003,1,0,25,0
DEM-020107,INS-003,1,0,4,0
DEM-020113,INS-003,1,0,30,0
DEM-020114,INS-003,1,0,4,0
DEM-020128,INS-003,1,0,32,0
DEM-020132,INS-003,1,0,3,0
DEM-020135,INS-003,1,1,90,39145
DEM-020136,INS-003,0,0,29,0
DEM-020141,INS-003,1,0,31,0
DEM-020148,INS-003,1,0,3,0
DEM-020153,INS-003,1,0,2,0
DEM-020155,INS-003,1,0,4,0
DEM-020158,INS-003,1,0,4,0
DEM-020166,INS-003,0,0,32,0
DEM-020168,INS-003,1,0,4,0
DEM-020169,INS-003,1,0,4,0
DEM-020177,INS-003,1,0,3,0
DEM-020180,INS-003,1,0,4,0
DEM-020182,INS-003,1,0,4,0
DEM-020191,INS-003,1,1,90,12283
DEM-020193,INS-003,1,0,4,0
DEM-020196,INS-003,1,0,0,0
DEM-020199,INS-003,1,1,90,42083
DEM-020210,INS-003,1,0,4,0
DEM-020211,INS-003,1,0,2,0
DEM-020214,INS-003,1,0,0,0
DEM-020222,INS-003,0,0,4,0
DEM-020224,INS-003,1,1,90,10241
DEM-020235,INS-003,0,0,19,0
DEM-020237,INS-003,1,0,35,0
DEM-020238,INS-003,1,0,27,0
DEM-020240,INS-003,1,0,0,0
DEM-020245,INS-003,1,0,4,0
DEM-020248,INS-003,1,0,27,0
DEM-020249,INS-003,0,0,26,0
DEM-020250,INS-003,1,1,118,48332
DEM-020251,INS-003,1,1,90,12901
DEM-020252,INS-003,1,0,1,0
DEM-020253,INS-003,1,0,4,0
DEM-020255,INS-003,1,0,4,0
DEM-020257,INS-003,1,0,1,0
DEM-020259,INS-003,1,0,3,0
DEM-020263,INS-003,1,0,4,0
DEM-020264,INS-003,1,0,35,0
DEM-020267,INS-003,1,0,33,0
DEM-020268,INS-003,1,0,4,0
DEM-020269,INS-003,1,0,30,0
DEM-020270,INS-003,1,0,3,0
DEM-020273,INS-003,1,0,4,0
DEM-020275,INS-003,1,0,3,0
DEM-020278,INS-003,1,0,3,0
DEM-020280,INS-003,1,0,3,0
DEM-020285,INS-003,1,0,4,0
DEM-020312,INS-003,1,0,2,0
DEM-020313,INS-003,1,0,30,0
DEM-020318,INS-003,1,0,0,0
DEM-020323,INS-003,1,0,4,0
DEM-020327,INS-003,1,0,3,0
DEM-020328,INS-003,1,0,33,0
DEM-020330,INS-003,1,0,34,0
DEM-020333,INS-003,1,0,35,0
DEM-020346,INS-003,1,0,3,0
DEM-020347,INS-003,1,1,90,27777
DEM-020348,INS-003,0,1,90,19166
DEM-020349,INS-003,1,1,90,22222
DEM-020350,INS-003,1,1,121,80832
DEM-020351,INS-003,1,0,45,0
DEM-020358,INS-003,1,0,3,0
DEM-020363,INS-003,1,1,90,41666
DEM-020370,INS-003,0,0,37,0
DEM-020371,INS-003,1,0,3,0
DEM-020374,INS-003,1,0,2,0
DEM-020384,INS-003,1,0,4,0
DEM-020387,INS-003,1,0,4,0
DEM-020394,INS-003,1,0,4,0
DEM-020396,INS-003,1,0,4,0
DEM-020402,INS-003,1,0,4,0
DEM-020408,INS-003,1,1,90,8936
DEM-020409,INS-003,1,0,4,0
DEM-020411,INS-003,1,0,21,0
DEM-020417,INS-003,1,0,4,0
DEM-020419,INS-003,1,0,4,0
DEM-020422,INS-003,1,0,31,0
DEM-020430,INS-003,1,0,4,0
DEM-020433,INS-003,1,0,3,0
DEM-020447,INS-003,1,0,3,0
DEM-020454,INS-003,1,0,4,0
DEM-020462,INS-003,0,0,4,0
DEM-020464,INS-003,1,1,90,53795
DEM-020476,INS-003,1,0,2,0
DEM-020479,INS-003,1,0,3,0
DEM-020482,INS-003,1,0,4,0
DEM-020484,INS-003,1,0,0,0
DEM-020500,INS-003,1,0,4,0
DEM-020502,INS-003,1,0,4,0
DEM-020503,INS-003,1,0,2,0
DEM-020504,INS-003,1,0,4,0
DEM-020505,INS-003,1,0,4,0
DEM-020510,INS-003,1,0,4,0
DEM-020511,INS-003,1,1,90,22843
DEM-020512,INS-003,1,0,2,0
DEM-020513,INS-003,1,0,4,0
DEM-020524,INS-003,0,0,3,0
DEM-020527,INS-003,1,0,3,0
DEM-020532,INS-003,1,0,4,0
DEM-020535,INS-003,1,0,4,0
DEM-020537,INS-003,0,0,4,0
DEM-020539,INS-003,0,0,3,0
DEM-020540,INS-003,1,0,4,0
DEM-020541,INS-003,1,0,4,0
DEM-020545,INS-003,1,1,90,30597
DEM-020546,INS-003,1,0,4,0
DEM-020552,INS-003,1,0,4,0
DEM-020558,INS-003,1,0,4,0
DEM-020562,INS-003,1,0,4,0
DEM-020566,INS-003,1,0,0,0
DEM-020576,INS-003,1,0,4,0
DEM-020584,INS-003,1,0,20,0
DEM-020590,INS-003,1,0,4,0
DEM-020595,INS-003,1,1,90,125000
DEM-020599,INS-003,1,0,4,0
DEM-020601,INS-003,1,0,4,0
DEM-020604,INS-003,1,0,3,0
DEM-020605,INS-003,1,0,3,0
DEM-020606,INS-003,1,0,3,0
DEM-020607,INS-003,1,0,2,0
DEM-020610,INS-003,1,0,4,0
DEM-020616,INS-003,1,0,4,0
DEM-020619,INS-003,1,0,4,0
DEM-020620,INS-003,1,0,35,0
DEM-020626,INS-003,1,0,3,0
DEM-020644,INS-003,1,0,2,0
DEM-020649,INS-003,1,0,3,0
DEM-020650,INS-003,1,0,16,0
DEM-020665,INS-003,1,0,3,0
DEM-020675,INS-003,1,0,4,0
DEM-020676,INS-003,1,0,4,0
DEM-020678,INS-003,1,0,3,0
DEM-020679,INS-003,1,0,35,0
DEM-020685,INS-003,1,0,4,0
DEM-020686,INS-003,1,0,4,0
DEM-020687,INS-003,1,0,0,0
DEM-020691,INS-003,1,0,3,0
DEM-020706,INS-003,1,1,151,145003
DEM-020709,INS-003,1,0,2,0
DEM-020710,INS-003,1,0,4,0
DEM-020714,INS-003,1,1,90,10208
DEM-020715,INS-003,1,0,4,0
DEM-020719,INS-003,1,0,32,0
DEM-020721,INS-003,1,0,32,0
DEM-020722,INS-003,1,0,4,0
DEM-020723,INS-003,1,0,3,0
DEM-020724,INS-003,1,1,90,10000
DEM-020725,INS-003,1,0,3,0
DEM-020726,INS-003,1,0,23,0
DEM-020728,INS-003,0,0,4,0
DEM-020729,INS-003,1,0,4,0
DEM-020730,INS-003,1,1,90,10000
DEM-020731,INS-003,1,0,28,0
DEM-020732,INS-003,1,0,19,0
DEM-020737,INS-003,0,0,30,0
DEM-020741,INS-003,1,0,3,0
DEM-020746,INS-003,1,0,4,0
DEM-020747,INS-003,1,0,4,0
DEM-020751,INS-003,1,0,3,0
DEM-020752,INS-003,1,0,3,0
DEM-020753,INS-003,1,1,90,18959
DEM-020755,INS-003,1,0,4,0
DEM-020758,INS-003,1,1,90,45000
DEM-020759,INS-003,1,0,4,0
DEM-020760,INS-003,1,0,4,0
DEM-020762,INS-003,1,0,31,0
DEM-020763,INS-003,1,0,28,0
DEM-020764,INS-003,1,0,3,0
DEM-020765,INS-003,1,0,4,0
DEM-020769,INS-003,1,0,4,0
DEM-020777,INS-003,1,0,24,0
DEM-020779,INS-003,1,1,90,35000
DEM-020785,INS-003,1,0,1,0
DEM-020791,INS-003,1,0,4,0
DEM-020792,INS-003,0,0,29,0
DEM-020793,INS-003,1,0,3,0
DEM-020795,INS-003,1,0,3,0
DEM-020804,INS-003,1,0,3,0
DEM-020805,INS-003,1,0,4,0
DEM-020807,INS-003,1,0,22,0
DEM-020811,INS-003,1,0,4,0
DEM-020813,INS-003,1,0,4,0
DEM-020814,INS-003,1,0,4,0
DEM-020816,INS-003,1,0,4,0
DEM-020819,INS-003,1,0,9,0
DEM-020820,INS-003,1,0,0,0
DEM-020835,INS-003,1,0,17,0
DEM-020837,INS-003,1,0,5,0
DEM-020838,INS-003,1,0,1,0
DEM-020839,INS-003,1,0,3,0
DEM-020840,INS-003,1,0,4,0
DEM-020842,INS-003,1,0,4,0
DEM-020847,INS-003,0,0,4,0
DEM-020848,INS-003,1,0,1,0
DEM-020852,INS-003,1,0,30,0
DEM-020853,INS-003,1,0,4,0
DEM-020854,INS-003,1,0,4,0
DEM-020862,INS-003,1,1,90,9396
DEM-020863,INS-003,1,1,90,6899
DEM-020864,INS-003,1,0,4,0
DEM-020865,INS-003,0,0,4,0
DEM-020866,INS-003,1,0,4,0
DEM-020867,INS-003,1,1,90,50000
DEM-020870,INS-003,1,1,121,55000
DEM-020885,INS-003,1,0,4,0
DEM-020891,INS-003,1,0,4,0
DEM-020892,INS-003,0,0,4,0
DEM-020897,INS-003,1,1,90,68771
DEM-020903,INS-003,1,0,4,0
DEM-020904,INS-003,1,0,4,0
DEM-020906,INS-003,0,0,1,0
DEM-020907,INS-003,1,0,4,0
DEM-020908,INS-003,1,0,3,0
DEM-020915,INS-003,1,0,4,0
DEM-020916,INS-003,0,0,3,0
DEM-020919,INS-003,1,0,4,0
DEM-020927,INS-003,1,1,90,77916
DEM-020939,INS-003,1,0,4,0
DEM-020940,INS-003,1,0,30,0
DEM-020943,INS-003,1,0,4,0
DEM-020961,INS-003,1,0,4,0
DEM-020976,INS-003,1,1,90,27500
DEM-020977,INS-003,0,0,3,0
DEM-020982,INS-003,1,0,3,0
DEM-020984,INS-003,1,0,4,0
DEM-020988,INS-003,1,0,1,0
DEM-020989,INS-003,1,0,0,0
DEM-020995,INS-003,1,0,4,0
DEM-020998,INS-003,1,0,0,0
DEM-020999,INS-003,1,0,35,0
DEM-021000,INS-003,1,0,31,0
DEM-021001,INS-003,1,1,90,125000
DEM-021002,INS-003,1,0,33,0
DEM-021003,INS-003,0,0,3,0
DEM-021006,INS-003,1,0,4,0
DEM-021008,INS-003,1,0,3,0
DEM-021011,INS-003,1,0,28,0
DEM-021015,INS-003,0,0,4,0
DEM-021017,INS-003,1,0,32,0
DEM-021021,INS-003,1,0,25,0
DEM-021025,INS-003,1,1,90,23673
DEM-021026,INS-003,1,0,30,0
DEM-021031,INS-003,1,0,4,0
DEM-021033,INS-003,1,0,4,0
DEM-021035,INS-003,1,0,3,0
DEM-021044,INS-003,0,0,6,0
DEM-021056,INS-003,1,0,3,0
DEM-021057,INS-003,1,0,3,0
DEM-021058,INS-003,1,0,4,0
DEM-021059,INS-003,1,0,3,0
DEM-021060,INS-003,1,0,4,0
DEM-021061,INS-003,1,0,4,0
DEM-021064,INS-003,1,0,6,0
DEM-021066,INS-003,1,0,4,0
DEM-021068,INS-003,1,0,4,0
DEM-021070,INS-003,1,0,4,0
DEM-021071,INS-003,1,0,2,0
DEM-021073,INS-003,1,1,90,63333
DEM-021081,INS-003,1,0,4,0
DEM-021082,INS-003,1,0,21,0
DEM-021085,INS-003,1,0,1,0
DEM-021088,INS-003,1,0,3,0
DEM-021094,INS-003,1,0,4,0
DEM-021095,INS-003,1,0,4,0
DEM-021096,INS-003,1,0,4,0
DEM-021097,INS-003,1,0,3,0
DEM-021100,INS-003,1,0,3,0
DEM-021112,INS-003,1,0,4,0
DEM-021120,INS-003,1,0,1,0
DEM-021121,INS-003,1,0,4,0
DEM-021122,INS-003,1,0,11,0
DEM-021124,INS-003,1,0,24,0
DEM-021129,INS-003,1,1,121,137969
DEM-021133,INS-003,1,0,34,0
DEM-021144,INS-003,1,0,4,0
DEM-021145,INS-003,1,0,4,0
DEM-021146,INS-003,1,0,30,0
DEM-021147,INS-003,1,0,16,0
DEM-021155,INS-003,1,0,13,0
DEM-021159,INS-003,1,1,90,100000
DEM-021165,INS-003,1,0,33,0
DEM-021169,INS-003,1,0,0,0
DEM-021170,INS-003,1,0,4,0
DEM-021171,INS-003,0,0,4,0
DEM-021174,INS-003,1,0,4,0
DEM-021175,INS-003,1,1,90,79170
DEM-021176,INS-003,1,0,57,0
DEM-021186,INS-003,1,0,3,0
DEM-021188,INS-003,1,0,3,0
DEM-021192,INS-003,1,0,4,0
DEM-021193,INS-003,1,0,21,0
DEM-021196,INS-003,1,0,1,0
DEM-021201,INS-003,1,1,90,12500
DEM-021203,INS-003,1,0,4,0
DEM-021204,INS-003,1,0,2,0
DEM-021210,INS-003,1,0,2,0
DEM-021211,INS-003,1,0,46,0
DEM-021214,INS-003,1,0,4,0
DEM-021216,INS-003,1,0,18,0
DEM-021217,INS-003,0,0,4,0
DEM-021218,INS-003,1,0,4,0
DEM-021222,INS-003,1,0,5,0
DEM-021226,INS-003,1,0,3,0
DEM-021229,INS-003,1,0,1,0
DEM-021238,INS-003,1,0,25,0
DEM-021240,INS-003,1,0,49,0
DEM-021241,INS-003,1,0,3,0
DEM-021242,INS-003,1,0,21,0
DEM-021249,INS-003,1,0,31,0
DEM-021252,INS-003,1,0,19,0
DEM-021268,INS-003,1,0,3,0
DEM-021273,INS-003,1,0,2,0
DEM-021277,INS-003,1,0,2,0
DEM-021282,INS-003,1,0,4,0
DEM-021286,INS-003,1,0,4,0
DEM-021292,INS-003,1,0,2,0
DEM-021293,INS-003,1,0,4,0
DEM-021297,INS-003,1,0,4,0
DEM-021301,INS-003,1,0,3,0
DEM-021302,INS-003,1,1,90,8943
DEM-021303,INS-003,0,0,4,0
DEM-021311,INS-003,0,0,4,0
DEM-021318,INS-003,1,0,2,0
DEM-021320,INS-003,1,0,4,0
DEM-021322,INS-003,1,0,1,0
DEM-021323,INS-003,1,0,4,0
DEM-021327,INS-003,1,0,3,0
DEM-021329,INS-003,1,0,4,0
DEM-021330,INS-003,1,0,3,0
DEM-021340,INS-003,1,1,90,64166
DEM-021349,INS-003,1,0,4,0
DEM-021351,INS-003,1,0,84,0
DEM-021355,INS-003,1,0,4,0
DEM-021356,INS-003,1,0,3,0
DEM-021372,INS-003,1,0,3,0
DEM-021373,INS-003,1,0,4,0
DEM-021374,INS-003,1,0,0,0
DEM-021376,INS-003,1,0,0,0
DEM-021381,INS-003,1,0,5,0
DEM-021382,INS-003,1,1,90,51250
DEM-021383,INS-003,1,0,3,0
DEM-021386,INS-003,1,0,4,0
DEM-021388,INS-003,1,0,4,0
DEM-021391,INS-003,1,0,2,0
DEM-021401,INS-003,1,0,4,0
DEM-021406,INS-003,1,0,4,0
DEM-021410,INS-003,1,0,3,0
DEM-021413,INS-003,1,0,3,0
DEM-021436,INS-003,1,0,3,0
DEM-021441,INS-003,1,0,31,0
DEM-021445,INS-003,1,0,4,0
DEM-021446,INS-003,1,0,2,0
DEM-021453,INS-003,1,0,2,0
DEM-021457,INS-003,1,0,3,0
DEM-021459,INS-003,1,0,4,0
DEM-021460,INS-003,1,0,2,0
DEM-021461,INS-003,1,0,25,0
DEM-021463,INS-003,1,0,4,0
DEM-021464,INS-003,1,0,4,0
DEM-021470,INS-003,0,0,4,0
DEM-021471,INS-003,1,0,34,0
DEM-021474,INS-003,1,0,3,0
DEM-021475,INS-003,1,0,4,0
DEM-021476,INS-003,1,0,4,0
DEM-021482,INS-003,1,0,4,0
DEM-021483,INS-003,1,0,4,0
DEM-021486,INS-003,1,0,3,0
DEM-021492,INS-003,1,0,3,0
DEM-021493,INS-003,1,0,2,0
DEM-021498,INS-003,1,0,3,0
DEM-021499,INS-003,1,0,3,0
DEM-021511,INS-003,1,0,3,0
DEM-021512,INS-003,1,0,4,0
DEM-021513,INS-003,1,0,4,0
DEM-021515,INS-003,1,0,4,0
DEM-021516,INS-003,1,0,4,0
DEM-021527,INS-003,1,0,3,0
DEM-021533,INS-003,1,0,4,0
DEM-021534,INS-003,1,0,4,0
DEM-021542,INS-003,1,0,4,0
DEM-021544,INS-003,1,0,4,0
DEM-021547,INS-003,1,0,3,0
DEM-021548,INS-003,1,0,8,0
DEM-021549,INS-003,1,0,2,0
DEM-021551,INS-003,1,0,3,0
DEM-021565,INS-003,1,0,0,0
DEM-021568,INS-003,1,0,3,0
DEM-021569,INS-003,1,0,29,0
DEM-021571,INS-003,1,0,4,0
DEM-021575,INS-003,1,0,3,0
DEM-021592,INS-003,1,0,34,0
DEM-021594,INS-003,1,0,4,0
DEM-021603,INS-003,1,1,99,59444
DEM-021604,INS-003,1,0,63,0
DEM-021607,INS-003,0,0,4,0
DEM-021608,INS-003,1,0,4,0
DEM-021609,INS-003,1,0,4,0
DEM-021610,INS-003,1,0,4,0
DEM-021620,INS-003,1,0,4,0
DEM-021622,INS-003,1,0,23,0
DEM-021627,INS-003,1,0,2,0
DEM-021631,INS-003,0,0,4,0
DEM-021632,INS-003,1,0,4,0
DEM-021639,INS-003,1,1,90,35817
DEM-021645,INS-003,1,1,90,40833
DEM-021650,INS-003,1,0,0,0
DEM-021655,INS-003,1,1,90,7606
DEM-021656,INS-003,1,0,4,0
DEM-021665,INS-003,1,0,4,0
DEM-021669,INS-003,1,0,4,0
DEM-021675,INS-003,1,0,39,0
DEM-021682,INS-003,1,0,4,0
DEM-021683,INS-003,1,0,28,0
DEM-021686,INS-003,1,0,4,0
DEM-021687,INS-003,1,0,4,0
DEM-021702,INS-003,1,0,4,0
DEM-021704,INS-003,1,0,4,0
DEM-021705,INS-003,1,1,90,27889
DEM-021706,INS-003,1,1,152,98748
DEM-021716,INS-003,1,0,4,0
DEM-021717,INS-003,1,0,33,0
DEM-021719,INS-003,1,0,3,0
DEM-021720,INS-003,0,0,4,0
DEM-021721,INS-003,0,0,4,0
DEM-021724,INS-003,1,0,62,0
DEM-021725,INS-003,1,0,1,0
DEM-021726,INS-003,1,0,30,0
DEM-021731,INS-003,1,0,2,0
DEM-021745,INS-003,1,1,90,62500
DEM-021758,INS-003,1,0,4,0
DEM-021764,INS-003,1,0,34,0
DEM-021768,INS-003,1,0,0,0
DEM-021772,INS-003,1,0,4,0
DEM-021779,INS-003,1,0,4,0
DEM-021781,INS-003,1,0,2,0
DEM-021786,INS-003,1,0,4,0
DEM-021788,INS-003,1,0,4,0
DEM-021793,INS-003,1,0,4,0
DEM-021796,INS-003,1,0,4,0
DEM-021798,INS-003,1,0,4,0
DEM-021813,INS-003,1,0,4,0
DEM-021814,INS-003,0,0,1,0
DEM-021815,INS-003,1,0,3,0
DEM-021816,INS-003,1,0,4,0
DEM-021817,INS-003,1,1,90,62500
DEM-021818,INS-003,1,0,4,0
DEM-021819,INS-003,1,0,1,0
DEM-021820,INS-003,1,0,34,0
DEM-021824,INS-003,1,0,4,0
DEM-021827,INS-003,1,0,2,0
DEM-021828,INS-003,1,0,4,0
DEM-021829,INS-003,1,0,24,0
DEM-021830,INS-003,1,0,4,0
DEM-021831,INS-003,1,0,2,0
DEM-021834,INS-003,1,0,3,0
DEM-021837,INS-003,1,0,28,0
DEM-021838,INS-003,1,0,18,0
DEM-021846,INS-003,1,0,28,0
DEM-021852,INS-003,1,0,30,0
DEM-021854,INS-003,1,0,4,0
DEM-021856,INS-003,1,0,4,0
DEM-021860,INS-003,1,0,3,0
DEM-021861,INS-003,1,0,4,0
DEM-021864,INS-003,0,1,90,83333
DEM-021875,INS-003,1,0,4,0
DEM-021879,INS-003,1,0,4,0
DEM-021885,INS-003,1,0,3,0
DEM-021888,INS-003,1,1,90,35555
DEM-021890,INS-003,0,0,4,0
DEM-021899,INS-003,1,0,4,0
DEM-021916,INS-003,1,0,4,0
DEM-021917,INS-003,1,0,4,0
DEM-021922,INS-003,1,1,118,34583
DEM-021927,INS-003,0,0,15,0
DEM-021934,INS-003,1,1,90,17463
DEM-021937,INS-003,1,0,4,0
DEM-021939,INS-003,1,0,4,0
DEM-021943,INS-003,0,0,4,0
DEM-021944,INS-003,1,0,4,0
DEM-021948,INS-003,1,0,4,0
DEM-021951,INS-003,1,0,4,0
DEM-021954,INS-003,1,0,4,0
DEM-021958,INS-003,1,0,4,0
DEM-021959,INS-003,0,0,29,0
DEM-021970,INS-003,1,0,4,0
DEM-021978,INS-003,1,0,4,0
DEM-021984,INS-003,1,0,4,0
DEM-021985,INS-003,0,0,4,0
DEM-021986,INS-003,1,0,2,0
DEM-021987,INS-003,1,0,0,0
DEM-021989,INS-003,1,1,90,25049
DEM-021991,INS-003,1,0,4,0
DEM-022001,INS-003,1,0,2,0
DEM-022007,INS-003,0,0,9,0
DEM-022009,INS-003,1,0,4,0
DEM-022013,INS-003,0,0,4,0
DEM-022014,INS-003,1,0,4,0
DEM-022015,INS-003,1,0,4,0
DEM-022023,INS-003,1,0,2,0
DEM-022028,INS-003,1,0,4,0
DEM-022033,INS-003,1,0,28,0
DEM-022034,INS-003,1,0,4,0
DEM-022042,INS-003,1,0,34,0
DEM-022043,INS-003,1,0,3,0
DEM-022044,INS-003,1,0,4,0
DEM-022045,INS-003,1,0,30,0
DEM-022047,INS-003,1,0,3,0
DEM-022050,INS-003,1,1,90,41666
DEM-022051,INS-003,1,0,4,0
DEM-022054,INS-003,1,0,2,0
DEM-022055,INS-003,1,0,4,0
DEM-022058,INS-003,1,0,4,0
DEM-022060,INS-003,1,0,4,0
DEM-022061,INS-003,1,0,4,0
DEM-022063,INS-003,1,0,4,0
DEM-022066,INS-003,1,0,0,0
DEM-022076,INS-003,1,1,121,138888
DEM-022086,INS-003,1,0,31,0
DEM-022089,INS-003,1,0,0,0
DEM-022090,INS-003,1,0,4,0
DEM-022097,INS-003,1,0,4,0
DEM-022102,INS-003,1,1,90,38333
DEM-022113,INS-003,1,1,90,82087
DEM-022115,INS-003,1,0,6,0
DEM-022121,INS-003,1,0,33,0
DEM-022122,INS-003,1,0,4,0
DEM-022123,INS-003,1,0,26,0
DEM-022124,INS-003,1,0,4,0
DEM-022125,INS-003,1,0,4,0
DEM-022126,INS-003,1,0,4,0
DEM-022127,INS-003,1,0,33,0
DEM-022128,INS-003,1,0,31,0
DEM-022131,INS-003,0,0,4,0
DEM-022132,INS-003,1,1,56,318336
DEM-022142,INS-003,1,0,2,0
DEM-022145,INS-003,1,1,90,92500
DEM-022149,INS-003,1,0,3,0
DEM-022152,INS-003,1,0,12,0
DEM-022155,INS-003,1,0,3,0
DEM-022159,INS-003,1,0,4,0
DEM-022166,INS-003,1,0,4,0
DEM-022174,INS-003,1,0,1,0
DEM-022179,INS-003,1,0,4,0
DEM-022180,INS-003,1,1,90,125000
DEM-022184,INS-003,1,0,33,0
DEM-022190,INS-003,1,0,28,0
DEM-022193,INS-003,1,0,4,0
DEM-022198,INS-003,1,0,4,0
DEM-022199,INS-003,1,0,25,0
DEM-022202,INS-003,1,0,4,0
DEM-022203,INS-003,0,0,4,0
DEM-022204,INS-003,1,0,0,0
DEM-022210,INS-003,1,0,0,0
DEM-022211,INS-003,1,0,1,0
DEM-022224,INS-003,1,0,4,0
DEM-022229,INS-003,1,0,4,0
DEM-022231,INS-003,1,0,4,0
DEM-022232,INS-003,1,0,4,0
DEM-022233,INS-003,1,0,4,0
DEM-022244,INS-003,1,0,29,0
DEM-022246,INS-003,1,0,4,0
DEM-022247,INS-003,1,0,4,0
DEM-022251,INS-003,1,0,2,0
DEM-022257,INS-003,1,0,11,0
DEM-022259,INS-003,1,0,4,0
DEM-022261,INS-003,0,0,21,0
DEM-022262,INS-003,0,0,4,0
DEM-022268,INS-003,1,0,1,0
DEM-022272,INS-003,1,0,4,0
DEM-022275,INS-003,1,0,0,0
DEM-022278,INS-003,0,0,4,0
DEM-022279,INS-003,1,0,2,0
DEM-022282,INS-003,1,0,3,0
DEM-022283,INS-003,1,0,30,0
DEM-022284,INS-003,1,1,90,125000
DEM-022286,INS-003,1,0,3,0
DEM-022290,INS-003,1,1,90,80833
DEM-022293,INS-003,1,0,2,0
DEM-022296,INS-003,1,0,4,0
DEM-022302,INS-003,0,0,2,0
DEM-022303,INS-003,1,0,4,0
DEM-022305,INS-003,1,0,4,0
DEM-022306,INS-003,1,0,3,0
DEM-022307,INS-003,1,0,34,0
DEM-022320,INS-003,1,0,0,0
DEM-022322,INS-003,1,0,4,0
DEM-022330,INS-003,1,0,26,0
DEM-022336,INS-003,1,0,0,0
DEM-022339,INS-003,1,0,4,0
DEM-022342,INS-003,1,0,4,0
DEM-022347,INS-003,1,0,29,0
DEM-022348,INS-003,1,0,40,0
DEM-022357,INS-003,1,0,4,0
DEM-022358,INS-003,1,0,3,0
DEM-022359,INS-003,1,0,4,0
DEM-022360,INS-003,0,0,28,0
DEM-022362,INS-003,1,0,4,0
DEM-022365,INS-003,1,0,4,0
DEM-022370,INS-003,1,0,32,0
DEM-022371,INS-003,1,0,77,0
DEM-022373,INS-003,1,0,4,0
DEM-022376,INS-003,1,0,2,0
DEM-022377,INS-003,1,1,90,27916
DEM-022379,INS-003,1,1,90,9636
DEM-022380,INS-003,1,0,4,0
DEM-022385,INS-003,1,0,4,0
DEM-022389,INS-003,1,0,3,0
DEM-022391,INS-003,1,1,90,36887
DEM-022392,INS-003,1,0,4,0
DEM-022393,INS-003,1,0,4,0
DEM-022394,INS-003,1,0,2,0
DEM-022400,INS-003,1,1,90,49587
DEM-022409,INS-003,1,0,3,0
DEM-022414,INS-003,1,0,32,0
DEM-022418,INS-003,1,0,4,0
DEM-022419,INS-003,1,0,4,0
DEM-022420,INS-003,1,0,3,0
DEM-022421,INS-003,1,0,2,0
DEM-022424,INS-003,1,0,20,0
DEM-022425,INS-003,1,0,4,0
DEM-022428,INS-003,1,0,28,0
DEM-022429,INS-003,1,0,4,0
DEM-022431,INS-003,1,1,90,66666
DEM-022432,INS-003,1,0,83,0
DEM-022441,INS-003,1,0,52,0
DEM-022444,INS-003,0,1,90,28750
DEM-022446,INS-003,1,0,4,0
DEM-022451,INS-003,1,0,4,0
DEM-022452,INS-003,1,0,4,0
DEM-022453,INS-003,1,1,90,125000
DEM-022462,INS-003,1,0,3,0
DEM-022474,INS-003,1,0,27,0
DEM-022483,INS-003,0,0,3,0
DEM-022485,INS-003,1,0,4,0
DEM-022491,INS-003,1,0,4,0
DEM-022495,INS-003,1,0,28,0
DEM-022498,INS-003,1,0,4,0
DEM-022499,INS-003,1,0,16,0
DEM-022500,INS-003,1,0,4,0
DEM-022503,INS-003,0,0,34,0
DEM-022505,INS-003,1,1,90,24297
DEM-022514,INS-003,1,0,4,0
DEM-022516,INS-003,1,1,90,54583
DEM-022518,INS-003,1,0,4,0
DEM-022523,INS-003,1,0,3,0
DEM-022525,INS-003,1,0,2,0
DEM-022531,INS-003,1,0,4,0
DEM-022536,INS-003,1,0,4,0
DEM-022540,INS-003,1,0,3,0
DEM-022544,INS-003,1,0,3,0
DEM-022549,INS-003,1,0,4,0
DEM-022553,INS-003,1,0,0,0
DEM-022555,INS-003,1,0,10,0
DEM-022557,INS-003,1,0,4,0
DEM-022560,INS-003,1,1,90,83333
DEM-022561,INS-003,1,0,3,0
DEM-022564,INS-003,1,0,4,0
DEM-022565,INS-003,1,0,4,0
DEM-022566,INS-003,1,0,3,0
DEM-022567,INS-003,1,0,4,0
DEM-022568,INS-003,1,1,90,6327
DEM-022570,INS-003,1,0,1,0
DEM-022571,INS-003,1,0,1,0
DEM-022576,INS-003,1,1,121,55000
DEM-022584,INS-003,1,0,3,0
DEM-022590,INS-003,1,1,90,65000
DEM-022594,INS-003,1,0,1,0
DEM-022596,INS-003,1,0,4,0
DEM-022597,INS-003,1,0,3,0
DEM-022602,INS-003,1,0,3,0
DEM-022604,INS-003,1,0,23,0
DEM-022609,INS-003,1,0,4,0
DEM-022613,INS-003,1,0,4,0
DEM-022614,INS-003,0,0,0,0
DEM-022615,INS-003,1,0,21,0
DEM-022619,INS-003,1,0,4,0
DEM-022627,INS-003,1,0,2,0
DEM-022637,INS-003,1,0,29,0
DEM-022638,INS-003,1,1,90,32916
DEM-022645,INS-003,1,0,4,0
DEM-022657,INS-003,1,0,0,0
DEM-022660,INS-003,1,1,90,120000
DEM-022663,INS-003,1,0,3,0
DEM-022670,INS-003,1,0,4,0
DEM-022674,INS-003,1,0,2,0
DEM-022682,INS-003,1,1,90,111666
DEM-022683,INS-003,1,1,90,77083
DEM-022690,INS-003,1,1,90,41100
DEM-022692,INS-003,1,0,1,0
DEM-022696,INS-003,1,0,32,0
DEM-022702,INS-003,0,0,3,0
DEM-022709,INS-003,1,0,4,0
DEM-022714,INS-003,1,0,0,0
DEM-022735,INS-003,1,0,4,0
DEM-022736,INS-003,1,1,90,14463
DEM-022737,INS-003,0,0,4,0
DEM-022739,INS-003,0,0,3,0
DEM-022740,INS-003,1,0,0,0
DEM-022741,INS-003,1,0,30,0
DEM-022748,INS-003,0,0,3,0
DEM-022749,INS-003,1,0,28,0
DEM-022755,INS-003,1,0,36,0
DEM-022756,INS-003,1,0,33,0
DEM-022762,INS-003,1,0,31,0
DEM-022767,INS-003,1,0,4,0
DEM-022768,INS-003,1,0,4,0
DEM-022771,INS-003,1,0,15,0
DEM-022774,INS-003,1,0,70,0
DEM-022776,INS-003,1,0,4,0
DEM-022779,INS-003,1,0,29,0
DEM-022780,INS-003,1,0,3,0
DEM-022781,INS-003,1,0,4,0
DEM-022788,INS-003,1,0,1,0
DEM-022790,INS-003,1,0,4,0
DEM-022791,INS-003,1,0,3,0
DEM-022805,INS-003,1,0,1,0
DEM-022815,INS-003,1,0,4,0
DEM-022819,INS-003,1,0,3,0
DEM-022822,INS-003,1,0,27,0
DEM-022824,INS-003,1,0,4,0
DEM-022832,INS-003,1,0,4,0
DEM-022833,INS-003,1,0,3,0
DEM-022834,INS-003,1,0,2,0
DEM-022835,INS-003,0,0,4,0
DEM-022841,INS-003,0,0,4,0
DEM-022842,INS-003,1,0,4,0
DEM-022845,INS-003,1,0,3,0
DEM-022849,INS-003,1,0,4,0
DEM-022854,INS-003,1,0,4,0
DEM-022860,INS-003,1,0,9,0
DEM-022861,INS-003,1,0,3,0
DEM-022863,INS-003,1,0,1,0
DEM-022865,INS-003,1,0,4,0
DEM-022866,INS-003,1,0,3,0
DEM-022869,INS-003,1,0,18,0
DEM-022871,INS-003,1,0,4,0
DEM-022874,INS-003,1,0,4,0
DEM-022880,INS-003,1,0,4,0
DEM-022884,INS-003,1,0,32,0
DEM-022887,INS-003,1,0,3,0
DEM-022890,INS-003,1,0,4,0
DEM-022893,INS-003,1,0,4,0
DEM-022894,INS-003,1,0,3,0
DEM-022896,INS-003,1,0,33,0
DEM-022898,INS-003,1,0,4,0
DEM-022899,INS-003,1,0,4,0
DEM-022900,INS-003,1,0,4,0
DEM-022902,INS-003,1,0,32,0
DEM-022906,INS-003,1,0,3,0
DEM-022911,INS-003,1,1,121,67318
DEM-022916,INS-003,1,1,90,10555
DEM-022918,INS-003,1,0,4,0
DEM-022919,INS-003,1,0,1,0
DEM-022923,INS-003,1,0,4,0
DEM-022930,INS-003,1,0,16,0
DEM-022936,INS-003,1,0,18,0
DEM-022955,INS-003,1,0,29,0
DEM-022958,INS-003,1,0,3,0
DEM-022962,INS-003,1,0,3,0
DEM-022965,INS-003,1,0,4,0
DEM-022967,INS-003,1,0,2,0
DEM-022968,INS-003,1,0,3,0
DEM-022971,INS-003,1,0,34,0
DEM-022972,INS-003,0,0,4,0
DEM-022982,INS-003,1,0,4,0
DEM-022983,INS-003,0,0,4,0
DEM-022984,INS-003,1,0,1,0
DEM-022988,INS-003,1,1,90,62500
DEM-022990,INS-003,1,0,4,0
DEM-022993,INS-003,0,0,34,0
DEM-022999,INS-003,1,0,4,0
DEM-023000,INS-003,1,0,4,0
DEM-023001,INS-003,1,0,4,0
DEM-023002,INS-003,1,0,4,0
DEM-023003,INS-003,0,0,33,0
DEM-023004,INS-003,1,0,29,0
DEM-023009,INS-003,1,0,1,0
DEM-023011,INS-003,1,0,16,0
DEM-023013,INS-003,1,0,34,0
DEM-023019,INS-003,1,0,3,0
DEM-023021,INS-003,1,1,90,59583
DEM-023027,INS-003,0,0,4,0
DEM-023031,INS-003,1,0,4,0
DEM-023043,INS-003,1,0,4,0
DEM-023052,INS-003,1,0,4,0
DEM-023053,INS-003,1,0,4,0
DEM-023054,INS-003,1,0,4,0
DEM-023055,INS-003,0,0,4,0
DEM-023056,INS-003,1,0,4,0
DEM-023058,INS-003,1,0,2,0
DEM-023059,INS-003,0,0,4,0
DEM-023060,INS-003,1,0,34,0
DEM-023061,INS-003,1,0,3,0
DEM-023062,INS-003,1,0,2,0
DEM-023064,INS-003,1,0,39,0
DEM-023068,INS-003,1,0,4,0
DEM-023070,INS-003,1,0,3,0
DEM-023072,INS-003,1,0,30,0
DEM-023074,INS-003,1,0,3,0
DEM-023078,INS-003,1,0,57,0
DEM-023081,INS-003,1,0,33,0
DEM-023089,INS-003,1,1,90,42871
DEM-023093,INS-003,1,0,4,0
DEM-023104,INS-003,1,0,3,0
DEM-023105,INS-003,1,0,3,0
DEM-023108,INS-003,1,0,34,0
DEM-023109,INS-003,1,0,10,0
DEM-023111,INS-003,1,0,4,0
DEM-023112,INS-003,1,0,2,0
DEM-023113,INS-003,1,0,4,0
DEM-023115,INS-003,0,0,29,0
DEM-023120,INS-003,1,0,31,0
DEM-023121,INS-003,0,0,46,0
DEM-023124,INS-003,1,0,2,0
DEM-023128,INS-003,1,0,4,0
DEM-023138,INS-003,1,0,4,0
DEM-023148,INS-003,1,0,0,0
DEM-023151,INS-003,1,0,61,0
DEM-023152,INS-003,1,0,1,0
DEM-023157,INS-003,1,0,4,0
DEM-023159,INS-003,1,0,32,0
DEM-023160,INS-003,1,0,22,0
DEM-023161,INS-003,0,0,4,0
DEM-023162,INS-003,1,1,90,65833
DEM-023163,INS-003,1,0,3,0
DEM-023170,INS-003,1,0,4,0
DEM-023172,INS-003,1,0,25,0
DEM-023180,INS-003,1,0,3,0
DEM-023183,INS-003,1,0,4,0
DEM-023184,INS-003,1,0,0,0
DEM-023186,INS-003,1,0,4,0
DEM-023187,INS-003,1,0,4,0
DEM-023188,INS-003,1,0,4,0
DEM-023189,INS-003,1,0,31,0
DEM-023192,INS-003,1,0,3,0
DEM-023193,INS-003,1,0,48,0
DEM-023194,INS-003,1,0,27,0
DEM-023197,INS-003,1,1,90,66666
DEM-023198,INS-003,1,0,4,0
DEM-023202,INS-003,1,0,4,0
DEM-023203,INS-003,1,0,2,0
DEM-023211,INS-003,1,0,4,0
DEM-023212,INS-003,1,0,4,0
DEM-023219,INS-003,1,0,18,0
DEM-023220,INS-003,0,0,3,0
DEM-023224,INS-003,1,0,3,0
DEM-023228,INS-003,1,0,4,0
DEM-023230,INS-003,1,0,34,0
DEM-023233,INS-003,1,0,35,0
DEM-023239,INS-003,1,0,2,0
DEM-023240,INS-003,1,0,4,0
DEM-023246,INS-003,1,0,1,0
DEM-023248,INS-003,1,0,4,0
DEM-023250,INS-003,1,0,3,0
DEM-023265,INS-003,1,0,70,0
DEM-023266,INS-003,1,0,4,0
DEM-023267,INS-003,1,0,3,0
DEM-023269,INS-003,1,0,4,0
DEM-023271,INS-003,1,0,4,0
DEM-023272,INS-003,1,0,35,0
DEM-023279,INS-003,1,1,90,28333
DEM-023286,INS-003,1,0,28,0
DEM-023291,INS-003,1,0,3,0
DEM-023292,INS-003,0,0,4,0
DEM-023302,INS-003,1,0,3,0
DEM-023303,INS-003,1,0,2,0
DEM-023311,INS-003,1,0,2,0
DEM-023316,INS-003,1,0,4,0
DEM-023317,INS-003,1,0,4,0
DEM-023320,INS-003,1,0,4,0
DEM-023321,INS-003,1,0,0,0
DEM-023322,INS-003,1,0,4,0
DEM-023331,INS-003,1,0,4,0
DEM-023333,INS-003,1,0,3,0
DEM-023338,INS-003,1,0,29,0
DEM-023341,INS-003,1,0,36,0
DEM-023343,INS-003,1,0,4,0
DEM-023344,INS-003,1,0,4,0
DEM-023346,INS-003,1,0,1,0
DEM-023347,INS-003,1,0,11,0
DEM-023350,INS-003,1,0,4,0
DEM-023351,INS-003,1,1,121,54582
DEM-023352,INS-003,1,0,4,0
DEM-023353,INS-003,1,0,6,0
DEM-023354,INS-003,1,0,1,0
DEM-023360,INS-003,1,0,2,0
DEM-023365,INS-003,0,0,3,0
DEM-023369,INS-003,1,1,90,19769
DEM-023370,INS-003,1,0,3,0
DEM-023374,INS-003,0,0,21,0
DEM-023379,INS-003,1,0,19,0
DEM-023394,INS-003,1,0,29,0
DEM-023396,INS-003,1,0,32,0
DEM-023399,INS-003,1,0,4,0
DEM-023401,INS-003,1,0,4,0
DEM-023403,INS-003,1,0,4,0
DEM-023404,INS-003,1,0,4,0
DEM-023407,INS-003,1,0,29,0
DEM-023408,INS-003,1,0,5,0
DEM-023414,INS-003,1,0,8,0
DEM-023427,INS-003,1,0,33,0
DEM-023428,INS-003,1,0,33,0
DEM-023436,INS-003,1,0,4,0
DEM-023437,INS-003,1,0,2,0
DEM-023438,INS-003,1,0,4,0
DEM-023440,INS-003,1,0,4,0
DEM-023445,INS-003,1,0,4,0
DEM-023452,INS-003,1,0,0,0
DEM-023460,INS-003,1,1,90,125000
DEM-023461,INS-003,1,0,4,0
DEM-023462,INS-003,1,0,4,0
DEM-023466,INS-003,1,1,120,18005
DEM-023475,INS-003,1,0,3,0
DEM-023481,INS-003,1,0,30,0
DEM-023485,INS-003,1,1,90,45833
DEM-023486,INS-003,1,0,4,0
DEM-023487,INS-003,1,0,21,0
DEM-023493,INS-003,1,0,4,0
DEM-023497,INS-003,1,0,4,0
DEM-023498,INS-003,1,1,90,80000
DEM-023499,INS-003,1,0,26,0
DEM-023501,INS-003,1,0,4,0
DEM-023502,INS-003,1,0,35,0
DEM-023506,INS-003,1,0,4,0
DEM-023509,INS-003,1,0,28,0
DEM-023515,INS-003,1,0,3,0
DEM-023523,INS-003,1,0,4,0
DEM-023528,INS-003,1,0,4,0
DEM-023539,INS-003,1,0,4,0
DEM-023544,INS-003,1,0,28,0
DEM-023551,INS-003,1,0,32,0
DEM-023553,INS-003,1,0,34,0
DEM-023554,INS-003,1,0,2,0
DEM-023555,INS-003,1,0,4,0
DEM-023559,INS-003,1,0,4,0
DEM-023560,INS-003,1,0,2,0
DEM-023565,INS-003,1,0,80,0
DEM-023568,INS-003,1,1,104,183332
DEM-023571,INS-003,1,0,70,0
DEM-023579,INS-003,1,0,4,0
DEM-023584,INS-003,0,0,4,0
DEM-023591,INS-003,1,0,1,0
DEM-023595,INS-003,1,0,33,0
DEM-023602,INS-003,1,0,1,0
DEM-023603,INS-003,1,0,3,0
DEM-023609,INS-003,1,0,4,0
DEM-023610,INS-003,1,0,3,0
DEM-023611,INS-003,1,0,4,0
DEM-023612,INS-003,1,0,4,0
DEM-023613,INS-003,1,0,28,0
DEM-023621,INS-003,1,0,4,0
DEM-023622,INS-003,1,0,4,0
DEM-023623,INS-003,1,0,3,0
DEM-023625,INS-003,1,0,5,0
DEM-023630,INS-003,1,0,4,0
DEM-023633,INS-003,1,0,3,0
DEM-023634,INS-003,1,0,33,0
DEM-023646,INS-003,1,0,3,0
DEM-023647,INS-003,1,0,4,0
DEM-023649,INS-003,1,0,16,0
DEM-023652,INS-003,0,0,4,0
DEM-023653,INS-003,1,0,1,0
DEM-023661,INS-003,1,0,4,0
DEM-023674,INS-003,1,0,4,0
DEM-023676,INS-003,1,0,2,0
DEM-023677,INS-003,1,0,3,0
DEM-023678,INS-003,1,0,4,0
DEM-023680,INS-003,1,1,90,88888
DEM-023682,INS-003,1,0,4,0
DEM-023685,INS-003,0,0,32,0
DEM-023686,INS-003,1,0,4,0
DEM-023688,INS-003,1,0,3,0
DEM-023692,INS-003,1,0,4,0
DEM-023693,INS-003,1,0,4,0
DEM-023697,INS-003,1,0,29,0
DEM-023701,INS-003,1,0,18,0
DEM-023702,INS-003,1,0,3,0
DEM-023703,INS-003,1,1,94,52420
DEM-023704,INS-003,1,0,4,0
DEM-023708,INS-003,1,0,5,0
DEM-023710,INS-003,1,0,4,0
DEM-023711,INS-003,1,0,7,0
DEM-023714,INS-003,1,0,39,0
DEM-023715,INS-003,1,0,1,0
DEM-023720,INS-003,1,0,4,0
DEM-023725,INS-003,1,0,2,0
DEM-023726,INS-003,1,0,2,0
DEM-023729,INS-003,1,1,90,10721
DEM-023731,INS-003,1,1,116,18125
DEM-023732,INS-003,1,1,90,41666
DEM-023733,INS-003,1,1,90,22500
DEM-023734,INS-003,1,0,29,0
DEM-023735,INS-003,1,0,4,0
DEM-023736,INS-003,1,0,31,0
DEM-023739,INS-003,1,1,90,43462
DEM-023744,INS-003,1,0,33,0
DEM-023745,INS-003,0,0,51,0
DEM-023746,INS-003,1,0,34,0
DEM-023749,INS-003,1,0,3,0
DEM-023750,INS-003,1,0,3,0
DEM-023756,INS-003,1,0,27,0
DEM-023758,INS-003,1,0,4,0
DEM-023759,INS-003,1,0,0,0
DEM-023764,INS-003,1,0,4,0
DEM-023765,INS-003,1,0,53,0
DEM-023766,INS-003,1,0,4,0
DEM-023767,INS-003,1,0,4,0
DEM-023768,INS-003,1,0,4,0
DEM-023771,INS-003,1,1,101,267506
DEM-023772,INS-003,1,0,2,0
DEM-023776,INS-003,1,0,4,0
DEM-023779,INS-003,1,0,30,0
DEM-023780,INS-003,1,0,4,0
DEM-023785,INS-003,1,0,3,0
DEM-023786,INS-003,1,0,4,0
DEM-023788,INS-003,1,0,4,0
DEM-023789,INS-003,1,0,32,0
DEM-023790,INS-003,1,0,18,0
DEM-023791,INS-003,1,0,0,0
DEM-023794,INS-003,1,0,34,0
DEM-023799,INS-003,1,0,4,0
DEM-023800,INS-003,1,0,2,0
DEM-023801,INS-003,1,0,4,0
DEM-023802,INS-003,1,0,4,0
DEM-023804,INS-003,1,0,3,0
DEM-023806,INS-003,0,0,50,0
DEM-023808,INS-003,1,0,4,0
DEM-023813,INS-003,0,0,0,0
DEM-023814,INS-003,0,1,90,12500
DEM-023815,INS-003,1,0,35,0
DEM-023818,INS-003,1,0,4,0
DEM-023820,INS-003,1,0,4,0
DEM-023821,INS-003,1,0,4,0
DEM-023822,INS-003,1,0,2,0
DEM-023827,INS-003,1,0,3,0
DEM-023837,INS-003,1,0,48,0
DEM-023842,INS-003,1,0,0,0
DEM-023846,INS-003,1,0,4,0
DEM-023849,INS-003,1,1,90,92087
DEM-023850,INS-003,1,1,90,66666
DEM-023856,INS-003,1,0,4,0
DEM-023861,INS-003,1,0,3,0
DEM-023862,INS-003,1,0,4,0
DEM-023865,INS-003,1,1,90,13291
DEM-023872,INS-003,1,0,3,0
DEM-023873,INS-003,1,0,21,0
DEM-023874,INS-003,1,0,23,0
DEM-023876,INS-003,1,0,3,0
DEM-023878,INS-003,1,0,19,0
DEM-023879,INS-003,1,0,4,0
DEM-023882,INS-003,1,1,90,20833
DEM-023886,INS-003,1,0,13,0
DEM-023888,INS-003,1,0,2,0
DEM-023893,INS-003,1,0,11,0
DEM-023898,INS-003,0,0,66,0
DEM-023899,INS-003,1,1,90,28113
DEM-023901,INS-003,0,0,1,0
DEM-023903,INS-003,1,0,32,0
DEM-023904,INS-003,1,0,22,0
DEM-023908,INS-003,1,0,0,0
DEM-023911,INS-003,1,0,2,0
DEM-023913,INS-003,1,0,25,0
DEM-023926,INS-003,1,0,4,0
DEM-023937,INS-003,1,0,3,0
DEM-023944,INS-003,1,0,3,0
DEM-023948,INS-003,1,0,4,0
DEM-023951,INS-003,1,0,3,0
DEM-023952,INS-003,1,0,4,0
DEM-023953,INS-003,1,0,4,0
DEM-023954,INS-003,1,0,3,0
DEM-023955,INS-003,1,1,90,41666
DEM-023957,INS-003,1,0,17,0
DEM-023959,INS-003,1,0,28,0
DEM-023963,INS-003,1,0,3,0
DEM-023969,INS-003,1,0,4,0
DEM-023973,INS-003,1,0,4,0
DEM-023977,INS-003,1,0,26,0
DEM-023978,INS-003,1,0,4,0
DEM-023982,INS-003,1,0,4,0
DEM-023983,INS-003,1,0,43,0
DEM-023984,INS-003,1,0,2,0
DEM-023993,INS-003,1,0,18,0
DEM-023994,INS-003,1,0,4,0
DEM-023995,INS-003,1,0,28,0
DEM-023996,INS-003,0,0,4,0
DEM-023997,INS-003,1,0,2,0
DEM-023999,INS-003,0,0,4,0
DEM-024006,INS-003,1,0,0,0
DEM-024007,INS-003,1,0,4,0
DEM-024008,INS-003,1,0,4,0
DEM-024009,INS-003,1,0,3,0
DEM-024018,INS-003,1,0,26,0
DEM-024020,INS-003,1,0,4,0
DEM-024021,INS-003,0,0,4,0
DEM-024024,INS-003,0,0,19,0
DEM-024033,INS-003,1,0,4,0
DEM-024037,INS-003,1,0,4,0
DEM-024038,INS-003,1,0,4,0
DEM-024045,INS-003,1,0,30,0
DEM-024049,INS-003,1,0,3,0
DEM-024057,INS-003,1,0,21,0
DEM-024067,INS-003,1,0,4,0
DEM-024074,INS-003,1,1,90,9444
DEM-024075,INS-003,1,0,33,0
DEM-024077,INS-003,1,0,31,0
DEM-024079,INS-003,1,0,4,0
DEM-024081,INS-003,1,0,4,0
DEM-024082,INS-003,1,0,32,0
DEM-024083,INS-003,1,0,4,0
DEM-024084,INS-003,1,0,4,0
DEM-024087,INS-003,1,0,60,0
DEM-024088,INS-003,1,1,90,25416
DEM-024090,INS-003,1,0,3,0
DEM-024091,INS-003,1,0,4,0
DEM-024092,INS-003,1,0,0,0
DEM-024097,INS-003,1,0,17,0
DEM-024100,INS-003,1,1,90,13333
DEM-024103,INS-003,1,0,1,0
DEM-024104,INS-003,1,0,19,0
DEM-024105,INS-003,1,0,4,0
DEM-024108,INS-003,1,0,3,0
DEM-024113,INS-003,1,0,0,0
DEM-024114,INS-003,1,0,3,0
DEM-024124,INS-003,1,0,4,0
DEM-024130,INS-003,0,0,0,0
DEM-024132,INS-003,1,0,4,0
DEM-024133,INS-003,1,0,23,0
DEM-024135,INS-003,1,0,4,0
DEM-024136,INS-003,1,0,31,0
DEM-024150,INS-003,1,0,4,0
DEM-024151,INS-003,0,0,4,0
DEM-024152,INS-003,1,0,4,0
DEM-024153,INS-003,1,0,4,0
DEM-024154,INS-003,1,0,29,0
DEM-024157,INS-003,1,0,2,0
DEM-024158,INS-003,1,0,4,0
DEM-024162,INS-003,1,0,35,0
DEM-024164,INS-003,1,0,4,0
DEM-024165,INS-003,1,0,4,0
DEM-024174,INS-003,0,1,90,125000
DEM-024175,INS-003,1,1,90,82222
DEM-024176,INS-003,0,0,33,0
DEM-024177,INS-003,1,0,3,0
DEM-024179,INS-003,1,0,4,0
DEM-024189,INS-003,1,0,29,0
DEM-024192,INS-003,1,0,3,0
DEM-024193,INS-003,1,0,4,0
DEM-024197,INS-003,1,0,4,0
DEM-024200,INS-003,1,0,4,0
DEM-024201,INS-003,1,0,4,0
DEM-024203,INS-003,1,0,35,0
DEM-024204,INS-003,1,0,19,0
DEM-024206,INS-003,1,0,4,0
DEM-024209,INS-003,1,0,25,0
DEM-024211,INS-003,1,0,1,0
DEM-024212,INS-003,1,0,4,0
DEM-024213,INS-003,1,0,4,0
DEM-024215,INS-003,1,0,4,0
DEM-024219,INS-003,1,0,4,0
DEM-024222,INS-003,0,0,4,0
DEM-024228,INS-003,1,0,4,0
DEM-024232,INS-003,1,0,0,0
DEM-024244,INS-003,0,0,4,0
DEM-024245,INS-003,0,0,32,0
DEM-024249,INS-003,1,1,90,18415
DEM-024251,INS-003,1,0,4,0
DEM-024253,INS-003,1,0,4,0
DEM-024254,INS-003,1,1,90,72500
DEM-024256,INS-003,1,0,4,0
DEM-024257,INS-003,1,0,4,0
DEM-024259,INS-003,1,0,4,0
DEM-024260,INS-003,1,0,4,0
DEM-024261,INS-003,1,0,4,0
DEM-024267,INS-003,1,0,4,0
DEM-024274,INS-003,1,0,33,0
DEM-024275,INS-003,1,0,4,0
DEM-024276,INS-003,1,0,4,0
DEM-024281,INS-003,1,0,4,0
DEM-024284,INS-003,1,0,4,0
DEM-024292,INS-003,1,0,46,0
DEM-024296,INS-003,1,0,29,0
DEM-024299,INS-003,1,0,3,0
DEM-024300,INS-003,1,0,4,0
DEM-024301,INS-003,1,0,4,0
DEM-024302,INS-003,1,0,4,0
DEM-024309,INS-003,1,0,4,0
DEM-024324,INS-003,1,0,4,0
DEM-024328,INS-003,1,0,4,0
DEM-024337,INS-003,1,0,4,0
DEM-024338,INS-003,1,1,121,61628
DEM-024341,INS-003,1,0,30,0
DEM-024344,INS-003,1,0,3,0
DEM-024353,INS-003,1,0,2,0
DEM-024360,INS-003,1,0,17,0
DEM-024361,INS-003,1,0,3,0
DEM-024368,INS-003,1,0,3,0
DEM-024369,INS-003,1,0,4,0
DEM-024372,INS-003,1,0,1,0
DEM-024374,INS-003,1,0,3,0
DEM-024376,INS-003,1,0,4,0
DEM-024377,INS-003,1,0,32,0
DEM-024393,INS-003,1,0,3,0
DEM-024398,INS-003,1,0,4,0
DEM-024403,INS-003,1,0,14,0
DEM-024405,INS-003,0,0,4,0
DEM-024407,INS-003,1,0,39,0
DEM-024408,INS-003,1,0,4,0
DEM-024409,INS-003,1,0,30,0
DEM-024410,INS-003,0,0,10,0
DEM-024417,INS-003,1,0,4,0
DEM-024423,INS-003,1,0,31,0
DEM-024430,INS-003,1,0,9,0
DEM-024431,INS-003,1,0,3,0
DEM-024435,INS-003,1,0,17,0
DEM-024437,INS-003,1,0,4,0
DEM-024444,INS-003,1,1,90,125000
DEM-024449,INS-003,1,0,34,0
DEM-024453,INS-003,0,1,90,10416
DEM-024454,INS-003,1,0,4,0
DEM-024457,INS-003,1,0,1,0
DEM-024458,INS-003,1,0,34,0
DEM-024460,INS-003,1,0,3,0
DEM-024465,INS-003,1,0,4,0
DEM-024467,INS-003,1,0,34,0
DEM-024469,INS-003,0,0,2,0
DEM-024472,INS-003,1,0,0,0
DEM-024475,INS-003,1,0,3,0
DEM-024477,INS-003,1,0,4,0
DEM-024478,INS-003,1,0,4,0
DEM-024479,INS-003,1,0,4,0
DEM-024486,INS-003,1,0,4,0
DEM-024487,INS-003,1,0,4,0
DEM-024491,INS-003,1,0,2,0
DEM-024493,INS-003,1,0,4,0
DEM-024495,INS-003,1,0,4,0
DEM-024496,INS-003,1,0,4,0
DEM-024497,INS-003,1,0,4,0
DEM-024498,INS-003,1,0,1,0
DEM-024500,INS-003,1,0,26,0
DEM-024503,INS-003,1,0,29,0
DEM-024505,INS-003,1,1,90,63750
DEM-024510,INS-003,1,0,34,0
DEM-024512,INS-003,1,0,3,0
DEM-024520,INS-003,1,0,3,0
DEM-024522,INS-003,1,0,32,0
DEM-024523,INS-003,1,0,4,0
DEM-024524,INS-003,1,0,33,0
DEM-024528,INS-003,1,0,2,0
DEM-024532,INS-003,1,0,24,0
DEM-024533,INS-003,1,0,4,0
DEM-024534,INS-003,1,0,2,0
DEM-024535,INS-003,1,0,4,0
DEM-024537,INS-003,1,0,4,0
DEM-024538,INS-003,1,1,90,13077
DEM-024545,INS-003,1,0,3,0
DEM-024546,INS-003,1,0,4,0
DEM-024547,INS-003,1,0,4,0
DEM-024548,INS-003,1,0,0,0
DEM-024550,INS-003,0,0,8,0
DEM-024551,INS-003,1,0,3,0
DEM-024559,INS-003,1,0,4,0
DEM-024561,INS-003,1,0,4,0
DEM-024567,INS-003,1,0,21,0
DEM-024577,INS-003,1,0,4,0
DEM-024582,INS-003,1,0,2,0
DEM-024587,INS-003,1,1,90,7851
DEM-024588,INS-003,1,0,27,0
DEM-024589,INS-003,1,0,4,0
DEM-024596,INS-003,1,0,21,0
DEM-024597,INS-003,1,0,36,0
DEM-024598,INS-003,1,0,4,0
DEM-024602,INS-003,1,0,25,0
DEM-024603,INS-003,1,0,0,0
DEM-024604,INS-003,1,0,34,0
DEM-024605,INS-003,1,0,3,0
DEM-024608,INS-003,1,0,4,0
DEM-024609,INS-003,1,0,3,0
DEM-024611,INS-003,1,1,95,83333
DEM-024621,INS-003,0,0,30,0
DEM-024622,INS-003,1,0,3,0
DEM-024623,INS-003,1,0,0,0
DEM-024624,INS-003,1,0,4,0
DEM-024627,INS-003,0,0,4,0
DEM-024629,INS-003,1,0,4,0
DEM-024633,INS-003,1,0,25,0
DEM-024634,INS-003,1,0,4,0
DEM-024640,INS-003,1,0,9,0
DEM-024641,INS-003,1,0,3,0
DEM-024643,INS-003,1,0,4,0
DEM-024646,INS-003,1,0,3,0
DEM-024649,INS-003,1,0,4,0
DEM-024651,INS-003,1,0,1,0
DEM-024652,INS-003,1,0,4,0
DEM-024655,INS-003,1,0,4,0
DEM-024659,INS-003,1,1,90,36666
DEM-024661,INS-003,1,0,27,0
DEM-024662,INS-003,1,0,2,0
DEM-024665,INS-003,1,0,27,0
DEM-024668,INS-003,1,0,4,0
DEM-024669,INS-003,1,0,4,0
DEM-024670,INS-003,1,0,0,0
DEM-024676,INS-003,1,0,3,0
DEM-024686,INS-003,1,0,2,0
DEM-024691,INS-003,1,0,4,0
DEM-024694,INS-003,1,0,3,0
DEM-024695,INS-003,1,0,4,0
DEM-024699,INS-003,1,0,2,0
DEM-024700,INS-003,1,0,4,0
DEM-024701,INS-003,1,0,3,0
DEM-024706,INS-003,0,0,2,0
DEM-024709,INS-003,1,0,4,0
DEM-024710,INS-003,1,1,90,57083
DEM-024721,INS-003,0,0,4,0
DEM-024722,INS-003,1,1,90,29583
DEM-024723,INS-003,1,0,4,0
DEM-024724,INS-003,1,0,4,0
DEM-024727,INS-003,1,0,32,0
DEM-024732,INS-003,1,0,3,0
DEM-024735,INS-003,1,0,0,0
DEM-024739,INS-003,1,0,4,0
DEM-024742,INS-003,1,0,4,0
DEM-024743,INS-003,0,0,0,0
DEM-024745,INS-003,1,0,4,0
DEM-024751,INS-003,1,0,1,0
DEM-024755,INS-003,1,0,35,0
DEM-024758,INS-003,1,0,19,0
DEM-024759,INS-003,1,0,64,0
DEM-024760,INS-003,1,0,34,0
DEM-024761,INS-003,1,0,3,0
DEM-024763,INS-003,1,0,21,0
DEM-024766,INS-003,1,0,4,0
DEM-024768,INS-003,0,1,90,105416
DEM-024773,INS-003,1,0,26,0
DEM-024775,INS-003,1,0,85,0
DEM-024779,INS-003,0,1,121,70840
DEM-024781,INS-003,1,0,35,0
DEM-024782,INS-003,1,0,0,0
DEM-024784,INS-003,0,0,4,0
DEM-024789,INS-003,1,0,4,0
DEM-024790,INS-003,0,0,4,0
DEM-024794,INS-003,1,0,3,0
DEM-024798,INS-003,1,0,4,0
DEM-024802,INS-003,1,0,3,0
DEM-024803,INS-003,1,0,4,0
DEM-024804,INS-003,0,0,45,0
DEM-024805,INS-003,1,0,4,0
DEM-024808,INS-003,0,0,4,0
DEM-024809,INS-003,1,0,4,0
DEM-024810,INS-003,1,0,4,0
DEM-024811,INS-003,1,0,12,0
DEM-024815,INS-003,1,0,4,0
DEM-024821,INS-003,1,0,2,0
DEM-024823,INS-003,1,0,0,0
DEM-024824,INS-003,1,1,90,11622
DEM-024827,INS-003,1,0,1,0
DEM-024829,INS-003,1,0,3,0
DEM-024833,INS-003,1,0,3,0
DEM-024836,INS-003,1,0,4,0
DEM-024844,INS-003,1,0,3,0
DEM-024846,INS-003,1,0,10,0
DEM-024853,INS-003,1,0,29,0
DEM-024858,INS-003,1,0,2,0
DEM-024861,INS-003,1,1,90,13334
DEM-024875,INS-003,1,0,3,0
DEM-024876,INS-003,1,0,4,0
DEM-024880,INS-003,1,0,31,0
DEM-024885,INS-003,1,0,4,0
DEM-024886,INS-003,1,0,3,0
DEM-024890,INS-003,1,0,4,0
DEM-024892,INS-003,1,0,1,0
DEM-024893,INS-003,1,0,4,0
DEM-024895,INS-003,1,0,30,0
DEM-024897,INS-003,1,0,3,0
DEM-024899,INS-003,1,0,0,0
DEM-024901,INS-003,1,0,3,0
DEM-024902,INS-003,1,0,4,0
DEM-024906,INS-003,1,0,3,0
DEM-024914,INS-003,1,0,34,0
DEM-024916,INS-003,1,0,4,0
DEM-024917,INS-003,1,0,4,0
DEM-024919,INS-003,1,0,4,0
DEM-024926,INS-003,1,1,90,62500
DEM-024929,INS-003,0,0,4,0
DEM-024930,INS-003,1,0,4,0
DEM-024933,INS-003,1,0,4,0
DEM-024937,INS-003,1,0,4,0
DEM-024941,INS-003,1,0,22,0
DEM-024943,INS-003,1,1,90,50416
DEM-024948,INS-003,1,0,4,0
DEM-024951,INS-003,1,0,4,0
DEM-024956,INS-003,1,1,119,195832
DEM-024963,INS-003,0,0,4,0
DEM-024967,INS-003,1,0,4,0
DEM-024970,INS-003,1,0,4,0
DEM-024971,INS-003,1,0,4,0
DEM-024972,INS-003,1,0,40,0
DEM-024980,INS-003,1,0,0,0
DEM-024982,INS-003,0,0,63,0
DEM-024983,INS-003,1,0,2,0
DEM-024987,INS-003,1,0,4,0
DEM-024994,INS-003,1,0,51,0
DEM-024995,INS-003,1,0,0,0
DEM-024997,INS-003,1,0,5,0
DEM-024998,INS-003,1,0,2,0
DEM-025007,INS-003,1,0,4,0
DEM-025023,INS-003,1,0,4,0
DEM-025025,INS-003,1,0,9,0
DEM-025027,INS-003,1,0,34,0
DEM-025028,INS-003,1,0,1,0
DEM-025030,INS-003,1,0,4,0
DEM-025031,INS-003,1,0,4,0
DEM-025039,INS-003,1,0,2,0
DEM-025041,INS-003,1,0,2,0
DEM-025044,INS-003,0,0,3,0
DEM-025047,INS-003,1,0,8,0
DEM-025050,INS-003,1,0,75,0
DEM-025052,INS-003,1,0,2,0
DEM-025061,INS-003,1,0,26,0
DEM-025067,INS-003,1,0,1,0
DEM-025070,INS-003,1,0,3,0
DEM-025073,INS-003,1,0,3,0
DEM-025074,INS-003,1,0,27,0
DEM-025078,INS-003,1,0,4,0
DEM-025082,INS-003,1,0,4,0
DEM-025083,INS-003,1,0,4,0
DEM-025084,INS-003,1,0,4,0
DEM-025086,INS-003,1,0,31,0
DEM-025088,INS-003,1,0,3,0
DEM-025092,INS-003,1,0,4,0
DEM-025093,INS-003,1,0,4,0
DEM-025094,INS-003,1,0,4,0
DEM-025095,INS-003,1,0,4,0
DEM-025097,INS-003,1,0,7,0
DEM-025098,INS-003,1,1,90,62083
DEM-025102,INS-003,1,1,90,50000
DEM-025110,INS-003,1,0,4,0
DEM-025111,INS-003,1,0,22,0
DEM-025113,INS-003,1,0,4,0
DEM-025115,INS-003,1,0,4,0
DEM-025117,INS-003,1,0,29,0
DEM-025121,INS-003,1,0,4,0
DEM-025124,INS-003,1,0,4,0
DEM-025130,INS-003,1,0,4,0
DEM-025132,INS-003,1,0,10,0
DEM-025133,INS-003,1,0,3,0
DEM-025142,INS-003,1,0,0,0
DEM-025144,INS-003,1,0,28,0
DEM-025147,INS-003,1,0,2,0
DEM-025151,INS-003,1,0,4,0
DEM-025152,INS-003,1,0,4,0
DEM-025154,INS-003,1,0,32,0
DEM-025160,INS-003,1,0,4,0
DEM-025161,INS-003,1,0,25,0
DEM-025166,INS-003,1,0,4,0
DEM-025167,INS-003,1,0,32,0
DEM-025173,INS-003,1,0,4,0
DEM-025174,INS-003,1,0,28,0
DEM-025190,INS-003,1,0,15,0
DEM-025192,INS-003,0,0,4,0
DEM-025194,INS-003,0,0,4,0
DEM-025196,INS-003,1,0,35,0
DEM-025202,INS-003,1,0,23,0
DEM-025205,INS-003,0,0,0,0
DEM-025206,INS-003,1,0,3,0
DEM-025211,INS-003,1,0,4,0
DEM-025212,INS-003,1,0,4,0
DEM-025213,INS-003,1,0,4,0
DEM-025221,INS-003,1,0,4,0
DEM-025229,INS-003,1,0,4,0
DEM-025231,INS-003,1,0,29,0
DEM-025235,INS-003,1,0,1,0
DEM-025238,INS-003,1,0,4,0
DEM-025243,INS-003,1,0,16,0
DEM-025244,INS-003,1,0,4,0
DEM-025245,INS-003,1,0,4,0
DEM-025247,INS-003,1,0,33,0
DEM-025250,INS-003,1,0,11,0
DEM-025254,INS-003,1,0,3,0
DEM-025255,INS-003,1,0,0,0
DEM-025259,INS-003,1,0,4,0
DEM-025260,INS-003,1,0,17,0
DEM-025261,INS-003,1,0,3,0
DEM-025264,INS-003,1,0,1,0
DEM-025269,INS-003,1,0,4,0
DEM-025270,INS-003,1,0,3,0
DEM-025271,INS-003,1,0,4,0
DEM-025272,INS-003,0,0,3,0
DEM-025273,INS-003,1,0,6,0
DEM-025279,INS-003,1,0,31,0
DEM-025285,INS-003,1,0,3,0
DEM-025289,INS-003,1,0,23,0
DEM-025294,INS-003,1,0,3,0
DEM-025297,INS-003,1,0,4,0
DEM-025300,INS-003,1,0,0,0
DEM-025303,INS-003,1,0,4,0
DEM-025304,INS-003,1,1,90,125000
DEM-025305,INS-003,1,0,66,0
DEM-025306,INS-003,1,0,15,0
DEM-025307,INS-003,1,0,3,0
DEM-025312,INS-003,1,0,4,0
DEM-025316,INS-003,1,0,29,0
DEM-025320,INS-003,1,0,3,0
DEM-025322,INS-003,1,0,42,0
DEM-025325,INS-003,1,0,4,0
DEM-025326,INS-003,1,0,4,0
DEM-025327,INS-003,1,0,2,0
DEM-025329,INS-003,1,0,4,0
DEM-025330,INS-003,1,0,0,0
DEM-025333,INS-003,1,0,1,0
DEM-025341,INS-003,1,0,4,0
DEM-025346,INS-003,1,0,3,0
DEM-025357,INS-003,1,0,3,0
DEM-025363,INS-003,1,0,1,0
DEM-025364,INS-003,1,0,27,0
DEM-025365,INS-003,0,0,4,0
DEM-025367,INS-003,1,0,4,0
DEM-025371,INS-003,1,0,0,0
DEM-025373,INS-003,1,1,90,41666
DEM-025374,INS-003,1,0,4,0
DEM-025379,INS-003,1,0,3,0
DEM-025382,INS-003,0,0,4,0
DEM-025387,INS-003,1,0,13,0
DEM-025391,INS-003,1,1,90,116666
DEM-025393,INS-003,0,0,4,0
DEM-025397,INS-003,1,0,4,0
DEM-025400,INS-003,1,0,4,0
DEM-025401,INS-003,1,0,4,0
DEM-025403,INS-003,1,0,4,0
DEM-025406,INS-003,1,0,3,0
DEM-025410,INS-003,1,0,43,0
DEM-025412,INS-003,1,0,4,0
DEM-025414,INS-003,1,0,4,0
DEM-025419,INS-003,1,0,1,0
DEM-025421,INS-003,1,0,74,0
DEM-025424,INS-003,1,0,4,0
DEM-025436,INS-003,1,0,5,0
DEM-025449,INS-003,1,0,31,0
DEM-025450,INS-003,1,0,2,0
DEM-025454,INS-003,1,0,4,0
DEM-025457,INS-003,1,0,52,0
DEM-025459,INS-003,1,0,3,0
DEM-025469,INS-003,1,0,4,0
DEM-025470,INS-003,1,0,64,0
DEM-025474,INS-003,1,0,4,0
DEM-025478,INS-003,1,0,3,0
DEM-025479,INS-003,1,1,90,48333
DEM-025482,INS-003,1,0,0,0
DEM-025485,INS-003,1,0,4,0
DEM-025493,INS-003,1,0,4,0
DEM-025494,INS-003,1,0,4,0
DEM-025496,INS-003,1,0,2,0
DEM-025508,INS-003,1,0,4,0
DEM-025509,INS-003,1,0,4,0
DEM-025515,INS-003,1,0,4,0
DEM-025519,INS-003,1,0,4,0
DEM-025521,INS-003,1,0,4,0
DEM-025525,INS-003,1,0,4,0
DEM-025527,INS-003,1,0,4,0
DEM-025528,INS-003,1,0,33,0
DEM-025530,INS-003,0,0,4,0
DEM-025533,INS-003,0,0,4,0
DEM-025534,INS-003,1,0,30,0
DEM-025535,INS-003,1,0,3,0
DEM-025536,INS-003,1,0,2,0
DEM-025537,INS-003,1,0,4,0
DEM-025538,INS-003,0,0,34,0
DEM-025539,INS-003,1,0,2,0
DEM-025544,INS-003,1,0,28,0
DEM-025548,INS-003,1,0,2,0
DEM-025549,INS-003,1,0,4,0
DEM-025550,INS-003,1,0,4,0
DEM-025555,INS-003,0,1,90,70000
DEM-025557,INS-003,1,0,4,0
DEM-025564,INS-003,1,0,3,0
DEM-025569,INS-003,1,0,3,0
DEM-025570,INS-003,1,0,4,0
DEM-025577,INS-003,1,0,4,0
DEM-025579,INS-003,1,0,27,0
DEM-025582,INS-003,1,0,4,0
DEM-025584,INS-003,1,1,90,56842
DEM-025587,INS-003,1,0,3,0
DEM-025588,INS-003,1,0,3,0
DEM-025590,INS-003,1,1,90,71674
DEM-025595,INS-003,1,0,4,0
DEM-025596,INS-003,1,0,4,0
DEM-025598,INS-003,1,0,4,0
DEM-025600,INS-003,1,0,3,0
DEM-025601,INS-003,1,0,24,0
DEM-025602,INS-003,1,0,1,0
DEM-025603,INS-003,1,0,4,0
DEM-025604,INS-003,1,0,4,0
DEM-025605,INS-003,1,0,2,0
DEM-025606,INS-003,1,0,2,0
DEM-025608,INS-003,1,0,2,0
DEM-025609,INS-003,1,0,2,0
DEM-025612,INS-003,1,0,4,0
DEM-025613,INS-003,1,0,30,0
DEM-025615,INS-003,0,0,3,0
DEM-025633,INS-003,1,0,4,0
DEM-025636,INS-003,1,0,3,0
DEM-025637,INS-003,1,0,4,0
DEM-025639,INS-003,0,0,2,0
DEM-025641,INS-003,1,0,2,0
DEM-025644,INS-003,1,0,34,0
DEM-025650,INS-003,1,0,21,0
DEM-025659,INS-003,1,0,4,0
DEM-025661,INS-003,1,0,26,0
DEM-025663,INS-003,1,0,22,0
DEM-025666,INS-003,1,0,32,0
DEM-025667,INS-003,1,0,27,0
DEM-025668,INS-003,1,0,4,0
DEM-025670,INS-003,1,0,4,0
DEM-025671,INS-003,1,0,28,0
DEM-025672,INS-003,1,0,3,0
DEM-025673,INS-003,1,1,90,63420
DEM-025679,INS-003,1,0,42,0
DEM-025680,INS-003,1,0,3,0
DEM-025681,INS-003,1,0,9,0
DEM-025682,INS-003,1,0,3,0
DEM-025683,INS-003,1,1,90,23333
DEM-025684,INS-003,1,0,29,0
DEM-025686,INS-003,1,0,7,0
DEM-025687,INS-003,1,0,4,0
DEM-025689,INS-003,1,0,4,0
DEM-025691,INS-003,1,0,3,0
DEM-025692,INS-003,1,0,2,0
DEM-025693,INS-003,0,0,9,0
DEM-025694,INS-003,1,0,30,0
DEM-025695,INS-003,1,0,4,0
DEM-025696,INS-003,1,0,4,0
DEM-025706,INS-003,1,0,28,0
DEM-025708,INS-003,1,0,3,0
DEM-025710,INS-003,1,0,4,0
DEM-025711,INS-003,1,0,4,0
DEM-025712,INS-003,1,0,1,0
DEM-025716,INS-003,1,0,35,0
DEM-025721,INS-003,1,0,4,0
DEM-025722,INS-003,1,0,3,0
DEM-025723,INS-003,1,0,24,0
DEM-025724,INS-003,1,0,2,0
DEM-025728,INS-003,1,0,3,0
DEM-025729,INS-003,1,0,1,0
DEM-025730,INS-003,1,0,20,0
DEM-025732,INS-003,1,0,32,0
DEM-025733,INS-003,1,0,36,0
DEM-025744,INS-003,1,0,4,0
DEM-025746,INS-003,1,0,30,0
DEM-025749,INS-003,0,0,63,0
DEM-025752,INS-003,1,0,50,0
DEM-025755,INS-003,1,1,90,50000
DEM-025756,INS-003,1,0,28,0
DEM-025765,INS-003,1,1,90,40000
DEM-025767,INS-003,1,0,24,0
DEM-025769,INS-003,1,0,4,0
DEM-025770,INS-003,1,1,90,50000
DEM-025773,INS-003,1,0,2,0
DEM-025774,INS-003,1,1,90,25833
DEM-025776,INS-003,1,0,3,0
DEM-025779,INS-003,1,0,2,0
DEM-025780,INS-003,1,0,35,0
DEM-025787,INS-003,1,0,2,0
DEM-025788,INS-003,1,0,3,0
DEM-025793,INS-003,1,0,3,0
DEM-025794,INS-003,1,0,0,0
DEM-025803,INS-003,1,0,59,0
DEM-025804,INS-003,1,0,4,0
DEM-025805,INS-003,0,0,3,0
DEM-025808,INS-003,1,0,32,0
DEM-025809,INS-003,1,0,3,0
DEM-025814,INS-003,1,0,4,0
DEM-025817,INS-003,1,0,3,0
DEM-025818,INS-003,1,0,0,0
DEM-025823,INS-003,1,0,0,0
DEM-025824,INS-003,1,0,59,0
DEM-025825,INS-003,1,0,4,0
DEM-025826,INS-003,1,0,27,0
DEM-025827,INS-003,1,0,32,0
DEM-025829,INS-003,1,0,0,0
DEM-025834,INS-003,1,1,121,36260
DEM-025837,INS-003,1,0,4,0
DEM-025838,INS-003,0,0,4,0
DEM-025841,INS-003,1,0,3,0
DEM-025848,INS-003,1,0,4,0
DEM-025851,INS-003,0,0,3,0
DEM-025856,INS-003,1,0,3,0
DEM-025862,INS-003,1,0,34,0
DEM-025864,INS-003,1,0,35,0
DEM-025866,INS-003,1,0,4,0
DEM-025869,INS-003,1,0,3,0
DEM-025872,INS-003,1,0,2,0
DEM-025875,INS-003,1,0,4,0
DEM-025882,INS-003,1,0,4,0
DEM-025885,INS-003,1,0,3,0
DEM-025889,INS-003,1,0,4,0
DEM-025891,INS-003,1,0,4,0
DEM-025898,INS-003,1,0,4,0
DEM-025904,INS-003,1,0,4,0
DEM-025906,INS-003,1,0,3,0
DEM-025907,INS-003,1,0,3,0
DEM-025908,INS-003,1,0,4,0
DEM-025909,INS-003,1,0,1,0
DEM-025910,INS-003,1,0,4,0
DEM-025911,INS-003,1,0,4,0
DEM-025912,INS-003,1,0,21,0
DEM-025913,INS-003,1,0,4,0
DEM-025914,INS-003,1,0,2,0
DEM-025918,INS-003,1,0,3,0
DEM-025925,INS-003,1,0,3,0
DEM-025934,INS-003,1,0,8,0
DEM-025936,INS-003,1,0,4,0
DEM-025938,INS-003,1,0,30,0
DEM-025940,INS-003,1,0,0,0
DEM-025944,INS-003,1,0,1,0
DEM-025947,INS-003,1,0,34,0
DEM-025948,INS-003,1,0,4,0
DEM-025949,INS-003,1,0,4,0
DEM-025950,INS-003,1,0,4,0
DEM-025952,INS-003,1,0,13,0
DEM-025957,INS-003,1,0,4,0
DEM-025959,INS-003,1,0,4,0
DEM-025960,INS-003,1,0,4,0
DEM-025963,INS-003,1,0,4,0
DEM-025965,INS-003,1,0,3,0
DEM-025966,INS-003,1,0,1,0
DEM-025967,INS-003,1,0,3,0
DEM-025968,INS-003,1,0,4,0
DEM-025972,INS-003,1,0,4,0
DEM-025973,INS-003,1,0,4,0
DEM-025974,INS-003,1,0,4,0
DEM-025977,INS-003,1,1,90,50000
DEM-025978,INS-003,1,0,4,0
DEM-025979,INS-003,1,0,2,0
DEM-025980,INS-003,1,0,17,0
DEM-025983,INS-003,1,0,20,0
DEM-025995,INS-003,1,0,4,0
DEM-025998,INS-003,1,0,4,0
DEM-025999,INS-003,1,0,4,0
DEM-026000,INS-003,1,0,2,0
DEM-026002,INS-003,1,0,0,0
DEM-026005,INS-003,1,0,4,0
DEM-026006,INS-003,1,0,1,0
DEM-026011,INS-003,1,1,90,31666
DEM-026012,INS-003,1,0,4,0
DEM-026013,INS-003,0,0,2,0
DEM-026018,INS-003,1,0,0,0
DEM-026019,INS-003,1,0,4,0
DEM-026025,INS-003,1,0,26,0
DEM-026027,INS-003,1,0,3,0
DEM-026030,INS-003,1,0,27,0
DEM-026032,INS-003,1,1,90,22633
DEM-026039,INS-003,1,0,33,0
DEM-026040,INS-003,1,0,4,0
DEM-026044,INS-003,1,0,3,0
DEM-026047,INS-003,1,0,17,0
DEM-026048,INS-003,1,0,3,0
DEM-026049,INS-003,1,0,4,0
DEM-026054,INS-003,1,0,2,0
DEM-026055,INS-003,1,0,4,0
DEM-026056,INS-003,1,0,15,0
DEM-026058,INS-003,1,0,3,0
DEM-026065,INS-003,1,0,35,0
DEM-026067,INS-003,1,0,3,0
DEM-026072,INS-003,1,0,4,0
DEM-026073,INS-003,1,1,121,5022
DEM-026075,INS-003,1,0,18,0
DEM-026077,INS-003,1,0,2,0
DEM-026078,INS-003,1,1,90,57500
DEM-026084,INS-003,1,0,4,0
DEM-026088,INS-003,1,0,3,0
DEM-026090,INS-003,1,0,4,0
DEM-026091,INS-003,1,0,4,0
DEM-026092,INS-003,1,0,3,0
DEM-026095,INS-003,1,0,29,0
DEM-026099,INS-003,1,0,4,0
DEM-026103,INS-003,1,0,4,0
DEM-026110,INS-003,1,0,4,0
DEM-026111,INS-003,1,0,33,0
DEM-026112,INS-003,1,0,1,0
DEM-026113,INS-003,1,0,30,0
DEM-026118,INS-003,1,0,37,0
DEM-026129,INS-003,1,0,4,0
DEM-026133,INS-003,1,0,4,0
DEM-026135,INS-003,1,0,25,0
DEM-026136,INS-003,1,0,4,0
DEM-026142,INS-003,1,0,3,0
DEM-026146,INS-003,1,0,4,0
DEM-026147,INS-003,1,1,90,67916
DEM-026149,INS-003,1,0,2,0
DEM-026161,INS-003,1,1,120,166666
DEM-026162,INS-003,1,0,61,0
DEM-026170,INS-003,1,0,4,0
DEM-026172,INS-003,1,0,1,0
DEM-026174,INS-003,1,0,4,0
DEM-026175,INS-003,1,0,8,0
DEM-026176,INS-003,1,0,3,0
DEM-026177,INS-003,1,1,90,125000
DEM-026181,INS-003,1,0,3,0
DEM-026186,INS-003,1,0,4,0
DEM-026188,INS-003,1,0,4,0
DEM-026189,INS-003,1,0,2,0
DEM-026190,INS-003,1,0,10,0
DEM-026191,INS-003,1,0,0,0
DEM-026194,INS-003,1,0,65,0
DEM-026195,INS-003,1,0,30,0
DEM-026200,INS-003,1,1,90,50000
DEM-026202,INS-003,1,0,1,0
DEM-026207,INS-003,1,1,90,12500
DEM-026211,INS-003,1,0,4,0
DEM-026212,INS-003,1,0,4,0
DEM-026213,INS-003,1,0,2,0
DEM-026216,INS-003,1,1,90,20000
DEM-026219,INS-003,1,0,4,0
DEM-026224,INS-003,1,0,2,0
DEM-026225,INS-003,1,1,90,25000
DEM-026226,INS-003,1,0,4,0
DEM-026230,INS-003,1,0,4,0
DEM-026232,INS-003,1,0,4,0
DEM-026235,INS-003,1,0,4,0
DEM-026238,INS-003,1,0,4,0
DEM-026243,INS-003,1,0,1,0
DEM-026245,INS-003,1,0,4,0
DEM-026247,INS-003,0,0,3,0
DEM-026250,INS-003,1,0,4,0
DEM-026253,INS-003,1,0,4,0
DEM-026257,INS-003,1,0,3,0
DEM-026260,INS-003,1,0,27,0
DEM-026263,INS-003,1,0,4,0
DEM-026266,INS-003,1,0,4,0
DEM-026267,INS-003,1,0,10,0
DEM-026271,INS-003,1,0,4,0
DEM-026273,INS-003,1,0,0,0
DEM-026274,INS-003,1,0,3,0
DEM-026275,INS-003,1,0,4,0
DEM-026276,INS-003,1,0,4,0
DEM-026283,INS-003,1,0,0,0
DEM-026284,INS-003,1,0,3,0
DEM-026289,INS-003,1,0,18,0
DEM-026291,INS-003,1,0,4,0
DEM-026294,INS-003,1,0,47,0
DEM-026295,INS-003,1,0,2,0
DEM-026296,INS-003,1,0,4,0
DEM-026298,INS-003,0,0,13,0
DEM-026300,INS-003,1,0,4,0
DEM-026304,INS-003,1,0,2,0
DEM-026308,INS-003,1,1,90,50000
DEM-026309,INS-003,1,0,31,0
DEM-026312,INS-003,1,0,4,0
DEM-026314,INS-003,1,0,4,0
DEM-026316,INS-003,1,0,0,0
DEM-026318,INS-003,0,0,4,0
DEM-026321,INS-003,1,0,2,0
DEM-026323,INS-003,1,1,90,77083
DEM-026326,INS-003,1,0,3,0
DEM-026330,INS-003,1,0,1,0
DEM-026332,INS-003,0,0,4,0
DEM-026333,INS-003,1,0,4,0
DEM-026334,INS-003,1,0,0,0
DEM-026336,INS-003,1,0,4,0
DEM-026342,INS-003,1,0,4,0
DEM-026343,INS-003,1,0,4,0
DEM-026345,INS-003,1,0,29,0
DEM-026354,INS-003,1,0,0,0
DEM-026359,INS-003,1,0,3,0
DEM-026362,INS-003,1,1,90,67083
DEM-026363,INS-003,1,0,3,0
DEM-026366,INS-003,0,0,29,0
DEM-026367,INS-003,1,0,4,0
DEM-026370,INS-003,1,0,0,0
DEM-026378,INS-003,1,0,24,0
DEM-026380,INS-003,0,0,4,0
DEM-026386,INS-003,1,0,31,0
DEM-026387,INS-003,1,0,4,0
DEM-026388,INS-003,1,0,4,0
DEM-026389,INS-003,1,0,4,0
DEM-026392,INS-003,0,0,4,0
DEM-026394,INS-003,0,0,4,0
DEM-026398,INS-003,1,0,31,0
DEM-026402,INS-003,1,0,3,0
DEM-026405,INS-003,1,0,20,0
DEM-026413,INS-003,1,0,4,0
DEM-026415,INS-003,1,0,4,0
DEM-026417,INS-003,1,0,4,0
DEM-026418,INS-003,1,0,4,0
DEM-026421,INS-003,1,0,4,0
DEM-026423,INS-003,1,0,4,0
DEM-026424,INS-003,1,0,4,0
DEM-026426,INS-003,1,0,4,0
DEM-026427,INS-003,1,0,0,0
DEM-026429,INS-003,1,0,2,0
DEM-026430,INS-003,1,1,90,94583
DEM-026431,INS-003,1,0,3,0
DEM-026432,INS-003,1,0,3,0
DEM-026433,INS-003,1,0,28,0
DEM-026436,INS-003,1,0,4,0
DEM-026438,INS-003,1,0,4,0
DEM-026439,INS-003,1,0,1,0
DEM-026440,INS-003,1,0,0,0
DEM-026443,INS-003,1,0,1,0
DEM-026444,INS-003,1,0,3,0
DEM-026446,INS-003,1,0,1,0
DEM-026454,INS-003,1,1,90,125000
DEM-026458,INS-003,1,0,2,0
DEM-026462,INS-003,1,0,0,0
DEM-026467,INS-003,1,0,2,0
DEM-026472,INS-003,1,0,4,0
DEM-026474,INS-003,1,0,2,0
DEM-026476,INS-003,1,0,4,0
DEM-026477,INS-003,1,0,3,0
DEM-026479,INS-003,1,0,1,0
DEM-026483,INS-003,1,0,4,0
DEM-026485,INS-003,1,1,90,23198
DEM-026496,INS-003,1,0,3,0
DEM-026509,INS-003,1,0,3,0
DEM-026512,INS-003,1,0,4,0
DEM-026513,INS-003,1,0,4,0
DEM-026517,INS-003,1,0,24,0
DEM-026520,INS-003,1,1,90,39170
DEM-026524,INS-003,1,0,13,0
DEM-026526,INS-003,1,0,2,0
DEM-026533,INS-003,1,0,0,0
DEM-026535,INS-003,1,0,3,0
DEM-026536,INS-003,1,0,4,0
DEM-026544,INS-003,1,0,4,0
DEM-026547,INS-003,1,0,4,0
DEM-026548,INS-003,1,0,0,0
DEM-026549,INS-003,1,1,90,34922
DEM-026550,INS-003,1,0,2,0
DEM-026555,INS-003,1,0,2,0
DEM-026557,INS-003,1,0,3,0
DEM-026558,INS-003,1,0,3,0
DEM-026561,INS-003,1,0,4,0
DEM-026566,INS-003,1,0,4,0
DEM-026567,INS-003,1,0,4,0
DEM-026568,INS-003,1,0,4,0
DEM-026576,INS-003,1,0,4,0
DEM-026578,INS-003,1,0,46,0
DEM-026580,INS-003,0,0,3,0
DEM-026583,INS-003,1,0,4,0
DEM-026591,INS-003,1,0,0,0
DEM-026595,INS-003,1,0,2,0
DEM-026597,INS-003,1,0,0,0
DEM-026600,INS-003,1,0,3,0
DEM-026602,INS-003,0,0,4,0
DEM-026608,INS-003,1,0,22,0
DEM-026609,INS-003,1,0,2,0
DEM-026611,INS-003,1,0,34,0
DEM-026615,INS-003,1,1,90,40556
DEM-026621,INS-003,1,1,90,118750
DEM-026623,INS-003,1,0,32,0
DEM-026624,INS-003,1,0,24,0
DEM-026632,INS-003,1,1,90,34166
DEM-026634,INS-003,1,1,121,185832
DEM-026640,INS-003,0,0,53,0
DEM-026646,INS-003,1,1,90,50000
DEM-026648,INS-003,1,0,2,0
DEM-026655,INS-003,1,0,4,0
DEM-026667,INS-003,1,0,0,0
DEM-026668,INS-003,1,0,4,0
DEM-026669,INS-003,1,0,4,0
DEM-026670,INS-003,1,0,1,0
DEM-026676,INS-003,1,0,0,0
DEM-026681,INS-003,1,0,0,0
DEM-026688,INS-003,1,0,1,0
DEM-026691,INS-003,1,0,25,0
DEM-026692,INS-003,1,0,8,0
DEM-026693,INS-003,1,0,4,0
DEM-026697,INS-003,1,0,0,0
DEM-026699,INS-003,1,0,4,0
DEM-026701,INS-003,1,0,4,0
DEM-026705,INS-003,1,0,3,0
DEM-026713,INS-003,1,0,32,0
DEM-026714,INS-003,1,0,4,0
DEM-026716,INS-003,1,0,32,0
DEM-026719,INS-003,1,0,4,0
DEM-026720,INS-003,1,0,4,0
DEM-026721,INS-003,1,0,4,0
DEM-026723,INS-003,1,1,90,60669
DEM-026726,INS-003,1,0,4,0
DEM-026727,INS-003,1,0,4,0
DEM-026730,INS-003,1,0,4,0
DEM-026734,INS-003,1,0,3,0
DEM-026735,INS-003,1,0,0,0
DEM-026737,INS-003,1,0,4,0
DEM-026738,INS-003,1,0,9,0
DEM-026740,INS-003,0,0,14,0
DEM-026742,INS-003,1,0,34,0
DEM-026745,INS-003,1,0,3,0
DEM-026747,INS-003,1,0,3,0
DEM-026752,INS-003,1,0,4,0
DEM-026754,INS-003,1,1,108,295385
DEM-026755,INS-003,1,1,90,125000
DEM-026756,INS-003,1,0,1,0
DEM-026758,INS-003,1,1,102,16666
DEM-026760,INS-003,0,0,2,0
DEM-026763,INS-003,1,0,26,0
DEM-026767,INS-003,1,0,31,0
DEM-026768,INS-003,1,0,4,0
DEM-026774,INS-003,1,0,4,0
DEM-026775,INS-003,1,0,0,0
DEM-026782,INS-003,1,0,2,0
DEM-026784,INS-003,1,0,3,0
DEM-026788,INS-003,1,0,20,0
DEM-026793,INS-003,1,0,0,0
DEM-026794,INS-003,1,0,3,0
DEM-026795,INS-003,1,0,3,0
DEM-026796,INS-003,1,0,4,0
DEM-026799,INS-003,1,0,4,0
DEM-026800,INS-003,1,0,0,0
DEM-026805,INS-003,1,0,0,0
DEM-026810,INS-003,1,0,4,0
DEM-026815,INS-003,1,0,4,0
DEM-026819,INS-003,1,1,90,21462
DEM-026820,INS-003,1,0,2,0
DEM-026823,INS-003,1,0,4,0
DEM-026824,INS-003,1,1,90,10506
DEM-026825,INS-003,1,0,3,0
DEM-026826,INS-003,0,1,121,245000
DEM-026828,INS-003,1,0,3,0
DEM-026829,INS-003,1,0,3,0
DEM-026832,INS-003,1,0,21,0
DEM-026835,INS-003,1,0,4,0
DEM-026836,INS-003,1,0,4,0
DEM-026837,INS-003,1,0,4,0
DEM-026838,INS-003,1,0,3,0
DEM-026839,INS-003,1,0,58,0
DEM-026840,INS-003,1,0,19,0
DEM-026841,INS-003,1,0,4,0
DEM-026849,INS-003,1,1,90,37222
DEM-026852,INS-003,1,0,33,0
DEM-026853,INS-003,1,0,25,0
DEM-026856,INS-003,1,0,14,0
DEM-026859,INS-003,1,0,4,0
DEM-026860,INS-003,1,0,4,0
DEM-026861,INS-003,1,0,35,0
DEM-026862,INS-003,1,0,4,0
DEM-026863,INS-003,1,0,3,0
DEM-026864,INS-003,1,0,3,0
DEM-026865,INS-003,1,0,4,0
DEM-026868,INS-003,1,0,4,0
DEM-026873,INS-003,1,0,0,0
DEM-026875,INS-003,1,0,32,0
DEM-026876,INS-003,1,0,2,0
DEM-026880,INS-003,1,0,0,0
DEM-026883,INS-003,1,0,4,0
DEM-026895,INS-003,1,0,34,0
DEM-026900,INS-003,1,0,3,0
DEM-026904,INS-003,1,0,0,0
DEM-026905,INS-003,1,0,29,0
DEM-026906,INS-003,1,0,35,0
DEM-026908,INS-003,0,0,4,0
DEM-026909,INS-003,1,0,3,0
DEM-026914,INS-003,1,0,4,0
DEM-026918,INS-003,1,0,7,0
DEM-026919,INS-003,1,0,29,0
DEM-026926,INS-003,0,0,4,0
DEM-026927,INS-003,1,1,97,57500
DEM-026931,INS-003,1,0,29,0
DEM-026939,INS-003,1,0,4,0
DEM-026940,INS-003,1,0,66,0
DEM-026945,INS-003,1,0,17,0
DEM-026946,INS-003,1,0,41,0
DEM-026947,INS-003,1,0,0,0
DEM-026949,INS-003,1,0,2,0
DEM-026951,INS-003,1,0,2,0
DEM-026953,INS-003,1,0,1,0
DEM-026958,INS-003,1,0,3,0
DEM-026961,INS-003,1,0,4,0
DEM-026962,INS-003,1,0,3,0
DEM-026963,INS-003,1,0,4,0
DEM-026965,INS-003,1,0,3,0
DEM-026966,INS-003,1,0,4,0
DEM-026968,INS-003,1,0,0,0
DEM-026969,INS-003,1,0,3,0
DEM-026970,INS-003,1,0,16,0
DEM-026972,INS-003,1,0,5,0
DEM-026977,INS-003,1,0,4,0
DEM-026983,INS-003,1,0,4,0
DEM-026988,INS-003,1,0,3,0
DEM-026991,INS-003,1,0,0,0
DEM-026993,INS-003,1,0,4,0
DEM-026994,INS-003,1,0,4,0
DEM-027001,INS-003,1,0,32,0
DEM-027006,INS-003,1,0,2,0
DEM-027012,INS-003,1,1,90,21795
DEM-027013,INS-003,1,1,121,41285
DEM-027014,INS-003,1,0,4,0
DEM-027017,INS-003,1,0,2,0
DEM-027018,INS-003,1,0,1,0
DEM-027024,INS-003,1,0,4,0
DEM-027039,INS-003,1,0,4,0
DEM-027041,INS-003,1,0,3,0
DEM-027042,INS-003,1,0,4,0
DEM-027044,INS-003,1,0,15,0
DEM-027046,INS-003,1,0,3,0
DEM-027049,INS-003,0,0,2,0
DEM-027050,INS-003,1,0,3,0
DEM-027055,INS-003,0,0,2,0
DEM-027057,INS-003,1,0,4,0
DEM-027060,INS-003,1,0,1,0
DEM-027062,INS-003,1,0,19,0
DEM-027070,INS-003,1,0,3,0
DEM-027073,INS-003,1,0,28,0
DEM-027074,INS-003,1,0,4,0
DEM-027075,INS-003,1,0,3,0
DEM-027080,INS-003,1,0,4,0
DEM-027095,INS-003,1,0,4,0
DEM-027102,INS-003,1,0,34,0
DEM-027106,INS-003,1,0,3,0
DEM-027115,INS-003,0,1,90,55416
DEM-027118,INS-003,0,0,30,0
DEM-027122,INS-003,1,0,4,0
DEM-027126,INS-003,1,0,4,0
DEM-027128,INS-003,1,0,79,0
DEM-027131,INS-003,1,0,4,0
DEM-027132,INS-003,0,0,37,0
DEM-027136,INS-003,0,0,27,0
DEM-027137,INS-003,1,0,4,0
DEM-027140,INS-003,1,0,2,0
DEM-027142,INS-003,1,0,2,0
DEM-027145,INS-003,1,0,8,0
DEM-027149,INS-003,1,0,0,0
DEM-027150,INS-003,1,1,90,20000
DEM-027155,INS-003,1,1,90,2848
DEM-027156,INS-003,1,0,4,0
DEM-027157,INS-003,1,0,3,0
DEM-027170,INS-003,1,0,4,0
DEM-027172,INS-003,1,1,90,125000
DEM-027178,INS-003,1,0,29,0
DEM-027179,INS-003,1,0,3,0
DEM-027186,INS-003,1,0,20,0
DEM-027188,INS-003,1,0,2,0
DEM-027189,INS-003,1,0,4,0
DEM-027195,INS-003,1,0,4,0
DEM-027198,INS-003,1,0,1,0
DEM-027199,INS-003,1,0,27,0
DEM-027204,INS-003,1,0,4,0
DEM-027211,INS-003,1,0,2,0
DEM-027212,INS-003,1,1,90,49587
DEM-027216,INS-003,1,0,35,0
DEM-027219,INS-003,1,0,4,0
DEM-027224,INS-003,0,0,4,0
DEM-027227,INS-003,1,0,73,0
DEM-027229,INS-003,1,0,4,0
DEM-027233,INS-003,1,0,3,0
DEM-027236,INS-003,1,0,4,0
DEM-027237,INS-003,1,0,3,0
DEM-027242,INS-003,1,0,4,0
DEM-027244,INS-003,1,0,49,0
DEM-027246,INS-003,1,0,4,0
DEM-027248,INS-003,1,0,3,0
DEM-027249,INS-003,1,0,29,0
DEM-027252,INS-003,0,0,4,0
DEM-027254,INS-003,1,0,4,0
DEM-027255,INS-003,1,1,90,6626
DEM-027256,INS-003,1,0,4,0
DEM-027258,INS-003,1,0,1,0
DEM-027259,INS-003,0,0,4,0
DEM-027263,INS-003,1,0,0,0
DEM-027264,INS-003,1,0,4,0
DEM-027266,INS-003,0,0,1,0
DEM-027267,INS-003,1,0,29,0
DEM-027268,INS-003,1,0,0,0
DEM-027273,INS-003,1,0,2,0
DEM-027276,INS-003,1,0,34,0
DEM-027280,INS-003,1,0,4,0
DEM-027281,INS-003,1,0,3,0
DEM-027284,INS-003,1,0,62,0
DEM-027285,INS-003,1,0,4,0
DEM-027286,INS-003,1,1,90,44362
DEM-027287,INS-003,1,0,22,0
DEM-027295,INS-003,1,0,0,0
DEM-027298,INS-003,1,0,1,0
DEM-027299,INS-003,1,1,121,625000
DEM-027302,INS-003,1,0,4,0
DEM-027308,INS-003,1,0,3,0
DEM-027309,INS-003,1,0,0,0
DEM-027310,INS-003,1,1,90,8639
DEM-027311,INS-003,1,0,3,0
DEM-027313,INS-003,1,0,32,0
DEM-027315,INS-003,1,0,2,0
DEM-027318,INS-003,1,0,54,0
DEM-027329,INS-003,1,0,34,0
DEM-027330,INS-003,1,0,2,0
DEM-027331,INS-003,1,0,4,0
DEM-027332,INS-003,1,0,64,0
DEM-027333,INS-003,1,0,5,0
DEM-027336,INS-003,1,0,32,0
DEM-027337,INS-003,1,0,4,0
DEM-027338,INS-003,1,0,1,0
DEM-027339,INS-003,1,1,90,16666
DEM-027343,INS-003,1,0,0,0
DEM-027345,INS-003,1,0,4,0
DEM-027346,INS-003,1,0,3,0
DEM-027352,INS-003,0,0,4,0
DEM-027355,INS-003,1,0,4,0
DEM-027360,INS-003,1,0,6,0
DEM-027363,INS-003,1,0,4,0
DEM-027365,INS-003,1,0,57,0
DEM-027372,INS-003,1,0,27,0
DEM-027374,INS-003,1,0,1,0
DEM-027380,INS-003,1,0,4,0
DEM-027381,INS-003,1,0,4,0
DEM-027385,INS-003,1,0,0,0
DEM-027396,INS-003,1,0,34,0
DEM-027398,INS-003,1,0,4,0
DEM-027399,INS-003,1,0,4,0
DEM-027400,INS-003,1,0,1,0
DEM-027402,INS-003,1,0,4,0
DEM-027403,INS-003,1,0,3,0
DEM-027408,INS-003,1,0,4,0
DEM-027419,INS-003,1,1,90,9341
DEM-027426,INS-003,0,0,4,0
DEM-027429,INS-003,1,0,4,0
DEM-027431,INS-003,0,0,28,0
DEM-027434,INS-003,1,0,25,0
DEM-027435,INS-003,1,0,3,0
DEM-027439,INS-003,1,0,4,0
DEM-027440,INS-003,1,0,3,0
DEM-027445,INS-003,1,0,4,0
DEM-027447,INS-003,0,0,2,0
DEM-027448,INS-003,1,0,31,0
DEM-027449,INS-003,1,0,3,0
DEM-027456,INS-003,1,0,4,0
DEM-027457,INS-003,0,0,4,0
DEM-027464,INS-003,1,0,0,0
DEM-027465,INS-003,1,0,3,0
DEM-027469,INS-003,1,0,0,0
DEM-027470,INS-003,1,0,30,0
DEM-027475,INS-003,1,0,34,0
DEM-027477,INS-003,1,0,3,0
DEM-027478,INS-003,1,0,4,0
DEM-027479,INS-003,1,0,4,0
DEM-027481,INS-003,1,0,31,0
DEM-027489,INS-003,1,0,4,0
DEM-027492,INS-003,0,0,4,0
DEM-027493,INS-003,1,0,4,0
DEM-027494,INS-003,1,0,4,0
DEM-027495,INS-003,1,0,3,0
DEM-027498,INS-003,1,0,3,0
DEM-027499,INS-003,1,0,4,0
DEM-027509,INS-003,1,0,34,0
DEM-027512,INS-003,1,0,66,0
DEM-027514,INS-003,1,0,2,0
DEM-027515,INS-003,1,0,32,0
DEM-027517,INS-003,0,0,33,0
DEM-027520,INS-003,1,0,1,0
DEM-027523,INS-003,1,0,1,0
DEM-027524,INS-003,1,0,3,0
DEM-027525,INS-003,1,0,2,0
DEM-027527,INS-003,1,0,4,0
DEM-027529,INS-003,0,0,4,0
DEM-027532,INS-003,1,0,13,0
DEM-027533,INS-003,1,0,0,0
DEM-027535,INS-003,1,0,3,0
DEM-027537,INS-003,1,0,4,0
DEM-027542,INS-003,1,0,1,0
DEM-027547,INS-003,1,0,17,0
DEM-027548,INS-003,1,0,24,0
DEM-027551,INS-003,1,0,0,0
DEM-027552,INS-003,1,0,34,0
DEM-027554,INS-003,1,0,0,0
DEM-027564,INS-003,1,0,32,0
DEM-027565,INS-003,1,0,4,0
DEM-027568,INS-003,1,0,35,0
DEM-027577,INS-003,1,0,3,0
DEM-027579,INS-003,0,0,41,0
DEM-027580,INS-003,1,0,34,0
DEM-027584,INS-003,1,0,28,0
DEM-027586,INS-003,1,0,2,0
DEM-027587,INS-003,1,0,0,0
DEM-027588,INS-003,1,0,4,0
DEM-027590,INS-003,1,0,3,0
DEM-027594,INS-003,0,0,0,0
DEM-027595,INS-003,1,0,3,0
DEM-027598,INS-003,1,0,4,0
DEM-027599,INS-003,1,0,23,0
DEM-027600,INS-003,1,0,60,0
DEM-027606,INS-003,1,0,4,0
DEM-027610,INS-003,0,0,22,0
DEM-027611,INS-003,0,0,4,0
DEM-027612,INS-003,1,0,4,0
DEM-027614,INS-003,1,0,4,0
DEM-027616,INS-003,1,1,121,20741
DEM-027618,INS-003,1,0,4,0
DEM-027622,INS-003,1,0,35,0
DEM-027623,INS-003,1,0,27,0
DEM-027627,INS-003,1,0,4,0
DEM-027629,INS-003,1,0,3,0
DEM-027632,INS-003,1,0,3,0
DEM-027633,INS-003,1,0,3,0
DEM-027635,INS-003,1,0,4,0
DEM-027639,INS-003,1,0,3,0
DEM-027640,INS-003,1,0,17,0
DEM-027641,INS-003,1,0,28,0
DEM-027648,INS-003,1,0,4,0
DEM-027651,INS-003,1,0,1,0
DEM-027652,INS-003,1,0,0,0
DEM-027655,INS-003,1,0,0,0
DEM-027658,INS-003,1,0,4,0
DEM-027662,INS-003,1,0,4,0
DEM-027663,INS-003,1,0,1,0
DEM-027664,INS-003,1,0,4,0
DEM-027668,INS-003,1,0,4,0
DEM-027669,INS-003,1,0,0,0
DEM-027670,INS-003,0,0,0,0
DEM-027676,INS-003,1,0,2,0
DEM-027677,INS-003,1,1,90,47500
DEM-027678,INS-003,1,0,1,0
DEM-027679,INS-003,1,0,0,0
DEM-027680,INS-003,1,0,85,0
DEM-027681,INS-003,1,0,4,0
DEM-027684,INS-003,1,0,4,0
DEM-027689,INS-003,1,0,3,0
DEM-027691,INS-003,1,0,3,0
DEM-027693,INS-003,1,0,4,0
DEM-027700,INS-003,1,0,11,0
DEM-027703,INS-003,1,0,4,0
DEM-027704,INS-003,1,0,30,0
DEM-027714,INS-003,1,0,19,0
DEM-027715,INS-003,1,0,3,0
DEM-027716,INS-003,1,0,3,0
DEM-027717,INS-003,1,0,4,0
DEM-027720,INS-003,1,0,32,0
DEM-027723,INS-003,1,0,11,0
DEM-027724,INS-003,1,0,4,0
DEM-027729,INS-003,0,0,20,0
DEM-027731,INS-003,1,0,8,0
DEM-027732,INS-003,1,0,26,0
DEM-027734,INS-003,1,0,4,0
DEM-027736,INS-003,1,0,3,0
DEM-027744,INS-003,1,0,4,0
DEM-027746,INS-003,1,1,90,15664
DEM-027748,INS-003,1,0,4,0
DEM-027753,INS-003,1,0,3,0
DEM-027758,INS-003,1,0,0,0
DEM-027760,INS-003,1,0,0,0
DEM-027762,INS-003,1,0,4,0
DEM-027766,INS-003,0,0,2,0
DEM-027768,INS-003,1,1,90,30833
DEM-027770,INS-003,1,0,17,0
DEM-027775,INS-003,0,0,3,0
DEM-027778,INS-003,1,0,1,0
DEM-027783,INS-003,1,0,30,0
DEM-027784,INS-003,1,0,0,0
DEM-027789,INS-003,1,0,3,0
DEM-027790,INS-003,1,0,4,0
DEM-027791,INS-003,1,0,4,0
DEM-027793,INS-003,1,0,4,0
DEM-027796,INS-003,1,0,2,0
DEM-027797,INS-003,1,0,0,0
DEM-027800,INS-003,1,0,70,0
DEM-027802,INS-003,1,0,3,0
DEM-027803,INS-003,1,0,2,0
DEM-027811,INS-003,1,0,29,0
DEM-027812,INS-003,1,0,4,0
DEM-027813,INS-003,1,0,16,0
DEM-027816,INS-003,1,0,2,0
DEM-027817,INS-003,1,0,32,0
DEM-027818,INS-003,1,0,4,0
DEM-027821,INS-003,1,0,4,0
DEM-027822,INS-003,1,0,88,0
DEM-027825,INS-003,0,0,18,0
DEM-027828,INS-003,1,0,1,0
DEM-027830,INS-003,0,0,4,0
DEM-027839,INS-003,1,0,35,0
DEM-027840,INS-003,1,0,55,0
DEM-027842,INS-003,1,0,4,0
DEM-027843,INS-003,1,0,29,0
DEM-027848,INS-003,1,0,4,0
DEM-027849,INS-003,1,0,1,0
DEM-027850,INS-003,1,0,13,0
DEM-027852,INS-003,1,0,1,0
DEM-027853,INS-003,1,0,0,0
DEM-027858,INS-003,1,0,4,0
DEM-027860,INS-003,1,0,2,0
DEM-027861,INS-003,1,0,2,0
DEM-027862,INS-003,1,0,4,0
DEM-027863,INS-003,0,0,4,0
DEM-027864,INS-003,1,0,4,0
DEM-027865,INS-003,0,0,24,0
DEM-027867,INS-003,1,0,1,0
DEM-027868,INS-003,1,0,4,0
DEM-027869,INS-003,1,0,32,0
DEM-027870,INS-003,1,0,4,0
DEM-027871,INS-003,1,0,0,0
DEM-027872,INS-003,1,0,3,0
DEM-027877,INS-003,1,0,30,0
DEM-027881,INS-003,1,0,4,0
DEM-027882,INS-003,1,0,3,0
DEM-027885,INS-003,1,0,3,0
DEM-027888,INS-003,1,0,3,0
DEM-027890,INS-003,1,0,3,0
DEM-027896,INS-003,1,0,4,0
DEM-027898,INS-003,1,0,4,0
DEM-027904,INS-003,1,0,2,0
DEM-027905,INS-003,1,0,1,0
DEM-027910,INS-003,1,0,0,0
DEM-027912,INS-003,1,0,2,0
DEM-027915,INS-003,1,0,4,0
DEM-027917,INS-003,1,0,49,0
DEM-027918,INS-003,1,0,0,0
DEM-027920,INS-003,1,0,4,0
DEM-027921,INS-003,1,0,4,0
DEM-027924,INS-003,1,0,31,0
DEM-027928,INS-003,1,0,26,0
DEM-027929,INS-003,1,0,1,0
DEM-027932,INS-003,1,0,4,0
DEM-027933,INS-003,1,0,3,0
DEM-027935,INS-003,1,0,30,0
DEM-027938,INS-003,1,0,4,0
DEM-027939,INS-003,1,0,0,0
DEM-027940,INS-003,1,0,34,0
DEM-027942,INS-003,1,0,2,0
DEM-027944,INS-003,1,0,3,0
DEM-027947,INS-003,1,0,0,0
DEM-027948,INS-003,1,0,3,0
DEM-027951,INS-003,1,0,35,0
DEM-027952,INS-003,1,0,4,0
DEM-027956,INS-003,1,0,32,0
DEM-027958,INS-003,1,0,20,0
DEM-027961,INS-003,1,0,53,0
DEM-027962,INS-003,1,0,27,0
DEM-027968,INS-003,1,0,33,0
DEM-027971,INS-003,1,0,0,0
DEM-027979,INS-003,1,0,3,0
DEM-027982,INS-003,1,0,4,0
DEM-027987,INS-003,1,0,4,0
DEM-027993,INS-003,1,0,0,0
DEM-027995,INS-003,1,0,3,0
DEM-027999,INS-003,1,0,4,0
DEM-028009,INS-003,1,0,3,0
DEM-028013,INS-003,1,0,4,0
DEM-028016,INS-003,1,0,2,0
DEM-028017,INS-003,1,0,4,0
DEM-028019,INS-003,1,0,0,0
DEM-028025,INS-003,1,0,31,0
DEM-028031,INS-003,1,0,4,0
DEM-028034,INS-003,1,0,2,0
DEM-028035,INS-003,1,0,29,0
DEM-028036,INS-003,1,0,4,0
DEM-028037,INS-003,1,0,4,0
DEM-028040,INS-003,1,0,4,0
DEM-028041,INS-003,1,0,3,0
DEM-028042,INS-003,1,0,4,0
DEM-028044,INS-003,1,0,6,0
DEM-028046,INS-003,1,0,4,0
DEM-028047,INS-003,1,0,0,0
DEM-028048,INS-003,1,0,4,0
DEM-028050,INS-003,1,0,4,0
DEM-028052,INS-003,1,0,4,0
DEM-028053,INS-003,1,0,7,0
DEM-028055,INS-003,1,0,30,0
DEM-028056,INS-003,1,0,0,0
DEM-028059,INS-003,0,0,25,0
DEM-028060,INS-003,1,0,4,0
DEM-028061,INS-003,1,0,8,0
DEM-028067,INS-003,1,0,34,0
DEM-028070,INS-003,0,0,4,0
DEM-028073,INS-003,1,0,3,0
DEM-028075,INS-003,1,0,2,0
DEM-028077,INS-003,1,0,34,0
DEM-028078,INS-003,1,0,1,0
DEM-028079,INS-003,1,0,0,0
DEM-028080,INS-003,1,0,0,0
DEM-028087,INS-003,1,0,34,0
DEM-028093,INS-003,1,0,3,0
DEM-028094,INS-003,1,0,29,0
DEM-028096,INS-003,1,0,3,0
DEM-028097,INS-003,1,0,73,0
DEM-028100,INS-003,1,0,0,0
DEM-028101,INS-003,1,0,2,0
DEM-028104,INS-003,1,0,58,0
DEM-028107,INS-003,1,0,4,0
DEM-028108,INS-003,1,0,31,0
DEM-028116,INS-003,1,0,0,0
DEM-028120,INS-003,1,0,1,0
DEM-028121,INS-003,1,0,3,0
DEM-028123,INS-003,1,0,2,0
DEM-028125,INS-003,1,0,3,0
DEM-028126,INS-003,1,0,31,0
DEM-028128,INS-003,1,0,29,0
DEM-028133,INS-003,1,0,4,0
DEM-028137,INS-003,1,0,0,0
DEM-028139,INS-003,1,0,1,0
DEM-028144,INS-003,1,0,4,0
DEM-028149,INS-003,1,0,4,0
DEM-028150,INS-003,1,0,0,0
DEM-028153,INS-003,1,0,4,0
DEM-028154,INS-003,1,0,4,0
DEM-028155,INS-003,1,0,3,0
DEM-028164,INS-003,1,0,4,0
DEM-028167,INS-003,1,0,3,0
DEM-028168,INS-003,1,0,2,0
DEM-028173,INS-003,1,0,32,0
DEM-028178,INS-003,1,0,29,0
DEM-028181,INS-003,1,0,2,0
DEM-028183,INS-003,1,0,19,0
DEM-028184,INS-003,1,0,0,0
DEM-028185,INS-003,1,0,3,0
DEM-028187,INS-003,1,0,1,0
DEM-028188,INS-003,1,0,29,0
DEM-028190,INS-003,1,0,4,0
DEM-028192,INS-003,1,0,2,0
DEM-028196,INS-003,1,0,3,0
DEM-028204,INS-003,1,0,23,0
DEM-028206,INS-003,1,0,0,0
DEM-028214,INS-003,1,0,34,0
DEM-028215,INS-003,0,0,28,0
DEM-028217,INS-003,1,0,34,0
DEM-028222,INS-003,1,0,33,0
DEM-028225,INS-003,1,0,1,0
DEM-028226,INS-003,1,0,4,0
DEM-028230,INS-003,0,0,28,0
DEM-028231,INS-003,1,0,34,0
DEM-028232,INS-003,1,0,4,0
DEM-028236,INS-003,1,0,3,0
DEM-028238,INS-003,1,0,11,0
DEM-028239,INS-003,1,0,28,0
DEM-028240,INS-003,1,0,27,0
DEM-028243,INS-003,1,0,4,0
DEM-028248,INS-003,1,0,4,0
DEM-028254,INS-003,1,0,0,0
DEM-028257,INS-003,1,0,2,0
DEM-028258,INS-003,1,0,3,0
DEM-028261,INS-003,1,0,3,0
DEM-028266,INS-003,1,0,4,0
DEM-028267,INS-003,1,0,4,0
DEM-028268,INS-003,1,0,2,0
DEM-028269,INS-003,1,0,4,0
DEM-028270,INS-003,1,0,0,0
DEM-028274,INS-003,1,0,4,0
DEM-028275,INS-003,1,0,4,0
DEM-028277,INS-003,1,0,21,0
DEM-028280,INS-003,0,0,59,0
DEM-028281,INS-003,1,0,2,0
DEM-028283,INS-003,1,0,56,0
DEM-028286,INS-003,1,0,4,0
DEM-028287,INS-003,1,0,3,0
DEM-028288,INS-003,1,0,0,0
DEM-028289,INS-003,1,0,0,0
DEM-028290,INS-003,1,0,3,0
DEM-028292,INS-003,1,0,4,0
DEM-028293,INS-003,1,0,3,0
DEM-028295,INS-003,1,0,0,0
DEM-028297,INS-003,1,0,0,0
DEM-028298,INS-003,1,0,3,0
DEM-028301,INS-003,1,0,3,0
DEM-028303,INS-003,1,0,3,0
DEM-028307,INS-003,1,0,1,0
DEM-028308,INS-003,1,0,4,0
DEM-028313,INS-003,1,0,0,0
DEM-028315,INS-003,1,0,4,0
DEM-028318,INS-003,0,0,3,0
DEM-028319,INS-003,1,0,2,0
DEM-028322,INS-003,0,0,3,0
DEM-028326,INS-003,1,0,3,0
DEM-028327,INS-003,0,0,3,0
DEM-028329,INS-003,1,0,4,0
DEM-028333,INS-003,1,0,0,0
DEM-028335,INS-003,1,0,4,0
DEM-028336,INS-003,1,0,3,0
DEM-028337,INS-003,1,0,0,0
DEM-028338,INS-003,1,0,15,0
DEM-028339,INS-003,1,0,0,0
DEM-028343,INS-003,1,0,0,0
DEM-028344,INS-003,1,0,2,0
DEM-028345,INS-003,1,0,4,0
DEM-028348,INS-003,1,0,4,0
DEM-028349,INS-003,1,0,0,0
DEM-028350,INS-003,1,0,1,0
DEM-028351,INS-003,1,0,0,0
DEM-028352,INS-003,1,0,3,0
DEM-028353,INS-003,1,0,39,0
DEM-028356,INS-003,1,0,90,0
DEM-028361,INS-003,1,0,0,0
DEM-028362,INS-003,1,0,4,0
DEM-028363,INS-003,1,0,4,0
DEM-028365,INS-003,0,0,4,0
DEM-028367,INS-003,1,0,4,0
DEM-028368,INS-003,1,0,4,0
DEM-028370,INS-003,1,0,0,0
DEM-028371,INS-003,1,0,3,0
DEM-028374,INS-003,1,0,1,0
DEM-028381,INS-003,1,0,0,0
DEM-028382,INS-003,1,0,4,0
DEM-028385,INS-003,1,0,0,0
DEM-028386,INS-003,1,0,4,0
DEM-028390,INS-003,1,0,4,0
DEM-028391,INS-003,1,0,32,0
DEM-028392,INS-003,1,0,34,0
DEM-028394,INS-003,1,0,4,0
DEM-028396,INS-003,1,0,4,0
DEM-028398,INS-003,1,0,3,0
DEM-028404,INS-003,1,0,3,0
DEM-028405,INS-003,1,0,0,0
DEM-028406,INS-003,1,0,1,0
DEM-028408,INS-003,1,0,1,0
DEM-028409,INS-003,1,0,3,0
DEM-028413,INS-003,1,0,2,0
DEM-028421,INS-003,1,0,2,0
DEM-028422,INS-003,1,0,30,0
DEM-028427,INS-003,1,0,4,0
DEM-028431,INS-003,1,0,32,0
DEM-028433,INS-003,1,0,3,0
DEM-028434,INS-003,1,0,22,0
DEM-028440,INS-003,1,0,4,0
DEM-028441,INS-003,1,0,0,0
DEM-028443,INS-003,1,0,3,0
DEM-028444,INS-003,1,0,0,0
DEM-028445,INS-003,1,0,3,0
DEM-028447,INS-003,1,0,3,0
DEM-028448,INS-003,1,0,2,0
DEM-028449,INS-003,1,0,0,0
DEM-028452,INS-003,1,0,31,0
DEM-028455,INS-003,1,0,0,0
DEM-028456,INS-003,1,0,2,0
DEM-028457,INS-003,1,0,4,0
DEM-028460,INS-003,1,0,1,0
DEM-028464,INS-003,0,0,3,0
DEM-028466,INS-003,1,0,1,0
DEM-028467,INS-003,1,0,3,0
DEM-028468,INS-003,1,0,2,0
DEM-028470,INS-003,1,0,4,0
DEM-028471,INS-003,0,0,2,0
DEM-028472,INS-003,1,0,4,0
DEM-028474,INS-003,1,0,3,0
DEM-028475,INS-003,0,0,30,0
DEM-028480,INS-003,0,0,3,0
DEM-028481,INS-003,1,0,4,0
DEM-028482,INS-003,1,0,0,0
DEM-028483,INS-003,1,0,30,0
DEM-028484,INS-003,1,0,15,0
DEM-028486,INS-003,1,0,4,0
DEM-028487,INS-003,1,0,34,0
DEM-028489,INS-003,1,1,62,1125000
DEM-028490,INS-003,1,0,3,0
DEM-028492,INS-003,1,0,0,0
DEM-028495,INS-003,1,0,0,0
DEM-028496,INS-003,1,0,0,0
DEM-028498,INS-003,1,0,3,0
DEM-028500,INS-003,1,0,21,0
DEM-028501,INS-003,1,0,0,0
DEM-028502,INS-003,1,0,2,0
DEM-028509,INS-003,1,0,1,0
DEM-028510,INS-003,1,0,2,0
DEM-028511,INS-003,1,0,30,0
DEM-028513,INS-003,1,0,4,0
DEM-028516,INS-003,1,0,0,0
DEM-028517,INS-003,1,0,0,0
DEM-028519,INS-003,1,0,2,0
DEM-028521,INS-003,1,0,29,0
DEM-028524,INS-003,1,0,0,0
DEM-028525,INS-003,1,0,0,0
DEM-028526,INS-003,1,0,2,0
DEM-028527,INS-003,1,0,1,0
DEM-028533,INS-003,1,0,0,0
DEM-028536,INS-003,1,0,0,0
DEM-028538,INS-003,1,0,2,0
DEM-028540,INS-003,0,0,9,0
DEM-028541,INS-003,1,0,2,0
DEM-028543,INS-003,1,0,4,0
DEM-028544,INS-003,1,0,0,0
DEM-028545,INS-003,1,0,3,0
DEM-028546,INS-003,1,0,8,0
DEM-028547,INS-003,0,0,0,0
DEM-028548,INS-003,1,0,2,0
DEM-028552,INS-003,1,0,0,0
DEM-028553,INS-003,1,0,29,0
DEM-028554,INS-003,1,0,4,0
DEM-028567,INS-003,1,0,4,0
DEM-028568,INS-003,1,0,9,0
DEM-028571,INS-003,1,0,0,0
DEM-028573,INS-003,1,0,3,0
DEM-028574,INS-003,1,0,0,0
DEM-028580,INS-003,1,0,3,0
DEM-028588,INS-003,1,0,0,0
DEM-028592,INS-003,1,0,0,0
DEM-028595,INS-003,1,0,0,0
DEM-028597,INS-003,1,0,4,0
DEM-028599,INS-003,0,0,4,0
DEM-028616,INS-004,1,0,1,0
DEM-028620,INS-004,1,0,2,0
DEM-028630,INS-004,1,0,4,0
DEM-028631,INS-004,1,0,3,0
DEM-028632,INS-004,1,0,4,0
DEM-028642,INS-004,1,0,4,0
DEM-028644,INS-004,1,0,35,0
DEM-028648,INS-004,1,0,4,0
DEM-028649,INS-004,1,0,33,0
DEM-028654,INS-004,1,0,4,0
DEM-028660,INS-004,1,0,1,0
DEM-028664,INS-004,1,0,3,0
DEM-028665,INS-004,1,1,90,26670
DEM-028680,INS-004,1,0,9,0
DEM-028681,INS-004,1,0,4,0
DEM-028682,INS-004,1,0,32,0
DEM-028683,INS-004,1,0,3,0
DEM-028684,INS-004,1,0,29,0
DEM-028689,INS-004,1,0,4,0
DEM-028690,INS-004,1,0,3,0
DEM-028691,INS-004,1,0,4,0
DEM-028693,INS-004,1,1,90,41666
DEM-028696,INS-004,1,0,4,0
DEM-028732,INS-004,1,0,33,0
DEM-028739,INS-004,1,0,2,0
DEM-028741,INS-004,1,0,3,0
DEM-028770,INS-004,1,0,4,0
DEM-028771,INS-004,1,0,4,0
DEM-028772,INS-004,1,0,37,0
DEM-028774,INS-004,1,0,2,0
DEM-028779,INS-004,1,0,18,0
DEM-028782,INS-004,1,0,4,0
DEM-028783,INS-004,1,0,33,0
DEM-028793,INS-004,1,0,4,0
DEM-028798,INS-004,1,0,0,0
DEM-028802,INS-004,1,0,4,0
DEM-028803,INS-004,1,0,4,0
DEM-028834,INS-004,1,0,4,0
DEM-028836,INS-004,1,1,90,3815
DEM-028837,INS-004,1,0,32,0
DEM-028840,INS-004,1,0,2,0
DEM-028841,INS-004,1,0,2,0
DEM-028842,INS-004,1,0,4,0
DEM-028843,INS-004,1,0,4,0
DEM-028845,INS-004,1,0,31,0
DEM-028846,INS-004,1,0,4,0
DEM-028850,INS-004,1,0,3,0
DEM-028857,INS-004,1,0,4,0
DEM-028858,INS-004,1,0,1,0
DEM-028859,INS-004,1,0,38,0
DEM-028872,INS-004,1,0,4,0
DEM-028877,INS-004,0,0,3,0
DEM-028886,INS-004,1,0,3,0
DEM-028892,INS-004,1,0,2,0
DEM-028898,INS-004,1,1,90,24091
DEM-028902,INS-004,1,0,4,0
DEM-028915,INS-004,0,0,4,0
DEM-028918,INS-004,1,0,2,0
DEM-028919,INS-004,1,0,3,0
DEM-028920,INS-004,1,0,4,0
DEM-028922,INS-004,1,0,27,0
DEM-028923,INS-004,1,0,4,0
DEM-028933,INS-004,1,0,48,0
DEM-028939,INS-004,1,0,4,0
DEM-028940,INS-004,1,0,59,0
DEM-028945,INS-004,1,0,4,0
DEM-028948,INS-004,1,1,90,39166
DEM-028951,INS-004,1,0,35,0
DEM-028959,INS-004,1,0,2,0
DEM-028966,INS-004,1,0,4,0
DEM-028967,INS-004,1,0,4,0
DEM-028968,INS-004,1,0,1,0
DEM-028969,INS-004,1,0,0,0
DEM-028988,INS-004,1,0,55,0
DEM-028989,INS-004,1,0,54,0
DEM-028994,INS-004,1,0,3,0
DEM-028997,INS-004,1,0,72,0
DEM-029005,INS-004,1,0,0,0
DEM-029016,INS-004,1,0,4,0
DEM-029018,INS-004,1,0,3,0
DEM-029027,INS-004,1,0,4,0
DEM-029034,INS-004,1,0,4,0
DEM-029040,INS-004,1,0,16,0
DEM-029049,INS-004,1,0,4,0
DEM-029051,INS-004,1,0,0,0
DEM-029052,INS-004,1,0,4,0
DEM-029055,INS-004,1,0,2,0
DEM-029056,INS-004,1,0,4,0
DEM-029058,INS-004,1,0,2,0
DEM-029063,INS-004,1,0,2,0
DEM-029078,INS-004,1,0,4,0
DEM-029079,INS-004,0,0,4,0
DEM-029088,INS-004,1,0,4,0
DEM-029089,INS-004,1,0,28,0
DEM-029095,INS-004,1,0,4,0
DEM-029097,INS-004,1,0,4,0
DEM-029098,INS-004,1,0,4,0
DEM-029105,INS-004,1,1,90,66666
DEM-029107,INS-004,1,0,4,0
DEM-029108,INS-004,1,0,4,0
DEM-029122,INS-004,1,0,4,0
DEM-029123,INS-004,1,0,4,0
DEM-029124,INS-004,1,1,90,19170
DEM-029125,INS-004,1,0,3,0
DEM-029126,INS-004,1,0,24,0
DEM-029132,INS-004,1,0,3,0
DEM-029135,INS-004,1,0,3,0
DEM-029154,INS-004,1,0,3,0
DEM-029155,INS-004,1,0,0,0
DEM-029163,INS-004,1,0,4,0
DEM-029169,INS-004,1,0,4,0
DEM-029170,INS-004,1,0,46,0
DEM-029171,INS-004,1,0,28,0
DEM-029177,INS-004,1,0,4,0
DEM-029180,INS-004,1,0,2,0
DEM-029181,INS-004,1,0,4,0
DEM-029182,INS-004,1,0,2,0
DEM-029187,INS-004,1,0,13,0
DEM-029188,INS-004,0,0,29,0
DEM-029189,INS-004,1,0,4,0
DEM-029203,INS-004,1,0,4,0
DEM-029210,INS-004,1,0,2,0
DEM-029229,INS-004,1,0,0,0
DEM-029231,INS-004,1,0,4,0
DEM-029232,INS-004,0,0,35,0
DEM-029237,INS-004,1,0,3,0
DEM-029238,INS-004,1,0,4,0
DEM-029239,INS-004,1,0,4,0
DEM-029240,INS-004,1,0,4,0
DEM-029241,INS-004,1,0,4,0
DEM-029247,INS-004,1,0,10,0
DEM-029249,INS-004,1,0,0,0
DEM-029261,INS-004,1,0,3,0
DEM-029265,INS-004,1,0,3,0
DEM-029266,INS-004,1,0,4,0
DEM-029277,INS-004,1,0,4,0
DEM-029278,INS-004,1,0,4,0
DEM-029290,INS-004,1,0,2,0
DEM-029291,INS-004,1,0,1,0
DEM-029299,INS-004,1,0,34,0
DEM-029306,INS-004,1,1,90,62500
DEM-029310,INS-004,1,0,2,0
DEM-029315,INS-004,1,0,4,0
DEM-029317,INS-004,1,0,32,0
DEM-029332,INS-004,0,0,28,0
DEM-029342,INS-004,1,0,26,0
DEM-029345,INS-004,0,0,35,0
DEM-029346,INS-004,1,0,3,0
DEM-029360,INS-004,1,0,4,0
DEM-029370,INS-004,1,0,4,0
DEM-029371,INS-004,1,0,4,0
DEM-029372,INS-004,1,0,4,0
DEM-029374,INS-004,1,0,2,0
DEM-029376,INS-004,1,0,4,0
DEM-029391,INS-004,1,0,4,0
DEM-029403,INS-004,1,0,29,0
DEM-029409,INS-004,1,0,17,0
DEM-029410,INS-004,1,0,4,0
DEM-029411,INS-004,1,0,4,0
DEM-029418,INS-004,1,0,11,0
DEM-029425,INS-004,1,0,3,0
DEM-029429,INS-004,1,0,32,0
DEM-029436,INS-004,1,0,3,0
DEM-029446,INS-004,1,0,0,0
DEM-029460,INS-004,0,0,2,0
DEM-029463,INS-004,1,0,3,0
DEM-029464,INS-004,1,0,32,0
DEM-029465,INS-004,1,0,0,0
DEM-029468,INS-004,1,0,35,0
DEM-029469,INS-004,1,0,4,0
DEM-029472,INS-004,1,0,12,0
DEM-029478,INS-004,1,0,4,0
DEM-029479,INS-004,0,0,3,0
DEM-029480,INS-004,1,0,0,0
DEM-029489,INS-004,1,0,4,0
DEM-029491,INS-004,1,0,4,0
DEM-029498,INS-004,1,0,9,0
DEM-029499,INS-004,0,0,3,0
DEM-029500,INS-004,1,0,3,0
DEM-029505,INS-004,1,0,4,0
DEM-029518,INS-004,1,0,4,0
DEM-029523,INS-004,0,0,25,0
DEM-029524,INS-004,1,0,28,0
DEM-029536,INS-004,1,1,90,66666
DEM-029540,INS-004,1,0,4,0
DEM-029544,INS-004,1,1,90,6652
DEM-029546,INS-004,1,0,0,0
DEM-029547,INS-004,1,0,73,0
DEM-029549,INS-004,1,0,20,0
DEM-029562,INS-004,1,0,3,0
DEM-029569,INS-004,1,0,4,0
DEM-029570,INS-004,1,0,4,0
DEM-029571,INS-004,1,0,1,0
DEM-029575,INS-004,1,0,33,0
DEM-029576,INS-004,1,0,2,0
DEM-029587,INS-004,1,0,2,0
DEM-029589,INS-004,1,0,4,0
DEM-029597,INS-004,1,0,17,0
DEM-029598,INS-004,0,1,90,27777
DEM-029599,INS-004,1,0,8,0
DEM-029609,INS-004,1,0,29,0
DEM-029612,INS-004,1,0,4,0
DEM-029613,INS-004,1,0,4,0
DEM-029625,INS-004,1,0,4,0
DEM-029633,INS-004,1,0,4,0
DEM-029637,INS-004,1,0,35,0
DEM-029656,INS-004,0,0,4,0
DEM-029657,INS-004,0,0,39,0
DEM-029658,INS-004,1,1,90,16138
DEM-029659,INS-004,1,0,4,0
DEM-029660,INS-004,0,0,0,0
DEM-029666,INS-004,1,0,4,0
DEM-029667,INS-004,1,1,90,54166
DEM-029674,INS-004,1,0,16,0
DEM-029677,INS-004,1,0,1,0
DEM-029683,INS-004,1,0,4,0
DEM-029690,INS-004,1,0,56,0
DEM-029698,INS-004,1,0,4,0
DEM-029700,INS-004,1,0,27,0
DEM-029704,INS-004,1,0,4,0
DEM-029708,INS-004,1,0,4,0
DEM-029713,INS-004,1,1,90,2545
DEM-029717,INS-004,1,0,33,0
DEM-029721,INS-004,1,0,13,0
DEM-029722,INS-004,1,0,82,0
DEM-029723,INS-004,1,1,90,23888
DEM-029724,INS-004,0,0,18,0
DEM-029725,INS-004,1,0,34,0
DEM-029736,INS-004,1,0,4,0
DEM-029740,INS-004,1,0,3,0
DEM-029741,INS-004,1,0,26,0
DEM-029744,INS-004,1,0,4,0
DEM-029745,INS-004,1,0,30,0
DEM-029751,INS-004,1,0,31,0
DEM-029754,INS-004,0,0,3,0
DEM-029758,INS-004,1,0,4,0
DEM-029763,INS-004,1,0,4,0
DEM-029765,INS-004,0,1,90,14700
DEM-029767,INS-004,1,0,4,0
DEM-029776,INS-004,1,0,4,0
DEM-029784,INS-004,1,0,3,0
DEM-029795,INS-004,1,0,30,0
DEM-029799,INS-004,1,0,4,0
DEM-029804,INS-004,1,0,4,0
DEM-029805,INS-004,1,0,4,0
DEM-029806,INS-004,1,0,29,0
DEM-029808,INS-004,0,0,3,0
DEM-029809,INS-004,0,0,3,0
DEM-029810,INS-004,1,0,4,0
DEM-029812,INS-004,1,0,4,0
DEM-029813,INS-004,1,0,4,0
DEM-029818,INS-004,1,0,4,0
DEM-029819,INS-004,1,0,4,0
DEM-029822,INS-004,1,0,12,0
DEM-029826,INS-004,1,0,16,0
DEM-029828,INS-004,1,0,0,0
DEM-029829,INS-004,1,0,2,0
DEM-029837,INS-004,1,0,3,0
DEM-029838,INS-004,1,0,0,0
DEM-029842,INS-004,1,0,2,0
DEM-029843,INS-004,1,0,3,0
DEM-029844,INS-004,1,0,4,0
DEM-029846,INS-004,1,0,4,0
DEM-029847,INS-004,1,0,4,0
DEM-029848,INS-004,1,0,4,0
DEM-029849,INS-004,1,0,3,0
DEM-029850,INS-004,1,0,4,0
DEM-029851,INS-004,1,0,4,0
DEM-029852,INS-004,1,0,4,0
DEM-029853,INS-004,1,0,3,0
DEM-029854,INS-004,1,0,4,0
DEM-029859,INS-004,0,0,35,0
DEM-029861,INS-004,0,0,13,0
DEM-029862,INS-004,0,0,2,0
DEM-029863,INS-004,1,0,27,0
DEM-029872,INS-004,1,0,4,0
DEM-029876,INS-004,1,0,3,0
DEM-029882,INS-004,1,0,20,0
DEM-029887,INS-004,1,0,3,0
DEM-029891,INS-004,1,0,8,0
DEM-029898,INS-004,1,0,4,0
DEM-029904,INS-004,1,0,0,0
DEM-029911,INS-004,1,0,4,0
DEM-029920,INS-004,1,0,4,0
DEM-029930,INS-004,1,0,4,0
DEM-029932,INS-004,1,0,0,0
DEM-029951,INS-004,0,1,90,7909
DEM-029957,INS-004,1,0,33,0
DEM-029963,INS-004,1,0,3,0
DEM-029970,INS-004,1,0,3,0
DEM-029972,INS-004,0,0,4,0
DEM-029980,INS-004,1,0,4,0
DEM-029983,INS-004,1,0,2,0
DEM-029989,INS-004,1,0,19,0
DEM-029993,INS-004,1,0,4,0
DEM-029995,INS-004,1,0,30,0
DEM-029999,INS-004,1,1,90,26167
DEM-030004,INS-004,1,0,3,0
DEM-030019,INS-004,1,1,90,62500
DEM-030021,INS-004,1,1,111,83336
DEM-030022,INS-004,1,0,4,0
DEM-030023,INS-004,1,1,90,12123
DEM-030028,INS-004,1,0,2,0
DEM-030030,INS-004,1,0,3,0
DEM-030033,INS-004,1,0,4,0
DEM-030039,INS-004,1,0,2,0
DEM-030055,INS-004,1,0,35,0
DEM-030067,INS-004,1,0,4,0
DEM-030075,INS-004,1,0,29,0
DEM-030076,INS-004,1,0,4,0
DEM-030078,INS-004,1,1,90,21584
DEM-030081,INS-004,1,0,31,0
DEM-030084,INS-004,1,0,4,0
DEM-030085,INS-004,1,0,3,0
DEM-030096,INS-004,1,0,4,0
DEM-030101,INS-004,0,0,4,0
DEM-030112,INS-004,1,0,28,0
DEM-030119,INS-004,1,0,2,0
DEM-030120,INS-004,1,0,4,0
DEM-030121,INS-004,1,0,4,0
DEM-030122,INS-004,1,0,4,0
DEM-030132,INS-004,1,1,90,27363
DEM-030137,INS-004,1,0,32,0
DEM-030143,INS-004,1,0,3,0
DEM-030144,INS-004,1,0,2,0
DEM-030148,INS-004,1,0,28,0
DEM-030156,INS-004,1,0,33,0
DEM-030157,INS-004,1,0,33,0
DEM-030173,INS-004,1,0,32,0
DEM-030175,INS-004,1,0,39,0
DEM-030179,INS-004,1,1,90,20833
DEM-030182,INS-004,1,1,90,44166
DEM-030198,INS-004,1,0,1,0
DEM-030211,INS-004,1,0,2,0
DEM-030216,INS-004,1,0,4,0
DEM-030223,INS-004,1,0,34,0
DEM-030227,INS-004,1,0,22,0
DEM-030230,INS-004,1,0,4,0
DEM-030231,INS-004,1,0,0,0
DEM-030237,INS-004,1,0,4,0
DEM-030246,INS-004,1,0,4,0
DEM-030247,INS-004,1,0,3,0
DEM-030248,INS-004,1,0,4,0
DEM-030252,INS-004,1,1,90,27222
DEM-030254,INS-004,1,0,7,0
DEM-030255,INS-004,1,0,4,0
DEM-030270,INS-004,1,1,107,27777
DEM-030271,INS-004,1,0,4,0
DEM-030277,INS-004,1,0,28,0
DEM-030278,INS-004,1,1,90,38333
DEM-030287,INS-004,1,0,4,0
DEM-030288,INS-004,1,0,3,0
DEM-030290,INS-004,1,0,30,0
DEM-030292,INS-004,1,0,3,0
DEM-030312,INS-004,1,0,3,0
DEM-030321,INS-004,1,0,4,0
DEM-030326,INS-004,1,0,2,0
DEM-030327,INS-004,1,0,3,0
DEM-030328,INS-004,1,0,4,0
DEM-030329,INS-004,1,0,2,0
DEM-030336,INS-004,1,0,0,0
DEM-030339,INS-004,1,0,3,0
DEM-030347,INS-004,1,0,4,0
DEM-030353,INS-004,0,0,3,0
DEM-030355,INS-004,1,0,3,0
DEM-030356,INS-004,1,0,2,0
DEM-030360,INS-004,1,0,4,0
DEM-030375,INS-004,1,0,4,0
DEM-030376,INS-004,0,0,3,0
DEM-030378,INS-004,1,0,26,0
DEM-030384,INS-004,0,0,3,0
DEM-030387,INS-004,1,1,90,8580
DEM-030393,INS-004,1,0,0,0
DEM-030401,INS-004,1,0,3,0
DEM-030402,INS-004,1,0,2,0
DEM-030406,INS-004,1,0,3,0
DEM-030407,INS-004,1,0,4,0
DEM-030408,INS-004,1,0,4,0
DEM-030415,INS-004,0,0,4,0
DEM-030431,INS-004,1,0,3,0
DEM-030432,INS-004,1,0,4,0
DEM-030446,INS-004,1,0,4,0
DEM-030452,INS-004,1,0,3,0
DEM-030458,INS-004,1,0,4,0
DEM-030459,INS-004,1,0,38,0
DEM-030463,INS-004,1,0,3,0
DEM-030464,INS-004,1,0,27,0
DEM-030465,INS-004,1,0,0,0
DEM-030469,INS-004,1,0,29,0
DEM-030470,INS-004,1,0,4,0
DEM-030475,INS-004,1,0,35,0
DEM-030485,INS-004,1,0,28,0
DEM-030486,INS-004,1,0,20,0
DEM-030487,INS-004,1,0,1,0
DEM-030488,INS-004,1,0,2,0
DEM-030489,INS-004,1,0,35,0
DEM-030490,INS-004,1,0,0,0
DEM-030494,INS-004,1,0,4,0
DEM-030495,INS-004,1,0,30,0
DEM-030498,INS-004,1,0,2,0
DEM-030499,INS-004,1,0,4,0
DEM-030500,INS-004,1,0,32,0
DEM-030501,INS-004,1,0,4,0
DEM-030505,INS-004,0,0,30,0
DEM-030506,INS-004,1,0,4,0
DEM-030507,INS-004,0,0,4,0
DEM-030508,INS-004,1,0,4,0
DEM-030509,INS-004,1,0,0,0
DEM-030518,INS-004,1,0,35,0
DEM-030520,INS-004,1,0,54,0
DEM-030523,INS-004,1,0,4,0
DEM-030529,INS-004,1,0,4,0
DEM-030537,INS-004,1,0,4,0
DEM-030545,INS-004,1,0,29,0
DEM-030546,INS-004,1,0,4,0
DEM-030547,INS-004,1,0,33,0
DEM-030549,INS-004,1,0,31,0
DEM-030551,INS-004,1,0,2,0
DEM-030553,INS-004,1,1,90,75000
DEM-030568,INS-004,1,1,90,30000
DEM-030572,INS-004,1,1,90,26338
DEM-030578,INS-004,1,0,4,0
DEM-030582,INS-004,1,0,33,0
DEM-030583,INS-004,1,0,14,0
DEM-030584,INS-004,1,0,32,0
DEM-030594,INS-004,1,0,1,0
DEM-030606,INS-004,1,0,2,0
DEM-030609,INS-004,1,0,3,0
DEM-030625,INS-004,1,0,4,0
DEM-030629,INS-004,1,0,4,0
DEM-030630,INS-004,1,1,90,25479
DEM-030631,INS-004,1,1,90,53078
DEM-030635,INS-004,1,0,2,0
DEM-030639,INS-004,1,0,4,0
DEM-030641,INS-004,1,0,2,0
DEM-030643,INS-004,1,0,2,0
DEM-030646,INS-004,1,1,90,6470
DEM-030652,INS-004,1,0,4,0
DEM-030653,INS-004,0,0,3,0
DEM-030656,INS-004,1,0,4,0
DEM-030658,INS-004,1,0,4,0
DEM-030665,INS-004,1,0,2,0
DEM-030666,INS-004,1,0,4,0
DEM-030670,INS-004,1,0,2,0
DEM-030672,INS-004,1,1,90,27777
DEM-030677,INS-004,1,0,4,0
DEM-030681,INS-004,1,0,0,0
DEM-030682,INS-004,1,0,3,0
DEM-030683,INS-004,1,0,4,0
DEM-030684,INS-004,1,0,2,0
DEM-030687,INS-004,1,0,3,0
DEM-030690,INS-004,1,0,4,0
DEM-030691,INS-004,0,0,3,0
DEM-030699,INS-004,1,0,4,0
DEM-030703,INS-004,1,1,90,8826
DEM-030704,INS-004,1,0,30,0
DEM-030705,INS-004,1,0,48,0
DEM-030706,INS-004,1,0,1,0
DEM-030710,INS-004,1,0,1,0
DEM-030712,INS-004,1,1,90,16921
DEM-030713,INS-004,1,0,4,0
DEM-030716,INS-004,1,0,0,0
DEM-030723,INS-004,1,0,4,0
DEM-030730,INS-004,1,0,1,0
DEM-030735,INS-004,1,1,90,12490
DEM-030736,INS-004,1,0,8,0
DEM-030738,INS-004,1,1,121,150000
DEM-030744,INS-004,1,0,3,0
DEM-030746,INS-004,1,0,4,0
DEM-030747,INS-004,1,0,1,0
DEM-030754,INS-004,1,0,4,0
DEM-030755,INS-004,0,0,1,0
DEM-030758,INS-004,1,0,4,0
DEM-030759,INS-004,0,0,3,0
DEM-030760,INS-004,1,0,4,0
DEM-030764,INS-004,1,0,32,0
DEM-030778,INS-004,1,0,4,0
DEM-030779,INS-004,1,1,151,248338
DEM-030783,INS-004,1,0,4,0
DEM-030784,INS-004,1,0,2,0
DEM-030792,INS-004,1,0,4,0
DEM-030794,INS-004,1,0,4,0
DEM-030797,INS-004,1,0,2,0
DEM-030798,INS-004,1,0,4,0
DEM-030807,INS-004,1,0,11,0
DEM-030809,INS-004,1,0,4,0
DEM-030810,INS-004,1,0,2,0
DEM-030811,INS-004,1,0,42,0
DEM-030813,INS-004,1,1,90,10104
DEM-030832,INS-004,1,1,90,6139
DEM-030833,INS-004,1,0,4,0
DEM-030846,INS-004,1,0,1,0
DEM-030847,INS-004,1,0,10,0
DEM-030849,INS-004,1,0,3,0
DEM-030854,INS-004,1,0,3,0
DEM-030856,INS-004,1,0,4,0
DEM-030868,INS-004,1,1,90,28613
DEM-030876,INS-004,1,0,33,0
DEM-030877,INS-004,1,0,3,0
DEM-030882,INS-004,1,0,4,0
DEM-030885,INS-004,1,0,12,0
DEM-030899,INS-004,1,0,3,0
DEM-030900,INS-004,1,0,33,0
DEM-030904,INS-004,1,0,1,0
DEM-030918,INS-004,0,0,3,0
DEM-030919,INS-004,1,0,0,0
DEM-030921,INS-004,1,0,4,0
DEM-030934,INS-004,1,0,4,0
DEM-030936,INS-004,1,0,2,0
DEM-030940,INS-004,1,0,27,0
DEM-030942,INS-004,1,1,90,8333
DEM-030958,INS-004,1,0,1,0
DEM-030969,INS-004,1,1,90,41670
DEM-030970,INS-004,1,0,4,0
DEM-030996,INS-004,1,0,2,0
DEM-030998,INS-004,1,0,4,0
DEM-030999,INS-004,1,0,4,0
DEM-031000,INS-004,1,0,4,0
DEM-031005,INS-004,1,1,90,50000
DEM-031007,INS-004,1,0,32,0
DEM-031008,INS-004,1,1,90,17125
DEM-031009,INS-004,1,0,61,0
DEM-031010,INS-004,1,0,34,0
DEM-031013,INS-004,1,0,4,0
DEM-031018,INS-004,1,0,9,0
DEM-031019,INS-004,1,1,120,43336
DEM-031028,INS-004,1,0,3,0
DEM-031044,INS-004,1,0,4,0
DEM-031047,INS-004,1,0,3,0
DEM-031049,INS-004,1,1,90,11331
DEM-031054,INS-004,1,0,28,0
DEM-031067,INS-004,1,0,3,0
DEM-031069,INS-004,1,0,4,0
DEM-031074,INS-004,1,0,4,0
DEM-031080,INS-004,1,0,33,0
DEM-031086,INS-004,1,0,4,0
DEM-031090,INS-004,1,0,4,0
DEM-031095,INS-004,1,0,31,0
DEM-031099,INS-004,1,0,4,0
DEM-031103,INS-004,1,0,4,0
DEM-031106,INS-004,1,0,4,0
DEM-031107,INS-004,1,0,0,0
DEM-031108,INS-004,1,0,0,0
DEM-031109,INS-004,1,0,4,0
DEM-031110,INS-004,1,0,4,0
DEM-031114,INS-004,1,0,2,0
DEM-031117,INS-004,1,0,27,0
DEM-031127,INS-004,1,0,4,0
DEM-031128,INS-004,1,0,27,0
DEM-031129,INS-004,0,0,4,0
DEM-031130,INS-004,1,0,27,0
DEM-031131,INS-004,1,0,10,0
DEM-031132,INS-004,1,0,30,0
DEM-031133,INS-004,1,0,4,0
DEM-031142,INS-004,1,0,4,0
DEM-031143,INS-004,1,0,4,0
DEM-031146,INS-004,1,0,4,0
DEM-031147,INS-004,0,0,0,0
DEM-031151,INS-004,1,0,2,0
DEM-031155,INS-004,1,0,4,0
DEM-031156,INS-004,1,0,27,0
DEM-031157,INS-004,1,0,4,0
DEM-031172,INS-004,0,0,28,0
DEM-031174,INS-004,1,0,32,0
DEM-031191,INS-004,1,0,4,0
DEM-031192,INS-004,1,0,24,0
DEM-031194,INS-004,1,0,35,0
DEM-031205,INS-004,1,0,2,0
DEM-031212,INS-004,1,0,4,0
DEM-031213,INS-004,0,0,3,0
DEM-031222,INS-004,1,1,152,126613
DEM-031233,INS-004,1,0,0,0
DEM-031237,INS-004,1,0,3,0
DEM-031243,INS-004,1,0,4,0
DEM-031244,INS-004,1,0,0,0
DEM-031254,INS-004,1,0,28,0
DEM-031255,INS-004,1,0,33,0
DEM-031256,INS-004,1,0,4,0
DEM-031263,INS-004,1,0,4,0
DEM-031266,INS-004,1,0,4,0
DEM-031275,INS-004,1,0,4,0
DEM-031283,INS-004,1,0,4,0
DEM-031288,INS-004,1,0,3,0
DEM-031293,INS-004,1,0,26,0
DEM-031295,INS-004,1,0,4,0
DEM-031296,INS-004,1,0,4,0
DEM-031299,INS-004,1,0,17,0
DEM-031310,INS-004,1,0,3,0
DEM-031313,INS-004,1,0,35,0
DEM-031324,INS-004,1,0,4,0
DEM-031343,INS-004,1,0,3,0
DEM-031352,INS-004,1,0,4,0
DEM-031355,INS-004,1,0,4,0
DEM-031366,INS-004,1,0,13,0
DEM-031375,INS-004,1,0,25,0
DEM-031381,INS-004,1,0,3,0
DEM-031403,INS-004,1,0,13,0
DEM-031404,INS-004,1,0,1,0
DEM-031410,INS-004,1,0,0,0
DEM-031414,INS-004,1,0,4,0
DEM-031417,INS-004,1,0,22,0
DEM-031421,INS-004,0,1,90,41666
DEM-031422,INS-004,1,1,90,19583
DEM-031428,INS-004,1,0,28,0
DEM-031430,INS-004,1,0,1,0
DEM-031432,INS-004,0,0,4,0
DEM-031435,INS-004,1,0,4,0
DEM-031436,INS-004,1,0,3,0
DEM-031439,INS-004,1,0,2,0
DEM-031441,INS-004,1,0,3,0
DEM-031443,INS-004,0,0,6,0
DEM-031444,INS-004,1,0,4,0
DEM-031458,INS-004,1,0,4,0
DEM-031459,INS-004,1,0,3,0
DEM-031460,INS-004,1,0,2,0
DEM-031461,INS-004,1,1,120,300000
DEM-031463,INS-004,1,0,1,0
DEM-031464,INS-004,1,0,26,0
DEM-031475,INS-004,1,0,35,0
DEM-031478,INS-004,1,0,3,0
DEM-031479,INS-004,1,0,1,0
DEM-031480,INS-004,1,0,16,0
DEM-031484,INS-004,1,0,0,0
DEM-031489,INS-004,1,1,90,66666
DEM-031491,INS-004,1,0,17,0
DEM-031493,INS-004,1,0,4,0
DEM-031495,INS-004,1,0,0,0
DEM-031508,INS-004,1,0,3,0
DEM-031509,INS-004,0,0,3,0
DEM-031515,INS-004,1,0,4,0
DEM-031551,INS-004,1,1,90,27250
DEM-031553,INS-004,1,0,4,0
DEM-031558,INS-004,1,0,22,0
DEM-031565,INS-004,1,0,3,0
DEM-031575,INS-004,1,0,3,0
DEM-031576,INS-004,1,0,4,0
DEM-031583,INS-004,1,0,32,0
DEM-031586,INS-004,1,0,4,0
DEM-031592,INS-004,1,0,1,0
DEM-031597,INS-004,1,0,3,0
DEM-031598,INS-004,1,0,1,0
DEM-031610,INS-004,1,0,34,0
DEM-031621,INS-004,1,0,3,0
DEM-031622,INS-004,1,0,35,0
DEM-031627,INS-004,1,0,0,0
DEM-031637,INS-004,1,1,90,932
DEM-031646,INS-004,1,0,3,0
DEM-031647,INS-004,1,0,2,0
DEM-031651,INS-004,1,0,4,0
DEM-031655,INS-004,1,1,90,14629
DEM-031658,INS-004,1,1,90,88888
DEM-031677,INS-004,1,0,3,0
DEM-031692,INS-004,1,0,4,0
DEM-031693,INS-004,1,1,90,37916
DEM-031695,INS-004,1,1,90,24170
DEM-031697,INS-004,1,0,4,0
DEM-031699,INS-004,0,0,4,0
DEM-031701,INS-004,1,0,23,0
DEM-031708,INS-004,1,0,31,0
DEM-031726,INS-004,1,0,3,0
DEM-031727,INS-004,1,0,4,0
DEM-031728,INS-004,1,0,15,0
DEM-031730,INS-004,1,0,2,0
DEM-031733,INS-004,1,0,4,0
DEM-031734,INS-004,1,0,4,0
DEM-031735,INS-004,1,0,3,0
DEM-031741,INS-004,0,1,90,27777
DEM-031743,INS-004,1,1,90,10371
DEM-031744,INS-004,1,0,35,0
DEM-031751,INS-004,1,0,30,0
DEM-031752,INS-004,1,0,4,0
DEM-031757,INS-004,1,0,4,0
DEM-031763,INS-004,1,0,18,0
DEM-031764,INS-004,1,0,4,0
DEM-031766,INS-004,1,0,36,0
DEM-031768,INS-004,1,0,4,0
DEM-031773,INS-004,1,0,35,0
DEM-031776,INS-004,1,0,31,0
DEM-031779,INS-004,1,0,4,0
DEM-031787,INS-004,1,0,4,0
DEM-031790,INS-004,1,0,35,0
DEM-031791,INS-004,1,0,15,0
DEM-031794,INS-004,1,0,0,0
DEM-031795,INS-004,1,0,3,0
DEM-031796,INS-004,1,0,13,0
DEM-031798,INS-004,1,0,3,0
DEM-031799,INS-004,1,0,4,0
DEM-031809,INS-004,1,0,4,0
DEM-031810,INS-004,1,0,2,0
DEM-031818,INS-004,0,0,4,0
DEM-031831,INS-004,1,1,90,4170
DEM-031832,INS-004,1,0,4,0
DEM-031842,INS-004,1,0,2,0
DEM-031857,INS-004,0,0,33,0
DEM-031858,INS-004,1,0,4,0
DEM-031859,INS-004,1,0,2,0
DEM-031860,INS-004,1,0,34,0
DEM-031863,INS-004,1,0,4,0
DEM-031893,INS-004,1,0,4,0
DEM-031897,INS-004,1,0,27,0
DEM-031900,INS-004,1,0,4,0
DEM-031901,INS-004,1,0,4,0
DEM-031938,INS-004,1,0,35,0
DEM-031942,INS-004,1,0,4,0
DEM-031947,INS-004,1,0,4,0
DEM-031952,INS-004,1,0,1,0
DEM-031957,INS-004,1,0,3,0
DEM-031961,INS-004,1,0,4,0
DEM-031962,INS-004,1,0,2,0
DEM-031969,INS-004,1,0,4,0
DEM-031971,INS-004,1,0,3,0
DEM-031972,INS-004,1,0,12,0
DEM-031973,INS-004,1,0,4,0
DEM-031980,INS-004,1,0,0,0
DEM-031988,INS-004,1,0,0,0
DEM-031989,INS-004,1,0,35,0
DEM-031992,INS-004,1,1,90,19053
DEM-031993,INS-004,1,0,29,0
DEM-031995,INS-004,1,0,34,0
DEM-031999,INS-004,1,0,3,0
DEM-032000,INS-004,1,0,4,0
DEM-032022,INS-004,1,0,3,0
DEM-032026,INS-004,1,0,4,0
DEM-032027,INS-004,1,0,2,0
DEM-032028,INS-004,1,0,4,0
DEM-032029,INS-004,1,0,4,0
DEM-032030,INS-004,1,0,4,0
DEM-032033,INS-004,1,0,38,0
DEM-032041,INS-004,1,0,30,0
DEM-032042,INS-004,1,0,3,0
DEM-032049,INS-004,1,1,90,8177
DEM-032055,INS-004,1,1,90,31666
DEM-032057,INS-004,0,0,2,0
DEM-032058,INS-004,1,0,4,0
DEM-032059,INS-004,1,0,3,0
DEM-032060,INS-004,1,0,0,0
DEM-032068,INS-004,0,0,4,0
DEM-032070,INS-004,1,0,3,0
DEM-032073,INS-004,1,0,3,0
DEM-032082,INS-004,1,0,4,0
DEM-032083,INS-004,1,0,4,0
DEM-032091,INS-004,1,0,3,0
DEM-032100,INS-004,1,0,29,0
DEM-032101,INS-004,1,0,4,0
DEM-032108,INS-004,1,0,0,0
DEM-032123,INS-004,1,0,4,0
DEM-032127,INS-004,1,0,1,0
DEM-032128,INS-004,1,0,3,0
DEM-032135,INS-004,1,0,4,0
DEM-032136,INS-004,1,0,33,0
DEM-032137,INS-004,1,0,30,0
DEM-032138,INS-004,1,0,20,0
DEM-032139,INS-004,1,0,4,0
DEM-032144,INS-004,1,0,18,0
DEM-032149,INS-004,0,0,4,0
DEM-032153,INS-004,1,0,4,0
DEM-032155,INS-004,0,0,4,0
DEM-032157,INS-004,1,0,4,0
DEM-032159,INS-004,1,0,29,0
DEM-032167,INS-004,1,1,90,4037
DEM-032168,INS-004,1,0,4,0
DEM-032169,INS-004,1,0,4,0
DEM-032175,INS-004,1,0,35,0
DEM-032186,INS-004,1,0,4,0
DEM-032188,INS-004,1,0,34,0
DEM-032190,INS-004,0,0,4,0
DEM-032191,INS-004,1,0,3,0
DEM-032194,INS-004,1,0,34,0
DEM-032201,INS-004,1,1,90,15699
DEM-032202,INS-004,1,0,4,0
DEM-032207,INS-004,1,0,31,0
DEM-032212,INS-004,1,0,1,0
DEM-032213,INS-004,1,0,4,0
DEM-032214,INS-004,1,0,2,0
DEM-032219,INS-004,1,0,4,0
DEM-032220,INS-004,1,0,11,0
DEM-032222,INS-004,1,0,30,0
DEM-032227,INS-004,0,0,4,0
DEM-032234,INS-004,1,0,8,0
DEM-032235,INS-004,1,0,4,0
DEM-032237,INS-004,1,0,3,0
DEM-032242,INS-004,1,0,61,0
DEM-032245,INS-004,1,0,2,0
DEM-032251,INS-004,1,0,28,0
DEM-032252,INS-004,1,0,2,0
DEM-032253,INS-004,1,0,40,0
DEM-032267,INS-004,1,0,4,0
DEM-032270,INS-004,1,0,4,0
DEM-032272,INS-004,1,0,35,0
DEM-032278,INS-004,1,0,4,0
DEM-032284,INS-004,1,0,4,0
DEM-032303,INS-004,1,0,4,0
DEM-032304,INS-004,1,1,90,6201
DEM-032305,INS-004,1,0,66,0
DEM-032306,INS-004,0,0,4,0
DEM-032312,INS-004,0,0,4,0
DEM-032317,INS-004,1,0,4,0
DEM-032326,INS-004,0,0,4,0
DEM-032331,INS-004,1,0,4,0
DEM-032332,INS-004,1,0,4,0
DEM-032333,INS-004,1,0,4,0
DEM-032334,INS-004,1,0,3,0
DEM-032335,INS-004,1,0,4,0
DEM-032336,INS-004,1,0,4,0
DEM-032337,INS-004,0,0,3,0
DEM-032343,INS-004,1,0,16,0
DEM-032359,INS-004,1,0,33,0
DEM-032360,INS-004,1,0,4,0
DEM-032361,INS-004,1,0,4,0
DEM-032370,INS-004,1,0,4,0
DEM-032371,INS-004,1,0,4,0
DEM-032372,INS-004,1,0,3,0
DEM-032373,INS-004,1,0,4,0
DEM-032377,INS-004,1,0,3,0
DEM-032387,INS-004,1,0,3,0
DEM-032390,INS-004,1,0,34,0
DEM-032393,INS-004,1,1,90,15913
DEM-032396,INS-004,1,0,0,0
DEM-032398,INS-004,1,0,3,0
DEM-032400,INS-004,0,0,4,0
DEM-032408,INS-004,1,0,1,0
DEM-032415,INS-004,0,0,37,0
DEM-032417,INS-004,1,0,4,0
DEM-032418,INS-004,1,0,4,0
DEM-032419,INS-004,1,0,3,0
DEM-032423,INS-004,1,0,4,0
DEM-032427,INS-004,1,0,28,0
DEM-032429,INS-004,1,0,4,0
DEM-032435,INS-004,1,0,4,0
DEM-032437,INS-004,1,1,121,14422
DEM-032438,INS-004,1,0,3,0
DEM-032444,INS-004,1,0,3,0
DEM-032446,INS-004,1,0,3,0
DEM-032447,INS-004,0,0,3,0
DEM-032448,INS-004,1,0,4,0
DEM-032454,INS-004,1,0,2,0
DEM-032462,INS-004,1,0,62,0
DEM-032465,INS-004,1,0,4,0
DEM-032470,INS-004,1,0,70,0
DEM-032477,INS-004,1,0,4,0
DEM-032492,INS-004,0,0,32,0
DEM-032493,INS-004,1,0,33,0
DEM-032499,INS-004,1,0,2,0
DEM-032500,INS-004,1,0,4,0
DEM-032501,INS-004,1,0,31,0
DEM-032523,INS-004,1,0,4,0
DEM-032527,INS-004,1,0,3,0
DEM-032529,INS-004,1,0,61,0
DEM-032536,INS-004,1,0,30,0
DEM-032544,INS-004,1,0,3,0
DEM-032550,INS-004,1,0,72,0
DEM-032557,INS-004,1,0,4,0
DEM-032558,INS-004,0,0,4,0
DEM-032560,INS-004,1,0,36,0
DEM-032561,INS-004,1,0,0,0
DEM-032566,INS-004,1,0,3,0
DEM-032572,INS-004,1,0,3,0
DEM-032574,INS-004,1,0,4,0
DEM-032578,INS-004,1,0,4,0
DEM-032579,INS-004,1,0,55,0
DEM-032580,INS-004,1,0,4,0
DEM-032585,INS-004,1,0,33,0
DEM-032586,INS-004,1,0,4,0
DEM-032587,INS-004,1,0,2,0
DEM-032589,INS-004,1,0,3,0
DEM-032590,INS-004,1,0,4,0
DEM-032592,INS-004,1,0,34,0
DEM-032601,INS-004,1,0,3,0
DEM-032603,INS-004,1,0,50,0
DEM-032605,INS-004,1,0,4,0
DEM-032606,INS-004,1,0,4,0
DEM-032607,INS-004,1,0,1,0
DEM-032608,INS-004,0,0,0,0
DEM-032610,INS-004,1,0,14,0
DEM-032621,INS-004,1,0,4,0
DEM-032624,INS-004,1,0,4,0
DEM-032625,INS-004,1,0,4,0
DEM-032626,INS-004,1,0,3,0
DEM-032635,INS-004,1,0,0,0
DEM-032636,INS-004,1,1,90,8333
DEM-032638,INS-004,1,0,3,0
DEM-032641,INS-004,1,0,4,0
DEM-032643,INS-004,1,0,4,0
DEM-032650,INS-004,1,1,90,18333
DEM-032666,INS-004,1,0,4,0
DEM-032667,INS-004,1,0,4,0
DEM-032669,INS-004,1,0,4,0
DEM-032674,INS-004,1,0,2,0
DEM-032679,INS-004,1,0,4,0
DEM-032686,INS-004,1,1,90,40000
DEM-032687,INS-004,1,0,50,0
DEM-032688,INS-004,1,0,4,0
DEM-032692,INS-004,1,0,3,0
DEM-032695,INS-004,0,0,3,0
DEM-032697,INS-004,1,1,90,26181
DEM-032707,INS-004,1,0,4,0
DEM-032709,INS-004,1,0,2,0
DEM-032710,INS-004,1,0,3,0
DEM-032712,INS-004,1,0,35,0
DEM-032722,INS-004,1,0,2,0
DEM-032723,INS-004,1,0,4,0
DEM-032728,INS-004,1,0,4,0
DEM-032731,INS-004,1,0,4,0
DEM-032737,INS-004,1,0,3,0
DEM-032739,INS-004,1,0,4,0
DEM-032743,INS-004,1,0,3,0
DEM-032751,INS-004,1,0,89,0
DEM-032755,INS-004,1,0,3,0
DEM-032758,INS-004,1,0,31,0
DEM-032771,INS-004,1,0,32,0
DEM-032784,INS-004,1,0,4,0
DEM-032793,INS-004,1,0,4,0
DEM-032795,INS-004,1,0,3,0
DEM-032796,INS-004,1,0,4,0
DEM-032797,INS-004,1,0,4,0
DEM-032798,INS-004,1,0,3,0
DEM-032801,INS-004,1,0,4,0
DEM-032803,INS-004,1,0,4,0
DEM-032804,INS-004,1,0,4,0
DEM-032827,INS-004,0,0,3,0
DEM-032828,INS-004,1,0,56,0
DEM-032836,INS-004,1,1,90,27777
DEM-032849,INS-004,0,0,15,0
DEM-032850,INS-004,1,0,3,0
DEM-032855,INS-004,1,0,2,0
DEM-032859,INS-004,1,0,4,0
DEM-032874,INS-004,1,0,4,0
DEM-032875,INS-004,1,0,4,0
DEM-032895,INS-004,1,0,4,0
DEM-032904,INS-004,1,0,4,0
DEM-032907,INS-004,1,0,1,0
DEM-032909,INS-004,1,0,3,0
DEM-032914,INS-004,1,0,3,0
DEM-032915,INS-004,1,0,3,0
DEM-032917,INS-004,1,0,4,0
DEM-032924,INS-004,1,0,4,0
DEM-032928,INS-004,1,0,4,0
DEM-032941,INS-004,1,0,2,0
DEM-032946,INS-004,1,1,90,27777
DEM-032948,INS-004,0,0,1,0
DEM-032952,INS-004,1,0,1,0
DEM-032954,INS-004,1,0,0,0
DEM-032958,INS-004,1,0,4,0
DEM-032959,INS-004,1,0,4,0
DEM-032960,INS-004,1,0,9,0
DEM-032963,INS-004,1,0,3,0
DEM-032972,INS-004,1,0,0,0
DEM-032982,INS-004,1,0,10,0
DEM-032983,INS-004,1,0,3,0
DEM-032986,INS-004,1,0,4,0
DEM-032987,INS-004,1,0,4,0
DEM-032991,INS-004,1,0,11,0
DEM-032992,INS-004,1,0,30,0
DEM-033005,INS-004,1,0,4,0
DEM-033013,INS-004,1,0,3,0
DEM-033018,INS-004,1,0,30,0
DEM-033020,INS-004,1,0,4,0
DEM-033021,INS-004,1,0,25,0
DEM-033032,INS-004,1,0,29,0
DEM-033040,INS-004,1,0,3,0
DEM-033043,INS-004,1,0,4,0
DEM-033049,INS-004,0,0,3,0
DEM-033053,INS-004,1,0,49,0
DEM-033061,INS-004,1,0,4,0
DEM-033068,INS-004,1,1,90,66666
DEM-033069,INS-004,1,0,15,0
DEM-033071,INS-004,1,0,48,0
DEM-033074,INS-004,1,0,4,0
DEM-033075,INS-004,1,0,4,0
DEM-033077,INS-004,1,0,0,0
DEM-033081,INS-004,1,0,71,0
DEM-033086,INS-004,1,0,4,0
DEM-033091,INS-004,1,0,4,0
DEM-033093,INS-004,1,0,29,0
DEM-033094,INS-004,1,0,3,0
DEM-033095,INS-004,1,0,2,0
DEM-033102,INS-004,1,0,2,0
DEM-033103,INS-004,1,0,17,0
DEM-033105,INS-004,1,0,0,0
DEM-033107,INS-004,1,0,3,0
DEM-033109,INS-004,1,0,4,0
DEM-033111,INS-004,1,0,4,0
DEM-033126,INS-004,1,0,2,0
DEM-033127,INS-004,1,0,32,0
DEM-033128,INS-004,1,1,90,13216
DEM-033136,INS-004,1,0,4,0
DEM-033138,INS-004,1,0,21,0
DEM-033145,INS-004,1,0,31,0
DEM-033152,INS-004,1,0,4,0
DEM-033153,INS-004,1,0,3,0
DEM-033154,INS-004,0,0,4,0
DEM-033155,INS-004,1,0,4,0
DEM-033156,INS-004,1,1,90,25833
DEM-033157,INS-004,1,0,0,0
DEM-033162,INS-004,1,0,8,0
DEM-033166,INS-004,1,0,3,0
DEM-033170,INS-004,1,0,3,0
DEM-033175,INS-004,1,0,4,0
DEM-033176,INS-004,0,0,33,0
DEM-033177,INS-004,1,0,4,0
DEM-033179,INS-004,0,0,1,0
DEM-033180,INS-004,1,0,4,0
DEM-033181,INS-004,1,0,35,0
DEM-033196,INS-004,1,0,31,0
DEM-033205,INS-004,1,0,4,0
DEM-033208,INS-004,1,0,3,0
DEM-033239,INS-004,1,0,3,0
DEM-033240,INS-004,1,1,90,16670
DEM-033245,INS-004,1,0,3,0
DEM-033247,INS-004,1,0,0,0
DEM-033249,INS-004,0,0,3,0
DEM-033259,INS-004,1,0,4,0
DEM-033260,INS-004,1,0,25,0
DEM-033266,INS-004,0,0,1,0
DEM-033275,INS-004,1,0,4,0
DEM-033278,INS-004,1,0,2,0
DEM-033287,INS-004,0,0,4,0
DEM-033293,INS-004,1,0,0,0
DEM-033300,INS-004,1,0,1,0
DEM-033306,INS-004,1,0,4,0
DEM-033307,INS-004,0,1,90,27777
DEM-033308,INS-004,1,0,36,0
DEM-033309,INS-004,0,0,34,0
DEM-033310,INS-004,0,0,2,0
DEM-033317,INS-004,1,0,30,0
DEM-033323,INS-004,0,0,29,0
DEM-033324,INS-004,1,0,3,0
DEM-033330,INS-004,1,0,32,0
DEM-033333,INS-004,1,0,4,0
DEM-033334,INS-004,1,0,4,0
DEM-033335,INS-004,1,0,3,0
DEM-033336,INS-004,1,0,2,0
DEM-033339,INS-004,1,0,4,0
DEM-033343,INS-004,1,0,4,0
DEM-033351,INS-004,1,0,4,0
DEM-033352,INS-004,1,1,90,75000
DEM-033354,INS-004,1,0,4,0
DEM-033355,INS-004,1,0,3,0
DEM-033356,INS-004,1,0,33,0
DEM-033357,INS-004,0,0,2,0
DEM-033362,INS-004,1,0,3,0
DEM-033363,INS-004,1,0,3,0
DEM-033365,INS-004,1,0,4,0
DEM-033370,INS-004,1,0,4,0
DEM-033371,INS-004,1,0,22,0
DEM-033375,INS-004,1,0,2,0
DEM-033390,INS-004,1,0,1,0
DEM-033396,INS-004,1,0,0,0
DEM-033397,INS-004,1,0,3,0
DEM-033398,INS-004,1,0,2,0
DEM-033404,INS-004,1,1,90,6621
DEM-033406,INS-004,0,0,3,0
DEM-033410,INS-004,1,0,81,0
DEM-033416,INS-004,1,0,63,0
DEM-033417,INS-004,1,0,3,0
DEM-033418,INS-004,1,0,34,0
DEM-033420,INS-004,1,0,3,0
DEM-033429,INS-004,0,0,4,0
DEM-033436,INS-004,1,0,3,0
DEM-033441,INS-004,0,0,1,0
DEM-033442,INS-004,1,0,4,0
DEM-033451,INS-004,1,0,31,0
DEM-033454,INS-004,1,0,3,0
DEM-033461,INS-004,1,0,4,0
DEM-033464,INS-004,1,1,90,25367
DEM-033466,INS-004,1,0,0,0
DEM-033467,INS-004,1,0,0,0
DEM-033474,INS-004,1,0,4,0
DEM-033480,INS-004,1,0,4,0
DEM-033482,INS-004,0,0,4,0
DEM-033484,INS-004,1,0,4,0
DEM-033489,INS-004,0,0,3,0
DEM-033490,INS-004,1,0,4,0
DEM-033491,INS-004,1,0,29,0
DEM-033492,INS-004,1,0,33,0
DEM-033494,INS-004,1,0,4,0
DEM-033496,INS-004,1,0,1,0
DEM-033498,INS-004,1,0,4,0
DEM-033505,INS-004,1,0,1,0
DEM-033506,INS-004,1,0,33,0
DEM-033510,INS-004,1,0,19,0
DEM-033511,INS-004,1,0,2,0
DEM-033522,INS-004,1,0,34,0
DEM-033523,INS-004,1,0,4,0
DEM-033524,INS-004,1,0,3,0
DEM-033540,INS-004,1,0,4,0
DEM-033544,INS-004,0,0,2,0
DEM-033548,INS-004,1,0,4,0
DEM-033552,INS-004,1,0,4,0
DEM-033554,INS-004,1,0,0,0
DEM-033556,INS-004,1,0,21,0
DEM-033559,INS-004,1,0,0,0
DEM-033560,INS-004,1,0,4,0
DEM-033562,INS-004,1,0,2,0
DEM-033563,INS-004,1,0,5,0
DEM-033564,INS-004,1,0,3,0
DEM-033578,INS-004,1,0,4,0
DEM-033579,INS-004,1,0,3,0
DEM-033581,INS-004,1,0,4,0
DEM-033585,INS-004,1,0,40,0
DEM-033603,INS-004,1,0,3,0
DEM-033605,INS-004,1,0,2,0
DEM-033623,INS-004,1,0,4,0
DEM-033625,INS-004,1,0,4,0
DEM-033629,INS-004,1,0,4,0
DEM-033634,INS-004,1,0,28,0
DEM-033644,INS-004,1,0,4,0
DEM-033656,INS-004,0,0,29,0
DEM-033661,INS-004,0,0,3,0
DEM-033665,INS-004,1,0,46,0
DEM-033674,INS-004,1,0,4,0
DEM-033684,INS-004,1,0,45,0
DEM-033690,INS-004,1,0,1,0
DEM-033691,INS-004,1,0,3,0
DEM-033697,INS-004,1,0,3,0
DEM-033703,INS-004,1,0,2,0
DEM-033708,INS-004,1,0,28,0
DEM-033712,INS-004,1,0,0,0
DEM-033714,INS-004,1,0,30,0
DEM-033725,INS-004,1,0,3,0
DEM-033726,INS-004,1,0,2,0
DEM-033742,INS-004,1,0,4,0
DEM-033746,INS-004,1,0,4,0
DEM-033748,INS-004,1,0,2,0
DEM-033752,INS-004,1,0,2,0
DEM-033754,INS-004,1,0,28,0
DEM-033766,INS-004,1,0,1,0
DEM-033767,INS-004,1,0,3,0
DEM-033769,INS-004,1,0,3,0
DEM-033774,INS-004,1,0,4,0
DEM-033775,INS-004,1,0,30,0
DEM-033779,INS-004,1,0,3,0
DEM-033780,INS-004,1,0,27,0
DEM-033781,INS-004,1,0,0,0
DEM-033791,INS-004,1,0,3,0
DEM-033792,INS-004,1,0,4,0
DEM-033797,INS-004,0,1,90,50000
DEM-033800,INS-004,1,1,121,24166
DEM-033801,INS-004,1,0,4,0
DEM-033806,INS-004,1,0,2,0
DEM-033811,INS-004,0,0,4,0
DEM-033812,INS-004,1,0,3,0
DEM-033813,INS-004,1,0,2,0
DEM-033815,INS-004,1,0,0,0
DEM-033816,INS-004,1,0,0,0
DEM-033830,INS-004,0,0,2,0
DEM-033833,INS-004,1,0,20,0
DEM-033834,INS-004,1,0,9,0
DEM-033838,INS-004,1,0,4,0
DEM-033850,INS-004,0,0,4,0
DEM-033851,INS-004,1,1,90,95000
DEM-033857,INS-004,1,0,0,0
DEM-033871,INS-004,1,0,3,0
DEM-033875,INS-004,1,1,90,28335
DEM-033889,INS-004,1,0,2,0
DEM-033890,INS-004,0,0,4,0
DEM-033902,INS-004,1,0,2,0
DEM-033904,INS-004,1,0,4,0
DEM-033905,INS-004,1,0,31,0
DEM-033906,INS-004,1,0,2,0
DEM-033907,INS-004,1,0,4,0
DEM-033908,INS-004,1,1,90,4887
DEM-033910,INS-004,1,1,90,81666
DEM-033911,INS-004,1,0,33,0
DEM-033912,INS-004,1,0,4,0
DEM-033921,INS-004,1,0,4,0
DEM-033925,INS-004,1,0,14,0
DEM-033928,INS-004,1,0,4,0
DEM-033936,INS-004,1,1,90,9599
DEM-033937,INS-004,1,0,3,0
DEM-033942,INS-004,1,0,4,0
DEM-033951,INS-004,1,0,1,0
DEM-033965,INS-004,1,0,28,0
DEM-033966,INS-004,0,0,29,0
DEM-033971,INS-004,1,0,3,0
DEM-033984,INS-004,0,0,4,0
DEM-033987,INS-004,1,0,4,0
DEM-033989,INS-004,1,0,59,0
DEM-033994,INS-004,1,0,45,0
DEM-034002,INS-004,1,0,34,0
DEM-034007,INS-004,1,0,4,0
DEM-034008,INS-004,1,0,2,0
DEM-034009,INS-004,1,0,33,0
DEM-034010,INS-004,1,0,1,0
DEM-034011,INS-004,1,0,32,0
DEM-034012,INS-004,1,0,3,0
DEM-034013,INS-004,1,0,4,0
DEM-034014,INS-004,1,0,4,0
DEM-034015,INS-004,1,0,32,0
DEM-034016,INS-004,1,0,2,0
DEM-034021,INS-004,0,0,35,0
DEM-034023,INS-004,1,0,4,0
DEM-034030,INS-004,1,0,4,0
DEM-034031,INS-004,0,1,90,16867
DEM-034035,INS-004,1,0,2,0
DEM-034039,INS-004,1,0,16,0
DEM-034043,INS-004,1,0,56,0
DEM-034047,INS-004,0,1,90,6727
DEM-034050,INS-004,1,0,4,0
DEM-034055,INS-004,1,0,3,0
DEM-034056,INS-004,1,1,90,9916
DEM-034058,INS-004,1,0,4,0
DEM-034059,INS-004,1,0,4,0
DEM-034063,INS-004,0,0,1,0
DEM-034069,INS-004,1,0,3,0
DEM-034072,INS-004,1,0,4,0
DEM-034073,INS-004,1,0,4,0
DEM-034076,INS-004,1,0,1,0
DEM-034078,INS-004,1,0,12,0
DEM-034081,INS-004,1,0,34,0
DEM-034096,INS-004,1,0,4,0
DEM-034107,INS-004,1,0,3,0
DEM-034108,INS-004,1,0,1,0
DEM-034112,INS-004,1,0,34,0
DEM-034114,INS-004,1,0,3,0
DEM-034117,INS-004,1,0,4,0
DEM-034120,INS-004,1,0,1,0
DEM-034123,INS-004,1,1,90,32439
DEM-034126,INS-004,1,1,90,120416
DEM-034128,INS-004,1,0,4,0
DEM-034133,INS-004,1,1,118,48544
DEM-034144,INS-004,1,0,4,0
DEM-034145,INS-004,1,0,4,0
DEM-034147,INS-004,1,0,50,0
DEM-034148,INS-004,1,0,13,0
DEM-034155,INS-004,1,0,3,0
DEM-034160,INS-004,1,0,4,0
DEM-034162,INS-004,1,0,2,0
DEM-034165,INS-004,1,0,4,0
DEM-034166,INS-004,1,0,4,0
DEM-034169,INS-004,1,1,90,50833
DEM-034189,INS-004,1,0,2,0
DEM-034196,INS-004,1,0,2,0
DEM-034199,INS-004,1,0,4,0
DEM-034202,INS-004,1,0,2,0
DEM-034205,INS-004,0,0,4,0
DEM-034210,INS-004,1,0,4,0
DEM-034211,INS-004,1,0,4,0
DEM-034212,INS-004,1,0,4,0
DEM-034213,INS-004,0,0,4,0
DEM-034224,INS-004,1,0,21,0
DEM-034234,INS-004,1,0,48,0
DEM-034235,INS-004,1,0,3,0
DEM-034252,INS-004,1,0,4,0
DEM-034253,INS-004,1,0,4,0
DEM-034256,INS-004,1,0,4,0
DEM-034257,INS-004,1,0,3,0
DEM-034271,INS-004,1,1,90,8333
DEM-034276,INS-004,1,1,90,100000
DEM-034280,INS-004,1,0,4,0
DEM-034282,INS-004,1,0,29,0
DEM-034283,INS-004,1,0,4,0
DEM-034284,INS-004,1,0,4,0
DEM-034285,INS-004,1,0,4,0
DEM-034288,INS-004,1,0,18,0
DEM-034296,INS-004,1,0,4,0
DEM-034302,INS-004,1,0,4,0
DEM-034307,INS-004,1,0,4,0
DEM-034310,INS-004,1,0,4,0
DEM-034314,INS-004,1,0,62,0
DEM-034315,INS-004,1,0,3,0
DEM-034317,INS-004,1,0,4,0
DEM-034318,INS-004,1,0,4,0
DEM-034320,INS-004,1,0,32,0
DEM-034321,INS-004,1,0,0,0
DEM-034324,INS-004,1,0,3,0
DEM-034326,INS-004,1,0,33,0
DEM-034327,INS-004,1,1,90,27777
DEM-034328,INS-004,1,1,90,75000
DEM-034329,INS-004,1,0,30,0
DEM-034335,INS-004,1,0,2,0
DEM-034336,INS-004,1,0,4,0
DEM-034339,INS-004,1,0,28,0
DEM-034346,INS-004,1,0,35,0
DEM-034347,INS-004,1,0,4,0
DEM-034348,INS-004,1,0,0,0
DEM-034357,INS-004,1,0,2,0
DEM-034372,INS-004,1,0,1,0
DEM-034373,INS-004,1,0,4,0
DEM-034375,INS-004,1,0,19,0
DEM-034376,INS-004,1,0,28,0
DEM-034382,INS-004,1,0,3,0
DEM-034387,INS-004,1,0,3,0
DEM-034390,INS-004,1,0,4,0
DEM-034391,INS-004,0,0,4,0
DEM-034392,INS-004,1,0,4,0
DEM-034397,INS-004,1,0,4,0
DEM-034401,INS-004,1,0,4,0
DEM-034405,INS-004,1,0,4,0
DEM-034414,INS-004,0,1,90,21112
DEM-034415,INS-004,1,0,33,0
DEM-034419,INS-004,1,0,4,0
DEM-034421,INS-004,1,0,3,0
DEM-034424,INS-004,1,0,4,0
DEM-034440,INS-004,1,0,2,0
DEM-034442,INS-004,0,0,4,0
DEM-034444,INS-004,1,0,4,0
DEM-034446,INS-004,1,0,4,0
DEM-034452,INS-004,0,0,4,0
DEM-034455,INS-004,1,0,4,0
DEM-034462,INS-004,1,0,4,0
DEM-034463,INS-004,1,0,4,0
DEM-034464,INS-004,1,0,4,0
DEM-034467,INS-004,1,0,29,0
DEM-034472,INS-004,1,0,28,0
DEM-034473,INS-004,1,0,4,0
DEM-034482,INS-004,1,0,0,0
DEM-034483,INS-004,1,0,4,0
DEM-034484,INS-004,1,0,4,0
DEM-034485,INS-004,1,0,4,0
DEM-034487,INS-004,0,0,4,0
DEM-034488,INS-004,1,0,3,0
DEM-034489,INS-004,1,0,4,0
DEM-034493,INS-004,1,0,29,0
DEM-034502,INS-004,1,0,23,0
DEM-034503,INS-004,1,0,4,0
DEM-034506,INS-004,1,1,90,15833
DEM-034512,INS-004,1,0,3,0
DEM-034516,INS-004,1,0,5,0
DEM-034518,INS-004,1,0,2,0
DEM-034519,INS-004,1,0,1,0
DEM-034527,INS-004,0,0,4,0
DEM-034532,INS-004,1,0,4,0
DEM-034533,INS-004,1,1,90,4382
DEM-034534,INS-004,1,0,0,0
DEM-034536,INS-004,0,0,4,0
DEM-034539,INS-004,1,0,3,0
DEM-034542,INS-004,1,0,2,0
DEM-034543,INS-004,0,1,90,56672
DEM-034546,INS-004,0,0,4,0
DEM-034550,INS-004,1,0,4,0
DEM-034553,INS-004,1,0,4,0
DEM-034554,INS-004,1,0,4,0
DEM-034571,INS-004,1,0,31,0
DEM-034582,INS-004,1,0,2,0
DEM-034594,INS-004,1,0,34,0
DEM-034595,INS-004,1,0,4,0
DEM-034619,INS-004,1,0,4,0
DEM-034625,INS-004,1,0,30,0
DEM-034627,INS-004,1,0,4,0
DEM-034632,INS-004,1,0,1,0
DEM-034633,INS-004,1,0,4,0
DEM-034639,INS-004,1,1,90,66666
DEM-034640,INS-004,1,0,20,0
DEM-034641,INS-004,1,0,2,0
DEM-034642,INS-004,1,0,4,0
DEM-034643,INS-004,1,0,3,0
DEM-034644,INS-004,1,0,4,0
DEM-034651,INS-004,1,0,4,0
DEM-034654,INS-004,1,0,4,0
DEM-034657,INS-004,1,0,3,0
DEM-034658,INS-004,1,0,35,0
DEM-034660,INS-004,1,1,120,84558
DEM-034661,INS-004,1,0,34,0
DEM-034668,INS-004,1,0,34,0
DEM-034674,INS-004,1,0,3,0
DEM-034677,INS-004,1,0,3,0
DEM-034679,INS-004,1,0,3,0
DEM-034683,INS-004,1,1,90,34152
DEM-034686,INS-004,1,0,1,0
DEM-034696,INS-004,1,1,90,100000
DEM-034697,INS-004,1,0,11,0
DEM-034705,INS-004,1,0,4,0
DEM-034708,INS-004,1,0,4,0
DEM-034710,INS-004,1,0,0,0
DEM-034712,INS-004,1,0,0,0
DEM-034717,INS-004,1,1,90,24444
DEM-034718,INS-004,1,1,90,17222
DEM-034719,INS-004,1,1,121,52222
DEM-034741,INS-004,1,0,33,0
DEM-034742,INS-004,1,0,38,0
DEM-034743,INS-004,1,0,4,0
DEM-034745,INS-004,1,0,4,0
DEM-034759,INS-004,1,0,2,0
DEM-034760,INS-004,1,0,28,0
DEM-034762,INS-004,1,0,5,0
DEM-034763,INS-004,1,0,4,0
DEM-034767,INS-004,1,0,0,0
DEM-034773,INS-004,1,0,4,0
DEM-034774,INS-004,1,0,3,0
DEM-034787,INS-004,1,0,3,0
DEM-034788,INS-004,0,0,3,0
DEM-034790,INS-004,0,0,3,0
DEM-034795,INS-004,1,0,59,0
DEM-034809,INS-004,1,0,36,0
DEM-034819,INS-004,1,0,2,0
DEM-034826,INS-004,1,0,49,0
DEM-034836,INS-004,1,0,4,0
DEM-034843,INS-004,1,0,3,0
DEM-034844,INS-004,1,0,3,0
DEM-034846,INS-004,1,0,4,0
DEM-034848,INS-004,1,0,2,0
DEM-034852,INS-004,1,0,2,0
DEM-034856,INS-004,1,0,20,0
DEM-034859,INS-004,1,0,4,0
DEM-034875,INS-004,1,0,13,0
DEM-034880,INS-004,1,0,29,0
DEM-034886,INS-004,1,0,63,0
DEM-034887,INS-004,1,0,2,0
DEM-034888,INS-004,0,0,27,0
DEM-034892,INS-004,0,0,4,0
DEM-034895,INS-004,1,0,3,0
DEM-034896,INS-004,1,0,4,0
DEM-034902,INS-004,1,0,4,0
DEM-034909,INS-004,1,0,4,0
DEM-034911,INS-004,1,0,2,0
DEM-034913,INS-004,1,0,3,0
DEM-034918,INS-004,1,0,37,0
DEM-034920,INS-004,1,0,3,0
DEM-034923,INS-004,1,0,4,0
DEM-034930,INS-004,1,1,151,266672
DEM-034938,INS-004,1,0,4,0
DEM-034939,INS-004,1,0,3,0
DEM-034940,INS-004,1,0,3,0
DEM-034941,INS-004,1,0,3,0
DEM-034944,INS-004,1,0,4,0
DEM-034945,INS-004,1,0,30,0
DEM-034967,INS-004,1,0,4,0
DEM-034968,INS-004,1,0,2,0
DEM-034969,INS-004,1,0,9,0
DEM-034970,INS-004,1,0,4,0
DEM-034971,INS-004,1,0,3,0
DEM-034974,INS-004,1,0,4,0
DEM-034979,INS-004,1,0,3,0
DEM-034980,INS-004,1,0,4,0
DEM-034983,INS-004,1,0,3,0
DEM-034988,INS-004,1,1,90,19931
DEM-034993,INS-004,1,0,31,0
DEM-034994,INS-004,1,0,35,0
DEM-034996,INS-004,1,0,2,0
DEM-035003,INS-004,1,0,4,0
DEM-035011,INS-004,1,0,4,0
DEM-035022,INS-004,1,0,17,0
DEM-035024,INS-004,1,0,3,0
DEM-035029,INS-004,1,0,2,0
DEM-035032,INS-004,1,0,4,0
DEM-035033,INS-004,1,0,3,0
DEM-035036,INS-004,1,0,3,0
DEM-035052,INS-004,1,0,4,0
DEM-035053,INS-004,0,0,4,0
DEM-035054,INS-004,0,0,34,0
DEM-035056,INS-004,0,0,34,0
DEM-035073,INS-004,1,0,3,0
DEM-035074,INS-004,1,0,4,0
DEM-035075,INS-004,1,0,3,0
DEM-035078,INS-004,0,0,3,0
DEM-035079,INS-004,1,0,13,0
DEM-035083,INS-004,1,0,23,0
DEM-035087,INS-004,0,0,4,0
DEM-035088,INS-004,1,0,4,0
DEM-035091,INS-004,0,0,4,0
DEM-035095,INS-004,0,0,3,0
DEM-035096,INS-004,1,0,4,0
DEM-035099,INS-004,0,0,3,0
DEM-035107,INS-004,1,0,28,0
DEM-035109,INS-004,1,0,4,0
DEM-035113,INS-004,1,0,12,0
DEM-035115,INS-004,1,0,2,0
DEM-035133,INS-004,1,0,3,0
DEM-035135,INS-004,1,0,4,0
DEM-035139,INS-004,1,0,4,0
DEM-035140,INS-004,1,0,2,0
DEM-035141,INS-004,1,0,7,0
DEM-035142,INS-004,1,0,2,0
DEM-035143,INS-004,1,0,2,0
DEM-035144,INS-004,0,0,4,0
DEM-035145,INS-004,1,0,4,0
DEM-035152,INS-004,0,0,3,0
DEM-035155,INS-004,1,0,4,0
DEM-035157,INS-004,1,0,35,0
DEM-035158,INS-004,1,0,3,0
DEM-035163,INS-004,1,0,34,0
DEM-035173,INS-004,1,0,4,0
DEM-035184,INS-004,0,0,4,0
DEM-035188,INS-004,1,0,3,0
DEM-035190,INS-004,1,0,4,0
DEM-035191,INS-004,1,0,8,0
DEM-035192,INS-004,1,0,4,0
DEM-035202,INS-004,1,0,4,0
DEM-035203,INS-004,1,0,4,0
DEM-035204,INS-004,0,0,4,0
DEM-035217,INS-004,1,0,4,0
DEM-035218,INS-004,1,1,90,32146
DEM-035224,INS-004,1,0,4,0
DEM-035225,INS-004,1,0,3,0
DEM-035231,INS-004,1,0,28,0
DEM-035232,INS-004,1,0,4,0
DEM-035233,INS-004,0,1,121,70501
DEM-035235,INS-004,1,1,90,50120
DEM-035236,INS-004,0,0,19,0
DEM-035245,INS-004,1,0,29,0
DEM-035247,INS-004,0,0,4,0
DEM-035248,INS-004,1,0,30,0
DEM-035249,INS-004,1,0,4,0
DEM-035261,INS-004,1,0,3,0
DEM-035262,INS-004,1,0,0,0
DEM-035267,INS-004,1,0,20,0
DEM-035269,INS-004,1,0,8,0
DEM-035270,INS-004,1,0,4,0
DEM-035275,INS-004,1,0,4,0
DEM-035277,INS-004,1,0,0,0
DEM-035280,INS-004,1,0,4,0
DEM-035281,INS-004,1,0,4,0
DEM-035282,INS-004,1,0,0,0
DEM-035283,INS-004,1,0,3,0
DEM-035285,INS-004,1,0,29,0
DEM-035286,INS-004,1,0,3,0
DEM-035294,INS-004,1,0,3,0
DEM-035296,INS-004,1,0,2,0
DEM-035301,INS-004,1,0,3,0
DEM-035315,INS-004,1,0,0,0
DEM-035318,INS-004,1,0,33,0
DEM-035328,INS-004,1,0,3,0
DEM-035330,INS-004,1,0,3,0
DEM-035335,INS-004,1,0,3,0
DEM-035343,INS-004,1,0,4,0
DEM-035344,INS-004,1,0,26,0
DEM-035348,INS-004,1,0,34,0
DEM-035349,INS-004,1,0,9,0
DEM-035350,INS-004,1,0,4,0
DEM-035358,INS-004,1,0,4,0
DEM-035365,INS-004,1,0,18,0
DEM-035366,INS-004,1,0,3,0
DEM-035368,INS-004,1,0,3,0
DEM-035372,INS-004,1,0,31,0
DEM-035381,INS-004,1,0,31,0
DEM-035388,INS-004,1,0,4,0
DEM-035397,INS-004,1,1,90,8683
DEM-035398,INS-004,1,0,4,0
DEM-035399,INS-004,1,0,1,0
DEM-035404,INS-004,1,0,69,0
DEM-035405,INS-004,1,0,3,0
DEM-035408,INS-004,1,0,60,0
DEM-035409,INS-004,1,0,3,0
DEM-035411,INS-004,1,0,0,0
DEM-035412,INS-004,1,0,4,0
DEM-035416,INS-004,1,0,3,0
DEM-035421,INS-004,0,0,0,0
DEM-035432,INS-004,1,0,30,0
DEM-035449,INS-004,1,0,1,0
DEM-035452,INS-004,1,0,3,0
DEM-035455,INS-004,1,0,3,0
DEM-035457,INS-004,1,0,26,0
DEM-035458,INS-004,1,0,4,0
DEM-035459,INS-004,1,0,0,0
DEM-035467,INS-004,1,0,1,0
DEM-035468,INS-004,1,0,4,0
DEM-035469,INS-004,1,0,31,0
DEM-035475,INS-004,0,0,3,0
DEM-035484,INS-004,1,0,25,0
DEM-035486,INS-004,1,0,24,0
DEM-035487,INS-004,1,0,27,0
DEM-035490,INS-004,1,0,34,0
DEM-035495,INS-004,1,0,4,0
DEM-035498,INS-004,1,0,69,0
DEM-035500,INS-004,1,1,90,6119
DEM-035501,INS-004,0,0,4,0
DEM-035507,INS-004,1,0,3,0
DEM-035508,INS-004,1,0,63,0
DEM-035509,INS-004,1,0,3,0
DEM-035512,INS-004,1,0,4,0
DEM-035513,INS-004,1,0,10,0
DEM-035516,INS-004,1,0,3,0
DEM-035518,INS-004,1,0,1,0
DEM-035521,INS-004,1,0,4,0
DEM-035523,INS-004,1,0,30,0
DEM-035527,INS-004,1,0,3,0
DEM-035531,INS-004,1,0,4,0
DEM-035532,INS-004,1,0,27,0
DEM-035541,INS-004,1,0,22,0
DEM-035544,INS-004,1,0,3,0
DEM-035545,INS-004,1,0,4,0
DEM-035548,INS-004,1,1,90,71250
DEM-035552,INS-004,1,0,24,0
DEM-035554,INS-004,1,0,30,0
DEM-035567,INS-004,1,0,3,0
DEM-035570,INS-004,1,0,4,0
DEM-035573,INS-004,1,0,26,0
DEM-035576,INS-004,0,0,4,0
DEM-035582,INS-004,1,0,4,0
DEM-035601,INS-004,1,0,4,0
DEM-035605,INS-004,1,0,0,0
DEM-035608,INS-004,1,0,40,0
DEM-035609,INS-004,0,0,2,0
DEM-035611,INS-004,1,0,1,0
DEM-035612,INS-004,1,0,4,0
DEM-035615,INS-004,1,0,4,0
DEM-035617,INS-004,1,0,4,0
DEM-035619,INS-004,1,0,4,0
DEM-035621,INS-004,1,1,90,6399
DEM-035624,INS-004,1,0,4,0
DEM-035629,INS-004,1,0,4,0
DEM-035638,INS-004,1,0,4,0
DEM-035654,INS-004,1,1,90,5567
DEM-035658,INS-004,1,0,3,0
DEM-035661,INS-004,1,0,4,0
DEM-035663,INS-004,1,0,4,0
DEM-035672,INS-004,1,0,35,0
DEM-035674,INS-004,1,0,4,0
DEM-035675,INS-004,1,0,0,0
DEM-035689,INS-004,1,0,21,0
DEM-035695,INS-004,1,0,4,0
DEM-035698,INS-004,1,0,4,0
DEM-035699,INS-004,1,0,0,0
DEM-035715,INS-004,0,0,4,0
DEM-035721,INS-004,1,1,90,4709
DEM-035722,INS-004,1,1,90,25000
DEM-035723,INS-004,1,1,111,75832
DEM-035724,INS-004,1,1,90,35833
DEM-035730,INS-004,1,0,3,0
DEM-035744,INS-004,1,0,4,0
DEM-035750,INS-004,1,0,3,0
DEM-035756,INS-004,1,0,2,0
DEM-035759,INS-004,1,0,4,0
DEM-035761,INS-004,1,0,1,0
DEM-035765,INS-004,1,0,3,0
DEM-035767,INS-004,0,0,4,0
DEM-035771,INS-004,1,1,90,51111
DEM-035772,INS-004,1,0,2,0
DEM-035774,INS-004,1,0,1,0
DEM-035778,INS-004,0,0,4,0
DEM-035780,INS-004,1,0,4,0
DEM-035784,INS-004,1,0,4,0
DEM-035796,INS-004,1,0,0,0
DEM-035801,INS-004,0,0,1,0
DEM-035804,INS-004,1,0,1,0
DEM-035805,INS-004,1,0,4,0
DEM-035814,INS-004,1,0,33,0
DEM-035826,INS-004,1,1,90,35000
DEM-035829,INS-004,1,0,3,0
DEM-035830,INS-004,1,0,4,0
DEM-035835,INS-004,0,0,4,0
DEM-035839,INS-004,1,0,2,0
DEM-035840,INS-004,1,1,90,31666
DEM-035841,INS-004,1,0,16,0
DEM-035846,INS-004,1,0,33,0
DEM-035847,INS-004,1,0,4,0
DEM-035848,INS-004,1,0,4,0
DEM-035865,INS-004,0,0,20,0
DEM-035867,INS-004,1,1,90,27777
DEM-035869,INS-004,1,0,4,0
DEM-035872,INS-004,1,0,4,0
DEM-035874,INS-004,1,0,2,0
DEM-035877,INS-004,1,0,4,0
DEM-035878,INS-004,1,0,25,0
DEM-035879,INS-004,1,0,3,0
DEM-035881,INS-004,1,0,0,0
DEM-035889,INS-004,1,1,90,11918
DEM-035892,INS-004,1,0,4,0
DEM-035894,INS-004,1,0,1,0
DEM-035895,INS-004,1,0,23,0
DEM-035896,INS-004,1,0,0,0
DEM-035899,INS-004,1,0,4,0
DEM-035901,INS-004,1,0,4,0
DEM-035902,INS-004,1,0,4,0
DEM-035905,INS-004,1,0,4,0
DEM-035911,INS-004,1,0,0,0
DEM-035912,INS-004,1,0,1,0
DEM-035921,INS-004,1,0,34,0
DEM-035926,INS-004,1,0,3,0
DEM-035931,INS-004,1,0,0,0
DEM-035943,INS-004,1,0,2,0
DEM-035944,INS-004,1,0,4,0
DEM-035947,INS-004,1,0,3,0
DEM-035951,INS-004,1,0,20,0
DEM-035953,INS-004,1,0,43,0
DEM-035954,INS-004,1,0,4,0
DEM-035955,INS-004,1,0,3,0
DEM-035956,INS-004,1,0,1,0
DEM-035959,INS-004,1,0,23,0
DEM-035961,INS-004,1,0,4,0
DEM-035963,INS-004,1,0,4,0
DEM-035966,INS-004,1,0,3,0
DEM-035969,INS-004,1,0,4,0
DEM-035972,INS-004,1,0,4,0
DEM-035973,INS-004,1,1,90,5095
DEM-035979,INS-004,1,0,4,0
DEM-035980,INS-004,1,0,2,0
DEM-035983,INS-004,1,0,4,0
DEM-035985,INS-004,1,0,3,0
DEM-035988,INS-004,1,0,1,0
DEM-035997,INS-004,1,0,4,0
DEM-036000,INS-004,1,0,0,0
DEM-036008,INS-004,1,0,3,0
DEM-036014,INS-004,1,0,3,0
DEM-036015,INS-004,1,0,0,0
DEM-036018,INS-004,1,0,3,0
DEM-036021,INS-004,1,0,57,0
DEM-036022,INS-004,0,0,4,0
DEM-036024,INS-004,1,0,4,0
DEM-036026,INS-004,1,0,20,0
DEM-036032,INS-004,1,0,4,0
DEM-036035,INS-004,1,0,39,0
DEM-036040,INS-004,1,0,1,0
DEM-036041,INS-004,1,0,0,0
DEM-036042,INS-004,1,0,4,0
DEM-036044,INS-004,0,0,4,0
DEM-036049,INS-004,0,0,2,0
DEM-036052,INS-004,1,0,3,0
DEM-036053,INS-004,1,0,4,0
DEM-036054,INS-004,1,0,4,0
DEM-036056,INS-004,1,0,4,0
DEM-036057,INS-004,1,0,4,0
DEM-036061,INS-004,1,0,4,0
DEM-036062,INS-004,0,1,90,11250
DEM-036063,INS-004,1,0,3,0
DEM-036064,INS-004,1,0,2,0
DEM-036067,INS-004,1,0,4,0
DEM-036068,INS-004,1,0,4,0
DEM-036070,INS-004,1,0,13,0
DEM-036076,INS-004,1,0,1,0
DEM-036078,INS-004,1,0,4,0
DEM-036090,INS-004,1,0,1,0
DEM-036091,INS-004,1,0,2,0
DEM-036103,INS-004,1,0,4,0
DEM-036107,INS-004,1,0,4,0
DEM-036108,INS-004,1,0,0,0
DEM-036117,INS-004,1,0,4,0
DEM-036118,INS-004,1,0,33,0
DEM-036120,INS-004,1,0,4,0
DEM-036133,INS-004,1,0,0,0
DEM-036141,INS-004,1,0,0,0
DEM-036143,INS-004,1,0,4,0
DEM-036146,INS-004,1,0,4,0
DEM-036147,INS-004,1,0,1,0
DEM-036150,INS-004,1,0,3,0
DEM-036152,INS-004,1,0,2,0
DEM-036153,INS-004,1,0,3,0
DEM-036154,INS-004,1,0,27,0
DEM-036158,INS-004,1,0,41,0
DEM-036162,INS-004,1,0,0,0
DEM-036171,INS-004,1,0,3,0
DEM-036177,INS-004,1,0,13,0
DEM-036178,INS-004,1,0,4,0
DEM-036179,INS-004,1,0,4,0
DEM-036181,INS-004,1,0,27,0
DEM-036182,INS-004,1,0,4,0
DEM-036189,INS-004,1,0,1,0
DEM-036196,INS-004,1,0,2,0
DEM-036202,INS-004,1,0,4,0
DEM-036204,INS-004,1,0,48,0
DEM-036206,INS-004,0,0,3,0
DEM-036208,INS-004,1,1,90,125000
DEM-036216,INS-004,1,1,90,27777
DEM-036217,INS-004,1,1,90,27784
DEM-036218,INS-004,1,0,3,0
DEM-036222,INS-004,1,0,4,0
DEM-036224,INS-004,1,0,4,0
DEM-036229,INS-004,1,0,4,0
DEM-036234,INS-004,1,0,4,0
DEM-036238,INS-004,1,0,1,0
DEM-036241,INS-004,1,0,32,0
DEM-036243,INS-004,1,0,4,0
DEM-036244,INS-004,1,0,4,0
DEM-036251,INS-004,1,0,29,0
DEM-036252,INS-004,1,0,4,0
DEM-036253,INS-004,1,0,3,0
DEM-036256,INS-004,1,0,26,0
DEM-036278,INS-004,1,0,4,0
DEM-036281,INS-004,0,0,4,0
DEM-036284,INS-004,1,0,30,0
DEM-036285,INS-004,1,0,57,0
DEM-036290,INS-004,1,0,0,0
DEM-036293,INS-004,1,0,3,0
DEM-036294,INS-004,1,1,90,67083
DEM-036295,INS-004,1,0,2,0
DEM-036297,INS-004,1,0,4,0
DEM-036303,INS-004,1,0,28,0
DEM-036304,INS-004,1,0,31,0
DEM-036309,INS-004,1,0,4,0
DEM-036322,INS-004,1,0,4,0
DEM-036326,INS-004,1,0,3,0
DEM-036343,INS-004,1,0,3,0
DEM-036344,INS-004,1,1,90,14583
DEM-036345,INS-004,1,0,4,0
DEM-036346,INS-004,1,0,4,0
DEM-036348,INS-004,1,0,4,0
DEM-036363,INS-004,1,0,2,0
DEM-036367,INS-004,1,0,4,0
DEM-036368,INS-004,1,0,4,0
DEM-036370,INS-004,1,0,34,0
DEM-036383,INS-004,1,0,3,0
DEM-036385,INS-004,1,0,4,0
DEM-036389,INS-004,1,0,3,0
DEM-036390,INS-004,0,1,90,24166
DEM-036392,INS-004,1,0,0,0
DEM-036400,INS-004,1,0,28,0
DEM-036415,INS-004,1,0,3,0
DEM-036417,INS-004,1,0,4,0
DEM-036424,INS-004,1,0,44,0
DEM-036430,INS-004,1,0,30,0
DEM-036431,INS-004,1,0,4,0
DEM-036433,INS-004,1,0,3,0
DEM-036435,INS-004,1,0,39,0
DEM-036437,INS-004,1,0,0,0
DEM-036441,INS-004,1,1,90,6185
DEM-036444,INS-004,1,1,90,21666
DEM-036446,INS-004,0,0,4,0
DEM-036447,INS-004,0,0,25,0
DEM-036450,INS-004,1,0,4,0
DEM-036454,INS-004,1,1,90,27777
DEM-036455,INS-004,1,0,2,0
DEM-036456,INS-004,1,0,1,0
DEM-036457,INS-004,1,0,30,0
DEM-036458,INS-004,0,0,4,0
DEM-036459,INS-004,1,0,57,0
DEM-036468,INS-004,1,0,3,0
DEM-036471,INS-004,1,0,4,0
DEM-036480,INS-004,1,0,3,0
DEM-036481,INS-004,1,0,0,0
DEM-036484,INS-004,1,0,4,0
DEM-036485,INS-004,1,0,1,0
DEM-036486,INS-004,1,0,0,0
DEM-036487,INS-004,1,1,90,99166
DEM-036488,INS-004,1,0,3,0
DEM-036489,INS-004,1,0,3,0
DEM-036492,INS-004,1,0,62,0
DEM-036497,INS-004,1,0,3,0
DEM-036504,INS-004,1,0,2,0
DEM-036510,INS-004,1,0,0,0
DEM-036514,INS-004,1,0,15,0
DEM-036522,INS-004,1,0,4,0
DEM-036523,INS-004,1,0,64,0
DEM-036529,INS-004,1,0,17,0
DEM-036530,INS-004,0,0,4,0
DEM-036534,INS-004,1,0,2,0
DEM-036535,INS-004,0,1,90,82500
DEM-036540,INS-004,1,0,4,0
DEM-036544,INS-004,1,0,4,0
DEM-036551,INS-004,0,0,4,0
DEM-036554,INS-004,1,0,21,0
DEM-036555,INS-004,1,0,4,0
DEM-036562,INS-004,1,0,30,0
DEM-036564,INS-004,0,1,90,10868
DEM-036567,INS-004,1,0,3,0
DEM-036588,INS-004,1,0,4,0
DEM-036589,INS-004,1,0,4,0
DEM-036597,INS-004,1,0,0,0
DEM-036599,INS-004,1,1,90,66666
DEM-036606,INS-004,1,0,33,0
DEM-036607,INS-004,1,0,4,0
DEM-036608,INS-004,1,0,2,0
DEM-036615,INS-004,1,1,90,14686
DEM-036616,INS-004,1,0,4,0
DEM-036617,INS-004,1,0,4,0
DEM-036619,INS-004,1,0,3,0
DEM-036621,INS-004,1,1,90,23333
DEM-036628,INS-004,1,0,32,0
DEM-036630,INS-004,1,0,3,0
DEM-036637,INS-004,1,0,3,0
DEM-036638,INS-004,1,0,1,0
DEM-036639,INS-004,1,0,58,0
DEM-036643,INS-004,1,0,4,0
DEM-036646,INS-004,1,0,4,0
DEM-036648,INS-004,1,0,10,0
DEM-036651,INS-004,1,0,4,0
DEM-036656,INS-004,1,0,4,0
DEM-036657,INS-004,1,0,0,0
DEM-036659,INS-004,1,0,12,0
DEM-036664,INS-004,1,0,88,0
DEM-036665,INS-004,1,1,90,125000
DEM-036666,INS-004,1,0,3,0
DEM-036668,INS-004,1,0,2,0
DEM-036669,INS-004,1,0,4,0
DEM-036670,INS-004,0,0,2,0
DEM-036671,INS-004,1,0,1,0
DEM-036673,INS-004,1,0,2,0
DEM-036689,INS-004,1,0,3,0
DEM-036695,INS-004,1,0,4,0
DEM-036698,INS-004,1,0,29,0
DEM-036699,INS-004,1,0,0,0
DEM-036700,INS-004,1,0,4,0
DEM-036708,INS-004,1,0,63,0
DEM-036712,INS-004,1,0,3,0
DEM-036714,INS-004,1,0,4,0
DEM-036725,INS-004,1,0,3,0
DEM-036726,INS-004,1,0,3,0
DEM-036729,INS-004,1,0,4,0
DEM-036730,INS-004,1,0,32,0
DEM-036733,INS-004,1,0,4,0
DEM-036747,INS-004,1,1,90,20555
DEM-036754,INS-004,1,0,3,0
DEM-036755,INS-004,1,0,4,0
DEM-036763,INS-004,1,0,4,0
DEM-036767,INS-004,1,0,4,0
DEM-036769,INS-004,1,0,48,0
DEM-036774,INS-004,1,0,23,0
DEM-036776,INS-004,1,0,4,0
DEM-036781,INS-004,1,0,4,0
DEM-036782,INS-004,1,0,0,0
DEM-036792,INS-004,1,0,4,0
DEM-036799,INS-004,1,0,3,0
DEM-036800,INS-004,1,0,4,0
DEM-036806,INS-004,1,0,4,0
DEM-036807,INS-004,1,0,2,0
DEM-036811,INS-004,1,0,0,0
DEM-036813,INS-004,1,1,90,50000
DEM-036817,INS-004,1,0,43,0
DEM-036821,INS-004,1,0,0,0
DEM-036826,INS-004,1,1,90,26250
DEM-036828,INS-004,0,0,3,0
DEM-036832,INS-004,1,0,3,0
DEM-036837,INS-004,1,0,4,0
DEM-036838,INS-004,1,0,4,0
DEM-036848,INS-004,1,0,4,0
DEM-036850,INS-004,1,0,3,0
DEM-036853,INS-004,1,1,90,16666
DEM-036855,INS-004,1,1,90,27222
DEM-036858,INS-004,1,0,1,0
DEM-036861,INS-004,1,0,22,0
DEM-036865,INS-004,1,0,25,0
DEM-036872,INS-004,1,0,3,0
DEM-036874,INS-004,1,0,1,0
DEM-036875,INS-004,1,0,4,0
DEM-036876,INS-004,1,0,3,0
DEM-036879,INS-004,1,0,33,0
DEM-036881,INS-004,1,0,67,0
DEM-036886,INS-004,1,1,90,43750
DEM-036888,INS-004,1,0,2,0
DEM-036895,INS-004,1,0,35,0
DEM-036897,INS-004,1,0,3,0
DEM-036898,INS-004,1,0,3,0
DEM-036901,INS-004,1,0,4,0
DEM-036904,INS-004,1,0,3,0
DEM-036907,INS-004,1,0,4,0
DEM-036909,INS-004,1,0,18,0
DEM-036917,INS-004,0,0,1,0
DEM-036919,INS-004,1,0,30,0
DEM-036922,INS-004,1,0,34,0
DEM-036924,INS-004,1,0,4,0
DEM-036928,INS-004,1,0,4,0
DEM-036942,INS-004,1,0,2,0
DEM-036944,INS-004,1,0,4,0
DEM-036953,INS-004,1,0,4,0
DEM-036954,INS-004,1,0,4,0
DEM-036955,INS-004,1,0,3,0
DEM-036956,INS-004,1,0,4,0
DEM-036959,INS-004,1,0,4,0
DEM-036962,INS-004,1,0,4,0
DEM-036965,INS-004,1,0,31,0
DEM-036966,INS-004,1,0,34,0
DEM-036970,INS-004,1,0,4,0
DEM-036984,INS-004,0,0,19,0
DEM-036986,INS-004,1,0,4,0
DEM-036988,INS-004,1,0,4,0
DEM-036989,INS-004,1,0,39,0
DEM-036990,INS-004,1,0,4,0
DEM-036991,INS-004,1,0,43,0
DEM-036994,INS-004,1,0,4,0
DEM-036997,INS-004,1,0,5,0
DEM-037004,INS-004,1,0,4,0
DEM-037011,INS-004,1,0,4,0
DEM-037012,INS-004,1,0,1,0
DEM-037013,INS-004,0,0,3,0
DEM-037014,INS-004,1,0,4,0
DEM-037015,INS-004,1,0,53,0
DEM-037019,INS-004,1,0,2,0
DEM-037022,INS-004,1,1,90,8045
DEM-037027,INS-004,1,0,35,0
DEM-037028,INS-004,1,0,6,0
DEM-037029,INS-004,1,1,90,9765
DEM-037033,INS-004,1,0,4,0
DEM-037035,INS-004,0,0,46,0
DEM-037036,INS-004,0,0,28,0
DEM-037040,INS-004,1,0,28,0
DEM-037043,INS-004,1,0,3,0
DEM-037050,INS-004,1,0,4,0
DEM-037051,INS-004,1,0,35,0
DEM-037052,INS-004,1,0,8,0
DEM-037053,INS-004,1,0,4,0
DEM-037057,INS-004,1,0,32,0
DEM-037059,INS-004,1,0,4,0
DEM-037065,INS-004,1,0,0,0
DEM-037066,INS-004,1,0,4,0
DEM-037069,INS-004,1,0,5,0
DEM-037071,INS-004,1,0,4,0
DEM-037075,INS-004,1,0,4,0
DEM-037082,INS-004,0,0,4,0
DEM-037085,INS-004,1,0,4,0
DEM-037088,INS-004,1,0,3,0
DEM-037095,INS-004,1,0,4,0
DEM-037102,INS-004,0,1,90,23203
DEM-037118,INS-004,1,0,30,0
DEM-037119,INS-004,1,1,90,20833
DEM-037131,INS-004,1,0,0,0
DEM-037136,INS-004,1,0,9,0
DEM-037137,INS-004,1,1,120,44467
DEM-037145,INS-004,1,0,4,0
DEM-037147,INS-004,1,0,5,0
DEM-037149,INS-004,1,0,2,0
DEM-037151,INS-004,1,0,22,0
DEM-037153,INS-004,1,0,14,0
DEM-037154,INS-004,1,0,4,0
DEM-037172,INS-004,1,0,3,0
DEM-037175,INS-004,1,0,21,0
DEM-037180,INS-004,1,0,4,0
DEM-037182,INS-004,1,0,0,0
DEM-037185,INS-004,1,0,5,0
DEM-037187,INS-004,1,0,2,0
DEM-037188,INS-004,1,1,90,75000
DEM-037192,INS-004,1,0,27,0
DEM-037215,INS-004,0,0,4,0
DEM-037220,INS-004,1,0,4,0
DEM-037221,INS-004,1,0,4,0
DEM-037224,INS-004,1,0,28,0
DEM-037226,INS-004,1,0,4,0
DEM-037229,INS-004,1,0,3,0
DEM-037237,INS-004,1,0,4,0
DEM-037239,INS-004,1,0,28,0
DEM-037241,INS-004,1,0,3,0
DEM-037242,INS-004,1,0,4,0
DEM-037246,INS-004,1,0,29,0
DEM-037247,INS-004,1,0,3,0
DEM-037255,INS-004,1,0,4,0
DEM-037257,INS-004,1,0,1,0
DEM-037259,INS-004,1,1,90,4910
DEM-037260,INS-004,1,0,4,0
DEM-037266,INS-004,1,0,0,0
DEM-037268,INS-004,1,0,3,0
DEM-037269,INS-004,1,0,4,0
DEM-037270,INS-004,1,0,34,0
DEM-037271,INS-004,0,0,4,0
DEM-037272,INS-004,1,0,4,0
DEM-037273,INS-004,1,0,3,0
DEM-037276,INS-004,1,0,4,0
DEM-037277,INS-004,1,0,3,0
DEM-037281,INS-004,1,0,0,0
DEM-037285,INS-004,1,0,0,0
DEM-037286,INS-004,1,0,3,0
DEM-037291,INS-004,1,0,4,0
DEM-037292,INS-004,1,0,9,0
DEM-037294,INS-004,1,0,0,0
DEM-037300,INS-004,1,0,7,0
DEM-037301,INS-004,1,0,4,0
DEM-037302,INS-004,0,0,4,0
DEM-037303,INS-004,1,0,3,0
DEM-037307,INS-004,1,0,32,0
DEM-037309,INS-004,1,0,4,0
DEM-037311,INS-004,1,0,4,0
DEM-037315,INS-004,1,0,4,0
DEM-037318,INS-004,1,0,4,0
DEM-037320,INS-004,1,0,0,0
DEM-037327,INS-004,1,0,28,0
DEM-037336,INS-004,1,0,4,0
DEM-037338,INS-004,1,0,7,0
DEM-037349,INS-004,1,0,10,0
DEM-037350,INS-004,0,1,120,200000
DEM-037353,INS-004,1,0,1,0
DEM-037354,INS-004,1,1,90,125000
DEM-037356,INS-004,1,0,3,0
DEM-037357,INS-004,1,0,4,0
DEM-037362,INS-004,1,0,34,0
DEM-037363,INS-004,1,0,15,0
DEM-037369,INS-004,1,0,32,0
DEM-037373,INS-004,0,0,6,0
DEM-037376,INS-004,1,0,38,0
DEM-037377,INS-004,1,0,43,0
DEM-037387,INS-004,1,0,1,0
DEM-037388,INS-004,1,0,4,0
DEM-037389,INS-004,1,0,3,0
DEM-037390,INS-004,0,0,29,0
DEM-037393,INS-004,1,0,0,0
DEM-037396,INS-004,1,0,2,0
DEM-037397,INS-004,1,0,26,0
DEM-037398,INS-004,1,0,30,0
DEM-037399,INS-004,1,0,33,0
DEM-037402,INS-004,1,0,43,0
DEM-037403,INS-004,1,0,55,0
DEM-037408,INS-004,1,0,3,0
DEM-037409,INS-004,1,0,4,0
DEM-037410,INS-004,1,0,3,0
DEM-037415,INS-004,1,0,19,0
DEM-037423,INS-004,1,0,2,0
DEM-037424,INS-004,1,0,20,0
DEM-037425,INS-004,1,0,32,0
DEM-037426,INS-004,0,0,4,0
DEM-037431,INS-004,1,0,1,0
DEM-037433,INS-004,1,0,3,0
DEM-037435,INS-004,1,0,4,0
DEM-037444,INS-004,1,0,2,0
DEM-037445,INS-004,1,0,4,0
DEM-037450,INS-004,1,0,32,0
DEM-037451,INS-004,1,0,3,0
DEM-037455,INS-004,1,1,90,10833
DEM-037460,INS-004,1,0,4,0
DEM-037465,INS-004,1,0,4,0
DEM-037468,INS-004,1,0,21,0
DEM-037471,INS-004,1,0,4,0
DEM-037474,INS-004,1,0,0,0
DEM-037481,INS-004,1,0,15,0
DEM-037485,INS-004,1,0,4,0
DEM-037495,INS-004,1,0,8,0
DEM-037497,INS-004,1,0,4,0
DEM-037498,INS-004,1,0,30,0
DEM-037500,INS-004,1,0,4,0
DEM-037510,INS-004,1,0,4,0
DEM-037511,INS-004,1,0,3,0
DEM-037515,INS-004,1,0,4,0
DEM-037516,INS-004,1,0,3,0
DEM-037520,INS-004,1,0,37,0
DEM-037521,INS-004,1,0,3,0
DEM-037522,INS-004,1,0,4,0
DEM-037538,INS-004,0,0,4,0
DEM-037544,INS-004,1,0,3,0
DEM-037547,INS-004,1,0,3,0
DEM-037548,INS-004,1,0,4,0
DEM-037550,INS-004,1,0,28,0
DEM-037562,INS-004,1,0,2,0
DEM-037564,INS-004,1,0,10,0
DEM-037569,INS-004,1,0,4,0
DEM-037574,INS-004,1,0,4,0
DEM-037575,INS-004,0,0,0,0
DEM-037580,INS-004,1,0,44,0
DEM-037581,INS-004,1,0,44,0
DEM-037587,INS-004,1,0,0,0
DEM-037594,INS-004,1,0,4,0
DEM-037599,INS-004,1,0,4,0
DEM-037600,INS-004,1,0,3,0
DEM-037601,INS-004,1,0,3,0
DEM-037602,INS-004,1,0,0,0
DEM-037604,INS-004,1,0,4,0
DEM-037608,INS-004,1,0,4,0
DEM-037613,INS-004,1,0,4,0
DEM-037615,INS-004,0,0,2,0
DEM-037621,INS-004,1,0,4,0
DEM-037628,INS-004,1,0,1,0
DEM-037632,INS-004,1,0,2,0
DEM-037637,INS-004,1,0,3,0
DEM-037639,INS-004,0,0,29,0
DEM-037640,INS-004,1,0,4,0
DEM-037641,INS-004,1,0,9,0
DEM-037643,INS-004,1,0,4,0
DEM-037648,INS-004,1,1,90,1269
DEM-037649,INS-004,1,0,1,0
DEM-037651,INS-004,1,0,29,0
DEM-037655,INS-004,1,0,3,0
DEM-037660,INS-004,1,0,63,0
DEM-037661,INS-004,1,1,90,8333
DEM-037662,INS-004,1,0,4,0
DEM-037668,INS-004,1,0,1,0
DEM-037672,INS-004,1,0,4,0
DEM-037674,INS-004,1,0,4,0
DEM-037676,INS-004,1,0,4,0
DEM-037679,INS-004,0,0,0,0
DEM-037680,INS-004,1,0,1,0
DEM-037683,INS-004,0,0,2,0
DEM-037684,INS-004,1,1,90,60000
DEM-037692,INS-004,1,0,25,0
DEM-037700,INS-004,1,0,0,0
DEM-037701,INS-004,1,0,4,0
DEM-037708,INS-004,1,0,2,0
DEM-037712,INS-004,1,0,4,0
DEM-037714,INS-004,1,0,3,0
DEM-037716,INS-004,1,0,4,0
DEM-037720,INS-004,1,0,3,0
DEM-037721,INS-004,1,0,28,0
DEM-037726,INS-004,1,0,1,0
DEM-037727,INS-004,1,0,4,0
DEM-037730,INS-004,1,0,30,0
DEM-037731,INS-004,1,0,4,0
DEM-037732,INS-004,1,0,4,0
DEM-037733,INS-004,0,0,3,0
DEM-037734,INS-004,0,0,4,0
DEM-037735,INS-004,1,0,34,0
DEM-037737,INS-004,0,0,29,0
DEM-037744,INS-004,1,0,0,0
DEM-037751,INS-004,1,1,90,12305
DEM-037754,INS-004,1,0,4,0
DEM-037757,INS-004,1,0,4,0
DEM-037760,INS-004,0,0,30,0
DEM-037761,INS-004,1,0,34,0
DEM-037763,INS-004,0,0,4,0
DEM-037769,INS-004,1,0,4,0
DEM-037770,INS-004,0,0,3,0
DEM-037775,INS-004,1,0,34,0
DEM-037781,INS-004,1,0,0,0
DEM-037785,INS-004,1,0,2,0
DEM-037788,INS-004,1,0,32,0
DEM-037789,INS-004,1,0,0,0
DEM-037797,INS-004,1,0,64,0
DEM-037800,INS-004,1,0,4,0
DEM-037804,INS-004,1,0,4,0
DEM-037809,INS-004,1,0,4,0
DEM-037816,INS-004,0,0,51,0
DEM-037819,INS-004,1,0,3,0
DEM-037820,INS-004,1,0,4,0
DEM-037824,INS-004,1,0,29,0
DEM-037826,INS-004,1,0,0,0
DEM-037827,INS-004,1,0,8,0
DEM-037828,INS-004,1,0,3,0
DEM-037830,INS-004,1,1,90,6718
DEM-037835,INS-004,1,0,4,0
DEM-037838,INS-004,1,0,3,0
DEM-037839,INS-004,1,0,3,0
DEM-037840,INS-004,1,0,0,0
DEM-037853,INS-004,1,0,2,0
DEM-037861,INS-004,1,0,4,0
DEM-037867,INS-004,1,0,4,0
DEM-037869,INS-004,1,0,4,0
DEM-037871,INS-004,1,0,4,0
DEM-037875,INS-004,1,0,7,0
DEM-037881,INS-004,1,0,3,0
DEM-037888,INS-004,1,0,0,0
DEM-037890,INS-004,1,0,2,0
DEM-037896,INS-004,1,0,3,0
DEM-037900,INS-004,1,0,4,0
DEM-037903,INS-004,1,0,12,0
DEM-037914,INS-004,1,0,35,0
DEM-037917,INS-004,0,0,0,0
DEM-037920,INS-004,1,0,29,0
DEM-037921,INS-004,1,0,32,0
DEM-037922,INS-004,1,0,0,0
DEM-037927,INS-004,1,0,3,0
DEM-037936,INS-004,1,0,3,0
DEM-037946,INS-004,1,1,110,21221
DEM-037952,INS-004,1,0,2,0
DEM-037953,INS-004,1,0,3,0
DEM-037955,INS-004,1,0,4,0
DEM-037959,INS-004,1,0,3,0
DEM-037964,INS-004,0,0,4,0
DEM-037965,INS-004,1,0,4,0
DEM-037971,INS-004,1,0,3,0
DEM-037972,INS-004,1,0,3,0
DEM-037975,INS-004,0,0,29,0
DEM-037976,INS-004,1,0,4,0
DEM-037984,INS-004,1,0,30,0
DEM-037986,INS-004,1,0,4,0
DEM-037990,INS-004,1,0,0,0
DEM-037993,INS-004,1,0,29,0
DEM-037999,INS-004,0,0,4,0
DEM-038001,INS-004,1,0,4,0
DEM-038002,INS-004,1,0,4,0
DEM-038003,INS-004,1,0,27,0
DEM-038006,INS-004,1,0,4,0
DEM-038007,INS-004,1,0,2,0
DEM-038008,INS-004,1,0,46,0
DEM-038015,INS-004,1,0,4,0
DEM-038019,INS-004,0,0,32,0
DEM-038026,INS-004,1,0,3,0
DEM-038034,INS-004,1,0,0,0
DEM-038038,INS-004,1,0,58,0
DEM-038040,INS-004,1,0,4,0
DEM-038051,INS-004,1,0,4,0
DEM-038055,INS-004,1,0,3,0
DEM-038063,INS-004,1,0,4,0
DEM-038067,INS-004,1,0,4,0
DEM-038070,INS-004,0,0,0,0
DEM-038071,INS-004,1,0,3,0
DEM-038072,INS-004,1,0,4,0
DEM-038074,INS-004,1,0,34,0
DEM-038078,INS-004,1,0,4,0
DEM-038079,INS-004,1,0,0,0
DEM-038081,INS-004,1,0,35,0
DEM-038082,INS-004,1,0,4,0
DEM-038083,INS-004,1,0,3,0
DEM-038088,INS-004,1,0,0,0
DEM-038092,INS-004,1,0,4,0
DEM-038095,INS-004,1,0,4,0
DEM-038098,INS-004,1,0,31,0
DEM-038103,INS-004,1,0,1,0
DEM-038105,INS-004,1,0,4,0
DEM-038108,INS-004,1,0,3,0
DEM-038113,INS-004,1,0,3,0
DEM-038122,INS-004,1,0,19,0
DEM-038125,INS-004,0,0,4,0
DEM-038128,INS-004,1,0,2,0
DEM-038132,INS-004,1,0,4,0
DEM-038141,INS-004,1,0,22,0
DEM-038144,INS-004,1,0,94,0
DEM-038153,INS-004,1,0,4,0
DEM-038158,INS-004,0,0,4,0
DEM-038163,INS-004,1,0,63,0
DEM-038168,INS-004,1,0,29,0
DEM-038170,INS-004,0,0,3,0
DEM-038173,INS-004,1,0,2,0
DEM-038176,INS-004,1,0,23,0
DEM-038180,INS-004,1,0,4,0
DEM-038185,INS-004,1,0,2,0
DEM-038190,INS-004,1,0,4,0
DEM-038191,INS-004,1,0,4,0
DEM-038192,INS-004,1,0,0,0
DEM-038193,INS-004,1,0,60,0
DEM-038194,INS-004,1,0,34,0
DEM-038196,INS-004,1,0,3,0
DEM-038197,INS-004,1,0,0,0
DEM-038203,INS-004,1,0,3,0
DEM-038206,INS-004,1,1,90,5945
DEM-038207,INS-004,1,0,2,0
DEM-038209,INS-004,1,0,4,0
DEM-038213,INS-004,1,0,53,0
DEM-038216,INS-004,1,0,4,0
DEM-038220,INS-004,1,0,30,0
DEM-038225,INS-004,1,0,5,0
DEM-038226,INS-004,1,0,28,0
DEM-038227,INS-004,1,0,1,0
DEM-038228,INS-004,1,0,4,0
DEM-038234,INS-004,1,0,4,0
DEM-038235,INS-004,1,0,8,0
DEM-038237,INS-004,1,0,4,0
DEM-038241,INS-004,1,0,42,0
DEM-038242,INS-004,1,0,0,0
DEM-038243,INS-004,1,0,0,0
DEM-038246,INS-004,0,0,111,0
DEM-038248,INS-004,0,0,2,0
DEM-038251,INS-004,1,0,1,0
DEM-038254,INS-004,1,0,5,0
DEM-038255,INS-004,1,0,4,0
DEM-038256,INS-004,1,0,1,0
DEM-038257,INS-004,1,0,27,0
DEM-038262,INS-004,1,0,0,0
DEM-038263,INS-004,1,0,0,0
DEM-038264,INS-004,1,0,4,0
DEM-038267,INS-004,1,0,3,0
DEM-038269,INS-004,1,0,1,0
DEM-038271,INS-004,1,0,4,0
DEM-038272,INS-004,1,0,3,0
DEM-038273,INS-004,1,0,3,0
DEM-038276,INS-004,1,0,3,0
DEM-038280,INS-004,1,0,3,0
DEM-038283,INS-004,1,0,0,0
DEM-038284,INS-004,1,0,0,0
DEM-038289,INS-004,1,0,4,0
DEM-038296,INS-004,1,0,0,0
DEM-038308,INS-004,1,0,1,0
DEM-038312,INS-004,1,0,1,0
DEM-038315,INS-004,1,0,0,0
DEM-038318,INS-004,1,0,3,0
DEM-038321,INS-004,1,0,4,0
DEM-038322,INS-004,1,0,1,0
DEM-038323,INS-004,1,0,3,0
DEM-038327,INS-004,1,0,26,0
DEM-038328,INS-004,1,0,3,0
DEM-038331,INS-004,1,0,29,0
DEM-038332,INS-004,1,0,3,0
DEM-038333,INS-004,1,0,4,0
DEM-038335,INS-004,1,0,52,0
DEM-038337,INS-004,1,0,4,0
DEM-038345,INS-004,1,0,1,0
DEM-038346,INS-004,1,0,0,0
DEM-038347,INS-004,1,0,2,0
DEM-038349,INS-004,1,0,0,0
DEM-038350,INS-004,1,0,22,0
DEM-038351,INS-004,1,0,0,0
DEM-038352,INS-004,1,0,4,0
DEM-038354,INS-004,1,0,0,0
DEM-038357,INS-004,1,0,0,0
DEM-038362,INS-004,1,0,0,0
DEM-038366,INS-004,0,0,0,0
DEM-038370,INS-004,0,0,3,0
DEM-038371,INS-004,1,0,0,0
DEM-038375,INS-004,0,0,32,0
DEM-038379,INS-004,1,0,3,0
DEM-038380,INS-004,1,0,42,0
DEM-038382,INS-004,1,0,22,0
DEM-038383,INS-004,1,0,0,0
DEM-038387,INS-004,1,0,34,0
DEM-038396,INS-004,1,0,22,0
DEM-038399,INS-004,1,0,0,0
DEM-038404,INS-004,1,0,2,0
DEM-038407,INS-004,1,0,65,0
DEM-038411,INS-004,1,0,4,0
DEM-038414,INS-004,1,0,1,0
DEM-038417,INS-004,1,0,1,0
DEM-038420,INS-004,1,0,42,0
DEM-038422,INS-004,1,0,2,0
DEM-038425,INS-004,1,0,0,0
DEM-038429,INS-004,1,0,0,0
DEM-038431,INS-004,1,0,3,0
DEM-038434,INS-004,1,0,9,0
DEM-038443,INS-004,1,0,7,0
DEM-038450,INS-004,1,0,3,0
DEM-038454,INS-004,1,0,0,0
DEM-038456,INS-004,1,0,4,0
DEM-038458,INS-004,1,0,2,0
DEM-038459,INS-004,1,0,2,0
DEM-038460,INS-004,1,0,0,0
DEM-038466,INS-004,1,0,30,0
DEM-038469,INS-004,1,0,3,0
DEM-038473,INS-004,1,0,0,0
DEM-038474,INS-004,1,0,19,0
DEM-038478,INS-004,1,0,2,0
DEM-038480,INS-004,1,0,0,0
DEM-038482,INS-004,1,0,0,0
DEM-038484,INS-004,0,0,0,0
DEM-038485,INS-004,1,0,4,0
DEM-038487,INS-004,1,0,4,0
DEM-038489,INS-004,1,0,0,0
DEM-038491,INS-004,1,0,4,0
DEM-038494,INS-004,1,0,16,0
DEM-038495,INS-004,1,0,4,0
DEM-038503,INS-004,1,0,0,0
DEM-038507,INS-004,1,0,0,0
DEM-038509,INS-004,0,0,2,0
DEM-038512,INS-004,1,0,35,0
DEM-038522,INS-004,1,0,4,0
DEM-038530,INS-004,1,0,0,0
DEM-038533,INS-004,1,0,4,0
DEM-038538,INS-004,1,0,0,0
DEM-038541,INS-004,1,0,0,0
DEM-038543,INS-004,1,0,4,0
DEM-038547,INS-004,1,0,3,0
DEM-038557,INS-004,1,0,0,0
DEM-038562,INS-004,1,0,3,0
DEM-038563,INS-004,1,0,0,0
DEM-038564,INS-004,0,0,1,0
DEM-038567,INS-004,0,0,0,0
DEM-038570,INS-004,1,0,4,0
DEM-038571,INS-004,1,0,3,0
DEM-038572,INS-004,1,0,0,0
DEM-038573,INS-004,1,0,0,0
DEM-038577,INS-004,1,0,2,0
DEM-038580,INS-004,1,0,23,0
DEM-038587,INS-005,1,0,3,0
DEM-038599,INS-005,1,0,37,0
DEM-038619,INS-005,1,1,90,66666
DEM-038626,INS-005,1,0,36,0
DEM-038628,INS-005,1,0,34,0
DEM-038635,INS-005,1,0,6,0
DEM-038653,INS-005,1,1,90,35833
DEM-038654,INS-005,1,0,27,0
DEM-038655,INS-005,1,0,3,0
DEM-038666,INS-005,1,0,4,0
DEM-038706,INS-005,1,0,1,0
DEM-038707,INS-005,1,0,31,0
DEM-038728,INS-005,1,0,0,0
DEM-038741,INS-005,1,0,4,0
DEM-038743,INS-005,0,0,0,0
DEM-038747,INS-005,1,0,4,0
DEM-038752,INS-005,1,1,90,20161
DEM-038773,INS-005,1,0,3,0
DEM-038791,INS-005,1,0,34,0
DEM-038792,INS-005,1,0,45,0
DEM-038793,INS-005,0,0,28,0
DEM-038805,INS-005,1,0,12,0
DEM-038833,INS-005,1,0,25,0
DEM-038834,INS-005,1,0,3,0
DEM-038850,INS-005,1,0,4,0
DEM-038853,INS-005,1,0,24,0
DEM-038870,INS-005,1,0,45,0
DEM-038874,INS-005,1,0,4,0
DEM-038885,INS-005,1,0,33,0
DEM-038891,INS-005,1,0,4,0
DEM-038910,INS-005,1,0,59,0
DEM-038923,INS-005,1,0,4,0
DEM-038928,INS-005,1,0,1,0
DEM-038939,INS-005,1,0,21,0
DEM-038973,INS-005,1,0,2,0
DEM-038979,INS-005,1,0,27,0
DEM-038988,INS-005,1,0,4,0
DEM-038993,INS-005,1,0,4,0
DEM-039014,INS-005,1,1,90,21020
DEM-039015,INS-005,1,0,57,0
DEM-039022,INS-005,1,0,29,0
DEM-039026,INS-005,1,1,90,11304
DEM-039027,INS-005,1,1,90,19204
DEM-039029,INS-005,1,0,28,0
DEM-039030,INS-005,1,0,11,0
DEM-039032,INS-005,1,1,90,23888
DEM-039035,INS-005,1,0,3,0
DEM-039061,INS-005,1,0,4,0
DEM-039063,INS-005,1,0,35,0
DEM-039064,INS-005,1,0,4,0
DEM-039066,INS-005,1,0,3,0
DEM-039070,INS-005,1,0,1,0
DEM-039098,INS-005,0,1,90,22222
DEM-039100,INS-005,1,0,44,0
DEM-039101,INS-005,1,0,34,0
DEM-039131,INS-005,1,0,31,0
DEM-039132,INS-005,1,1,90,11666
DEM-039139,INS-005,1,1,90,41666
DEM-039140,INS-005,1,1,90,41670
DEM-039141,INS-005,1,0,24,0
DEM-039149,INS-005,1,0,3,0
DEM-039158,INS-005,1,0,4,0
DEM-039159,INS-005,1,0,4,0
DEM-039162,INS-005,1,0,25,0
DEM-039172,INS-005,1,0,44,0
DEM-039173,INS-005,1,0,34,0
DEM-039183,INS-005,1,0,20,0
DEM-039184,INS-005,0,0,32,0
DEM-039185,INS-005,1,0,3,0
DEM-039186,INS-005,1,1,90,23750
DEM-039211,INS-005,1,0,34,0
DEM-039213,INS-005,1,0,4,0
DEM-039214,INS-005,0,0,3,0
DEM-039219,INS-005,1,0,2,0
DEM-039234,INS-005,1,0,46,0
DEM-039237,INS-005,1,0,19,0
DEM-039239,INS-005,1,0,1,0
DEM-039243,INS-005,1,0,2,0
DEM-039244,INS-005,1,0,33,0
DEM-039245,INS-005,1,0,4,0
DEM-039246,INS-005,1,0,2,0
DEM-039251,INS-005,1,0,62,0
DEM-039257,INS-005,1,0,43,0
DEM-039266,INS-005,1,0,35,0
DEM-039285,INS-005,1,0,62,0
DEM-039305,INS-005,1,0,2,0
DEM-039307,INS-005,1,0,32,0
DEM-039308,INS-005,1,0,0,0
DEM-039314,INS-005,1,0,4,0
DEM-039328,INS-005,1,0,33,0
DEM-039338,INS-005,1,0,0,0
DEM-039371,INS-005,1,0,2,0
DEM-039373,INS-005,1,0,55,0
DEM-039390,INS-005,1,0,3,0
DEM-039392,INS-005,1,0,31,0
DEM-039397,INS-005,0,0,4,0
DEM-039398,INS-005,1,0,4,0
DEM-039406,INS-005,1,0,3,0
DEM-039408,INS-005,1,1,90,62895
DEM-039425,INS-005,1,0,4,0
DEM-039440,INS-005,1,0,4,0
DEM-039443,INS-005,0,0,4,0
DEM-039471,INS-005,1,0,4,0
DEM-039474,INS-005,1,1,90,41666
DEM-039475,INS-005,1,0,0,0
DEM-039478,INS-005,1,1,90,27777
DEM-039480,INS-005,1,0,34,0
DEM-039492,INS-005,1,0,3,0
DEM-039495,INS-005,1,0,40,0
DEM-039498,INS-005,1,0,35,0
DEM-039534,INS-005,1,1,90,34904
DEM-039538,INS-005,1,0,58,0
DEM-039540,INS-005,1,0,3,0
DEM-039554,INS-005,1,1,90,12649
DEM-039555,INS-005,0,1,90,12500
DEM-039558,INS-005,1,0,0,0
DEM-039571,INS-005,1,0,31,0
DEM-039574,INS-005,1,1,90,10847
DEM-039581,INS-005,1,0,4,0
DEM-039584,INS-005,1,0,14,0
DEM-039585,INS-005,1,0,4,0
DEM-039587,INS-005,1,0,44,0
DEM-039595,INS-005,1,0,27,0
DEM-039596,INS-005,1,0,4,0
DEM-039606,INS-005,1,0,4,0
DEM-039611,INS-005,1,0,4,0
DEM-039629,INS-005,1,0,4,0
DEM-039648,INS-005,1,0,3,0
DEM-039650,INS-005,1,1,50,146968
DEM-039652,INS-005,0,0,4,0
DEM-039654,INS-005,1,0,4,0
DEM-039663,INS-005,0,1,133,375000
DEM-039678,INS-005,1,0,4,0
DEM-039684,INS-005,1,0,1,0
DEM-039696,INS-005,1,0,20,0
DEM-039697,INS-005,1,0,4,0
DEM-039702,INS-005,1,0,29,0
DEM-039703,INS-005,1,0,31,0
DEM-039704,INS-005,1,0,2,0
DEM-039717,INS-005,1,0,3,0
DEM-039719,INS-005,1,0,4,0
DEM-039720,INS-005,1,1,121,23844
DEM-039721,INS-005,0,1,90,15935
DEM-039723,INS-005,1,0,34,0
DEM-039749,INS-005,1,1,90,7185
DEM-039750,INS-005,1,0,16,0
DEM-039751,INS-005,1,0,3,0
DEM-039756,INS-005,1,0,3,0
DEM-039757,INS-005,1,0,5,0
DEM-039763,INS-005,1,0,17,0
DEM-039767,INS-005,0,0,4,0
DEM-039780,INS-005,0,1,90,22500
DEM-039782,INS-005,1,0,4,0
DEM-039786,INS-005,1,1,90,10606
DEM-039787,INS-005,1,0,2,0
DEM-039791,INS-005,1,0,3,0
DEM-039797,INS-005,0,0,1,0
DEM-039809,INS-005,1,0,2,0
DEM-039811,INS-005,1,0,11,0
DEM-039815,INS-005,1,0,4,0
DEM-039824,INS-005,1,0,1,0
DEM-039831,INS-005,1,0,35,0
DEM-039839,INS-005,1,0,31,0
DEM-039843,INS-005,1,0,4,0
DEM-039863,INS-005,1,0,4,0
DEM-039870,INS-005,1,1,90,85000
DEM-039871,INS-005,1,0,33,0
DEM-039872,INS-005,1,0,34,0
DEM-039876,INS-005,0,0,34,0
DEM-039887,INS-005,1,0,13,0
DEM-039889,INS-005,0,0,31,0
DEM-039890,INS-005,1,0,4,0
DEM-039902,INS-005,1,0,29,0
DEM-039903,INS-005,1,1,90,5763
DEM-039916,INS-005,1,0,4,0
DEM-039929,INS-005,1,0,4,0
DEM-039938,INS-005,1,0,22,0
DEM-039939,INS-005,1,0,62,0
DEM-039946,INS-005,1,0,3,0
DEM-039959,INS-005,1,0,4,0
DEM-039980,INS-005,1,1,90,12435
DEM-039981,INS-005,1,0,32,0
DEM-040004,INS-005,1,0,17,0
DEM-040016,INS-005,1,0,4,0
DEM-040031,INS-005,1,0,4,0
DEM-040040,INS-005,1,0,2,0
DEM-040041,INS-005,1,0,3,0
DEM-040047,INS-005,1,0,0,0
DEM-040050,INS-005,1,0,4,0
DEM-040071,INS-005,1,0,35,0
DEM-040075,INS-005,1,0,28,0
DEM-040106,INS-005,1,0,3,0
DEM-040120,INS-005,1,0,1,0
DEM-040130,INS-005,1,0,4,0
DEM-040134,INS-005,1,0,4,0
DEM-040139,INS-005,1,0,30,0
DEM-040142,INS-005,1,0,3,0
DEM-040154,INS-005,1,0,2,0
DEM-040166,INS-005,1,0,1,0
DEM-040170,INS-005,1,0,2,0
DEM-040172,INS-005,1,0,2,0
DEM-040186,INS-005,1,0,4,0
DEM-040188,INS-005,1,0,4,0
DEM-040214,INS-005,1,0,4,0
DEM-040215,INS-005,1,0,0,0
DEM-040219,INS-005,1,0,4,0
DEM-040236,INS-005,1,0,39,0
DEM-040238,INS-005,1,0,4,0
DEM-040244,INS-005,1,0,4,0
DEM-040249,INS-005,1,1,90,7602
DEM-040250,INS-005,1,0,3,0
DEM-040260,INS-005,1,0,61,0
DEM-040268,INS-005,0,0,4,0
DEM-040273,INS-005,0,0,4,0
DEM-040274,INS-005,1,0,0,0
DEM-040293,INS-005,1,0,4,0
DEM-040296,INS-005,1,0,30,0
DEM-040310,INS-005,0,0,2,0
DEM-040316,INS-005,0,0,4,0
DEM-040324,INS-005,1,0,3,0
DEM-040345,INS-005,0,0,34,0
DEM-040348,INS-005,1,0,27,0
DEM-040354,INS-005,1,1,90,100000
DEM-040360,INS-005,1,0,28,0
DEM-040393,INS-005,1,1,90,150000
DEM-040403,INS-005,1,1,90,100000
DEM-040404,INS-005,1,0,11,0
DEM-040410,INS-005,1,0,0,0
DEM-040431,INS-005,1,0,3,0
DEM-040434,INS-005,1,0,4,0
DEM-040436,INS-005,1,0,34,0
DEM-040445,INS-005,1,0,0,0
DEM-040446,INS-005,1,0,0,0
DEM-040448,INS-005,1,0,2,0
DEM-040449,INS-005,1,0,3,0
DEM-040470,INS-005,1,0,3,0
DEM-040475,INS-005,1,0,4,0
DEM-040476,INS-005,1,0,25,0
DEM-040480,INS-005,1,0,10,0
DEM-040485,INS-005,1,0,0,0
DEM-040503,INS-005,1,0,31,0
DEM-040507,INS-005,1,0,1,0
DEM-040508,INS-005,1,0,34,0
DEM-040509,INS-005,1,0,43,0
DEM-040511,INS-005,1,0,8,0
DEM-040513,INS-005,1,1,90,5555
DEM-040530,INS-005,1,0,31,0
DEM-040565,INS-005,1,0,10,0
DEM-040567,INS-005,1,1,90,41666
DEM-040568,INS-005,0,0,54,0
DEM-040574,INS-005,0,0,29,0
DEM-040587,INS-005,1,1,90,14070
DEM-040593,INS-005,1,1,90,22500
DEM-040621,INS-005,1,0,4,0
DEM-040622,INS-005,1,0,4,0
DEM-040629,INS-005,1,0,4,0
DEM-040630,INS-005,1,0,42,0
DEM-040633,INS-005,1,0,3,0
DEM-040643,INS-005,1,0,70,0
DEM-040645,INS-005,0,0,65,0
DEM-040648,INS-005,1,0,4,0
DEM-040652,INS-005,1,0,4,0
DEM-040653,INS-005,1,0,25,0
DEM-040654,INS-005,1,0,65,0
DEM-040671,INS-005,1,0,4,0
DEM-040673,INS-005,1,0,3,0
DEM-040678,INS-005,1,0,30,0
DEM-040679,INS-005,1,0,4,0
DEM-040680,INS-005,1,0,0,0
DEM-040687,INS-005,1,0,4,0
DEM-040697,INS-005,1,0,17,0
DEM-040699,INS-005,1,0,56,0
DEM-040700,INS-005,1,0,2,0
DEM-040702,INS-005,1,0,4,0
DEM-040704,INS-005,1,0,31,0
DEM-040709,INS-005,1,0,29,0
DEM-040716,INS-005,1,0,4,0
DEM-040718,INS-005,1,1,151,405000
DEM-040730,INS-005,1,1,90,47083
DEM-040736,INS-005,1,0,4,0
DEM-040740,INS-005,1,0,4,0
DEM-040745,INS-005,1,0,34,0
DEM-040758,INS-005,1,0,52,0
DEM-040761,INS-005,1,0,4,0
DEM-040789,INS-005,1,0,33,0
DEM-040798,INS-005,1,0,4,0
DEM-040801,INS-005,1,0,3,0
DEM-040810,INS-005,1,1,90,30294
DEM-040829,INS-005,1,0,4,0
DEM-040831,INS-005,1,0,4,0
DEM-040872,INS-005,1,0,3,0
DEM-040874,INS-005,1,0,61,0
DEM-040884,INS-005,1,0,4,0
DEM-040895,INS-005,1,0,25,0
DEM-040908,INS-005,1,1,120,35840
DEM-040909,INS-005,1,1,90,27777
DEM-040910,INS-005,1,0,4,0
DEM-040911,INS-005,1,0,0,0
DEM-040914,INS-005,1,0,1,0
DEM-040916,INS-005,1,1,121,46053
DEM-040917,INS-005,1,1,90,26836
DEM-040918,INS-005,1,1,90,12007
DEM-040923,INS-005,1,1,90,10321
DEM-040926,INS-005,1,0,1,0
DEM-040927,INS-005,1,1,90,3875
DEM-040929,INS-005,1,0,4,0
DEM-040944,INS-005,1,0,17,0
DEM-040945,INS-005,1,1,90,20000
DEM-040965,INS-005,1,0,4,0
DEM-040972,INS-005,1,1,90,22734
DEM-040994,INS-005,1,1,90,47500
DEM-041004,INS-005,1,0,4,0
DEM-041026,INS-005,1,0,40,0
DEM-041033,INS-005,1,0,28,0
DEM-041038,INS-005,1,0,38,0
DEM-041040,INS-005,0,0,28,0
DEM-041046,INS-005,1,0,22,0
DEM-041053,INS-005,1,0,3,0
DEM-041054,INS-005,1,1,121,83336
DEM-041055,INS-005,1,0,28,0
DEM-041056,INS-005,1,1,90,13333
DEM-041059,INS-005,1,0,3,0
DEM-041061,INS-005,1,0,4,0
DEM-041085,INS-005,1,0,4,0
DEM-041090,INS-005,1,0,28,0
DEM-041098,INS-005,0,0,3,0
DEM-041099,INS-005,1,0,3,0
DEM-041100,INS-005,1,0,2,0
DEM-041103,INS-005,1,0,4,0
DEM-041119,INS-005,1,0,0,0
DEM-041120,INS-005,1,0,30,0
DEM-041138,INS-005,1,0,33,0
DEM-041151,INS-005,1,0,65,0
DEM-041164,INS-005,1,0,4,0
DEM-041170,INS-005,1,0,3,0
DEM-041174,INS-005,1,0,4,0
DEM-041183,INS-005,1,0,4,0
DEM-041185,INS-005,1,0,48,0
DEM-041186,INS-005,1,0,7,0
DEM-041195,INS-005,1,0,28,0
DEM-041198,INS-005,1,0,33,0
DEM-041208,INS-005,1,0,4,0
DEM-041220,INS-005,0,0,4,0
DEM-041223,INS-005,1,0,80,0
DEM-041266,INS-005,0,0,2,0
DEM-041287,INS-005,1,0,4,0
DEM-041288,INS-005,1,0,4,0
DEM-041299,INS-005,1,0,35,0
DEM-041303,INS-005,0,0,46,0
DEM-041320,INS-005,1,0,4,0
DEM-041329,INS-005,1,0,85,0
DEM-041331,INS-005,1,0,0,0
DEM-041332,INS-005,1,0,26,0
DEM-041333,INS-005,1,0,4,0
DEM-041335,INS-005,0,0,4,0
DEM-041337,INS-005,1,0,4,0
DEM-041354,INS-005,1,0,2,0
DEM-041362,INS-005,1,0,32,0
DEM-041369,INS-005,1,0,47,0
DEM-041370,INS-005,1,0,0,0
DEM-041387,INS-005,1,0,4,0
DEM-041391,INS-005,1,0,2,0
DEM-041393,INS-005,1,0,34,0
DEM-041397,INS-005,1,0,4,0
DEM-041403,INS-005,1,0,2,0
DEM-041407,INS-005,1,0,28,0
DEM-041408,INS-005,1,0,30,0
DEM-041410,INS-005,1,0,0,0
DEM-041418,INS-005,1,0,3,0
DEM-041420,INS-005,1,0,1,0
DEM-041433,INS-005,1,0,0,0
DEM-041434,INS-005,1,0,4,0
DEM-041455,INS-005,1,0,3,0
DEM-041456,INS-005,0,0,4,0
DEM-041459,INS-005,1,1,112,105000
DEM-041461,INS-005,1,0,31,0
DEM-041482,INS-005,1,1,90,13896
DEM-041493,INS-005,1,0,3,0
DEM-041520,INS-005,1,0,4,0
DEM-041522,INS-005,0,0,4,0
DEM-041526,INS-005,1,1,90,125000
DEM-041537,INS-005,1,1,121,88888
DEM-041551,INS-005,1,1,90,14166
DEM-041576,INS-005,1,0,22,0
DEM-041579,INS-005,1,0,8,0
DEM-041580,INS-005,1,0,22,0
DEM-041581,INS-005,1,0,2,0
DEM-041587,INS-005,1,0,2,0
DEM-041599,INS-005,1,1,90,64166
DEM-041611,INS-005,1,0,53,0
DEM-041612,INS-005,1,0,28,0
DEM-041619,INS-005,0,0,4,0
DEM-041639,INS-005,1,0,31,0
DEM-041663,INS-005,1,1,90,21420
DEM-041665,INS-005,1,0,51,0
DEM-041666,INS-005,1,0,19,0
DEM-041701,INS-005,1,0,3,0
DEM-041727,INS-005,1,0,2,0
DEM-041729,INS-005,1,0,1,0
DEM-041736,INS-005,1,0,3,0
DEM-041745,INS-005,1,0,29,0
DEM-041750,INS-005,1,0,0,0
DEM-041752,INS-005,1,0,3,0
DEM-041760,INS-005,1,0,3,0
DEM-041780,INS-005,1,0,4,0
DEM-041788,INS-005,1,0,30,0
DEM-041789,INS-005,1,1,90,26324
DEM-041790,INS-005,1,1,121,17139
DEM-041791,INS-005,1,0,30,0
DEM-041795,INS-005,1,0,2,0
DEM-041804,INS-005,1,0,3,0
DEM-041821,INS-005,1,0,30,0
DEM-041830,INS-005,1,0,3,0
DEM-041838,INS-005,1,0,69,0
DEM-041839,INS-005,1,0,4,0
DEM-041867,INS-005,1,0,1,0
DEM-041868,INS-005,1,0,4,0
DEM-041874,INS-005,1,0,3,0
DEM-041888,INS-005,1,0,18,0
DEM-041894,INS-005,1,0,27,0
DEM-041895,INS-005,1,0,4,0
DEM-041896,INS-005,1,1,90,28333
DEM-041922,INS-005,1,0,0,0
DEM-041933,INS-005,1,0,21,0
DEM-041946,INS-005,1,0,4,0
DEM-041975,INS-005,1,0,4,0
DEM-041984,INS-005,1,0,3,0
DEM-041989,INS-005,0,0,28,0
DEM-041992,INS-005,1,0,3,0
DEM-041994,INS-005,1,0,2,0
DEM-042001,INS-005,1,0,29,0
DEM-042005,INS-005,1,0,33,0
DEM-042018,INS-005,1,0,3,0
DEM-042026,INS-005,0,1,90,3966
DEM-042039,INS-005,1,0,4,0
DEM-042041,INS-005,1,0,4,0
DEM-042050,INS-005,1,0,4,0
DEM-042055,INS-005,1,0,33,0
DEM-042056,INS-005,1,1,90,28337
DEM-042057,INS-005,1,1,121,68495
DEM-042058,INS-005,1,0,32,0
DEM-042061,INS-005,1,0,18,0
DEM-042070,INS-005,1,0,37,0
DEM-042072,INS-005,0,0,15,0
DEM-042073,INS-005,1,0,28,0
DEM-042076,INS-005,1,1,151,132032
DEM-042077,INS-005,1,0,28,0
DEM-042078,INS-005,1,0,28,0
DEM-042079,INS-005,1,0,3,0
DEM-042082,INS-005,1,1,90,15056
DEM-042083,INS-005,1,0,28,0
DEM-042084,INS-005,1,0,29,0
DEM-042086,INS-005,1,1,90,34052
DEM-042089,INS-005,1,1,90,19333
DEM-042095,INS-005,1,0,2,0
DEM-042106,INS-005,1,0,33,0
DEM-042119,INS-005,1,0,0,0
DEM-042126,INS-005,1,0,3,0
DEM-042127,INS-005,1,0,35,0
DEM-042128,INS-005,1,0,0,0
DEM-042135,INS-005,0,0,18,0
DEM-042138,INS-005,1,0,3,0
DEM-042139,INS-005,1,0,4,0
DEM-042140,INS-005,1,0,32,0
DEM-042145,INS-005,1,0,32,0
DEM-042147,INS-005,1,0,0,0
DEM-042148,INS-005,0,0,33,0
DEM-042150,INS-005,1,0,88,0
DEM-042163,INS-005,1,0,32,0
DEM-042172,INS-005,1,0,28,0
DEM-042173,INS-005,1,0,2,0
DEM-042190,INS-005,1,0,3,0
DEM-042205,INS-005,1,0,21,0
DEM-042207,INS-005,1,0,4,0
DEM-042211,INS-005,1,0,4,0
DEM-042215,INS-005,1,0,3,0
DEM-042223,INS-005,1,0,1,0
DEM-042238,INS-005,1,0,33,0
DEM-042249,INS-005,1,0,20,0
DEM-042250,INS-005,1,0,2,0
DEM-042258,INS-005,1,0,4,0
DEM-042261,INS-005,1,0,4,0
DEM-042267,INS-005,1,0,3,0
DEM-042268,INS-005,1,0,12,0
DEM-042281,INS-005,1,0,1,0
DEM-042291,INS-005,1,0,29,0
DEM-042294,INS-005,0,0,35,0
DEM-042297,INS-005,1,0,3,0
DEM-042306,INS-005,1,1,90,24698
DEM-042315,INS-005,1,0,4,0
DEM-042324,INS-005,1,0,2,0
DEM-042336,INS-005,1,0,4,0
DEM-042345,INS-005,1,0,30,0
DEM-042359,INS-005,1,0,3,0
DEM-042364,INS-005,1,0,4,0
DEM-042373,INS-005,0,0,2,0
DEM-042383,INS-005,1,0,81,0
DEM-042384,INS-005,1,1,90,5504
DEM-042410,INS-005,1,0,28,0
DEM-042413,INS-005,1,0,51,0
DEM-042414,INS-005,1,0,35,0
DEM-042416,INS-005,1,0,52,0
DEM-042422,INS-005,1,0,4,0
DEM-042423,INS-005,1,0,3,0
DEM-042437,INS-005,0,0,33,0
DEM-042462,INS-005,1,0,0,0
DEM-042471,INS-005,1,0,4,0
DEM-042474,INS-005,1,1,90,4873
DEM-042494,INS-005,0,0,3,0
DEM-042495,INS-005,1,0,32,0
DEM-042514,INS-005,1,0,4,0
DEM-042516,INS-005,1,0,4,0
DEM-042539,INS-005,1,1,117,17124
DEM-042540,INS-005,1,1,90,10242
DEM-042556,INS-005,1,0,4,0
DEM-042561,INS-005,1,0,4,0
DEM-042574,INS-005,1,0,0,0
DEM-042592,INS-005,1,0,4,0
DEM-042595,INS-005,1,0,14,0
DEM-042623,INS-005,1,0,3,0
DEM-042658,INS-005,0,0,30,0
DEM-042662,INS-005,1,0,4,0
DEM-042668,INS-005,1,1,90,27500
DEM-042684,INS-005,1,0,51,0
DEM-042685,INS-005,1,0,1,0
DEM-042703,INS-005,1,1,90,40833
DEM-042706,INS-005,1,0,4,0
DEM-042713,INS-005,1,0,4,0
DEM-042720,INS-005,0,1,90,90000
DEM-042733,INS-005,1,1,180,286664
DEM-042736,INS-005,1,0,2,0
DEM-042738,INS-005,1,1,90,4701
DEM-042739,INS-005,1,0,4,0
DEM-042740,INS-005,1,0,37,0
DEM-042741,INS-005,0,0,4,0
DEM-042743,INS-005,1,0,26,0
DEM-042748,INS-005,1,0,55,0
DEM-042750,INS-005,1,0,3,0
DEM-042751,INS-005,1,1,90,5555
DEM-042782,INS-005,1,0,2,0
DEM-042789,INS-005,1,0,4,0
DEM-042790,INS-005,0,0,4,0
DEM-042805,INS-005,1,0,33,0
DEM-042809,INS-005,1,0,3,0
DEM-042810,INS-005,1,0,4,0
DEM-042829,INS-005,1,0,4,0
DEM-042832,INS-005,1,0,32,0
DEM-042837,INS-005,1,1,90,75000
DEM-042842,INS-005,1,0,2,0
DEM-042847,INS-005,0,0,11,0
DEM-042848,INS-005,1,0,4,0
DEM-042849,INS-005,1,0,4,0
DEM-042854,INS-005,1,1,90,8923
DEM-042857,INS-005,1,0,19,0
DEM-042889,INS-005,1,0,4,0
DEM-042890,INS-005,1,0,31,0
DEM-042894,INS-005,1,0,39,0
DEM-042896,INS-005,1,1,90,24410
DEM-042897,INS-005,1,0,12,0
DEM-042903,INS-005,1,0,2,0
DEM-042904,INS-005,1,0,4,0
DEM-042905,INS-005,1,0,3,0
DEM-042913,INS-005,1,0,12,0
DEM-042921,INS-005,1,0,0,0
DEM-042943,INS-005,1,0,4,0
DEM-042946,INS-005,1,0,2,0
DEM-042948,INS-005,1,0,3,0
DEM-042954,INS-005,1,0,31,0
DEM-042958,INS-005,1,0,32,0
DEM-042966,INS-005,1,0,2,0
DEM-042978,INS-005,1,1,90,20833
DEM-042988,INS-005,1,0,28,0
DEM-043004,INS-005,1,0,3,0
DEM-043008,INS-005,0,0,40,0
DEM-043011,INS-005,1,0,33,0
DEM-043016,INS-005,1,0,0,0
DEM-043017,INS-005,1,0,3,0
DEM-043018,INS-005,1,0,11,0
DEM-043025,INS-005,1,0,4,0
DEM-043031,INS-005,1,0,34,0
DEM-043040,INS-005,1,0,4,0
DEM-043043,INS-005,1,0,0,0
DEM-043053,INS-005,1,0,28,0
DEM-043062,INS-005,1,0,3,0
DEM-043063,INS-005,1,0,0,0
DEM-043070,INS-005,1,1,90,23888
DEM-043111,INS-005,1,0,3,0
DEM-043123,INS-005,1,0,33,0
DEM-043136,INS-005,1,0,2,0
DEM-043139,INS-005,1,0,3,0
DEM-043146,INS-005,1,0,2,0
DEM-043147,INS-005,1,0,3,0
DEM-043161,INS-005,1,0,54,0
DEM-043169,INS-005,1,0,2,0
DEM-043181,INS-005,1,0,30,0
DEM-043187,INS-005,1,0,3,0
DEM-043188,INS-005,0,1,90,27777
DEM-043190,INS-005,1,0,4,0
DEM-043223,INS-005,1,0,9,0
DEM-043229,INS-005,1,0,2,0
DEM-043250,INS-005,1,1,120,40152
DEM-043266,INS-005,1,0,7,0
DEM-043273,INS-005,1,0,32,0
DEM-043297,INS-005,1,0,20,0
DEM-043319,INS-005,1,0,28,0
DEM-043325,INS-005,0,0,28,0
DEM-043331,INS-005,1,0,4,0
DEM-043332,INS-005,1,0,1,0
DEM-043344,INS-005,1,0,6,0
DEM-043355,INS-005,1,0,21,0
DEM-043361,INS-005,1,0,25,0
DEM-043374,INS-005,1,0,4,0
DEM-043380,INS-005,1,0,35,0
DEM-043386,INS-005,1,0,47,0
DEM-043389,INS-005,1,0,76,0
DEM-043394,INS-005,1,0,4,0
DEM-043395,INS-005,1,0,3,0
DEM-043398,INS-005,1,1,90,7765
DEM-043406,INS-005,1,0,0,0
DEM-043407,INS-005,1,0,38,0
DEM-043410,INS-005,1,0,4,0
DEM-043420,INS-005,1,0,3,0
DEM-043422,INS-005,1,0,4,0
DEM-043431,INS-005,1,0,28,0
DEM-043432,INS-005,1,1,90,5000
DEM-043434,INS-005,1,0,67,0
DEM-043456,INS-005,1,0,0,0
DEM-043469,INS-005,1,1,90,12343
DEM-043475,INS-005,1,0,31,0
DEM-043477,INS-005,1,0,1,0
DEM-043486,INS-005,1,0,24,0
DEM-043499,INS-005,1,0,12,0
DEM-043507,INS-005,1,0,4,0
DEM-043508,INS-005,1,0,4,0
DEM-043536,INS-005,1,0,0,0
DEM-043538,INS-005,1,0,28,0
DEM-043540,INS-005,1,0,58,0
DEM-043541,INS-005,1,0,34,0
DEM-043543,INS-005,1,0,3,0
DEM-043553,INS-005,1,0,33,0
DEM-043556,INS-005,1,0,32,0
DEM-043557,INS-005,1,0,33,0
DEM-043563,INS-005,1,1,90,1947
DEM-043567,INS-005,1,0,4,0
DEM-043569,INS-005,1,0,19,0
DEM-043573,INS-005,1,0,3,0
DEM-043574,INS-005,1,0,4,0
DEM-043577,INS-005,1,0,3,0
DEM-043578,INS-005,1,1,121,60037
DEM-043583,INS-005,1,0,28,0
DEM-043584,INS-005,0,0,58,0
DEM-043596,INS-005,1,0,4,0
DEM-043606,INS-005,1,0,4,0
DEM-043612,INS-005,1,0,30,0
DEM-043629,INS-005,1,0,0,0
DEM-043634,INS-005,0,0,0,0
DEM-043648,INS-005,1,0,4,0
DEM-043650,INS-005,1,0,31,0
DEM-043654,INS-005,0,1,121,39319
DEM-043673,INS-005,1,0,22,0
DEM-043677,INS-005,1,0,2,0
DEM-043687,INS-005,1,0,33,0
DEM-043692,INS-005,1,0,50,0
DEM-043703,INS-005,1,0,4,0
DEM-043704,INS-005,1,0,29,0
DEM-043715,INS-005,1,0,3,0
DEM-043723,INS-005,1,0,46,0
DEM-043725,INS-005,1,0,4,0
DEM-043737,INS-005,1,0,35,0
DEM-043740,INS-005,1,0,13,0
DEM-043742,INS-005,1,1,90,14761
DEM-043757,INS-005,0,0,35,0
DEM-043761,INS-005,1,0,34,0
DEM-043764,INS-005,1,0,33,0
DEM-043766,INS-005,1,0,3,0
DEM-043779,INS-005,1,0,27,0
DEM-043796,INS-005,1,0,3,0
DEM-043802,INS-005,1,0,4,0
DEM-043817,INS-005,1,1,121,78332
DEM-043820,INS-005,1,0,23,0
DEM-043825,INS-005,1,0,21,0
DEM-043833,INS-005,1,0,4,0
DEM-043836,INS-005,1,0,30,0
DEM-043840,INS-005,1,0,4,0
DEM-043853,INS-005,1,0,2,0
DEM-043855,INS-005,1,0,2,0
DEM-043859,INS-005,1,1,90,22083
DEM-043864,INS-005,1,0,0,0
DEM-043873,INS-005,0,0,3,0
DEM-043874,INS-005,1,0,4,0
DEM-043885,INS-005,1,1,121,96861
DEM-043886,INS-005,1,0,34,0
DEM-043892,INS-005,1,0,4,0
DEM-043896,INS-005,1,0,31,0
DEM-043907,INS-005,1,1,121,95000
DEM-043912,INS-005,1,0,17,0
DEM-043924,INS-005,1,0,3,0
DEM-043929,INS-005,1,0,0,0
DEM-043933,INS-005,1,0,3,0
DEM-043944,INS-005,1,0,4,0
DEM-043949,INS-005,1,1,90,9838
DEM-043950,INS-005,1,0,2,0
DEM-043954,INS-005,1,0,3,0
DEM-043955,INS-005,1,0,3,0
DEM-043967,INS-005,1,0,4,0
DEM-043976,INS-005,1,0,26,0
DEM-043988,INS-005,1,0,4,0
DEM-043996,INS-005,1,0,3,0
DEM-044012,INS-005,1,0,4,0
DEM-044017,INS-005,1,0,3,0
DEM-044018,INS-005,1,0,4,0
DEM-044033,INS-005,0,0,4,0
DEM-044036,INS-005,1,1,121,111853
DEM-044037,INS-005,1,0,9,0
DEM-044044,INS-005,0,0,2,0
DEM-044055,INS-005,1,0,20,0
DEM-044061,INS-005,1,0,3,0
DEM-044063,INS-005,1,0,45,0
DEM-044070,INS-005,1,0,3,0
DEM-044074,INS-005,1,0,3,0
DEM-044079,INS-005,1,0,9,0
DEM-044095,INS-005,1,1,90,66666
DEM-044098,INS-005,1,0,32,0
DEM-044099,INS-005,1,0,35,0
DEM-044104,INS-005,1,0,4,0
DEM-044105,INS-005,1,0,3,0
DEM-044115,INS-005,1,0,3,0
DEM-044119,INS-005,1,0,3,0
DEM-044139,INS-005,1,0,2,0
DEM-044143,INS-005,1,0,3,0
DEM-044145,INS-005,1,0,89,0
DEM-044146,INS-005,1,0,35,0
DEM-044151,INS-005,1,0,4,0
DEM-044152,INS-005,1,0,3,0
DEM-044154,INS-005,1,0,2,0
DEM-044158,INS-005,1,0,14,0
DEM-044166,INS-005,1,0,3,0
DEM-044169,INS-005,1,0,4,0
DEM-044175,INS-005,1,0,1,0
DEM-044176,INS-005,1,0,20,0
DEM-044184,INS-005,1,0,47,0
DEM-044187,INS-005,1,0,27,0
DEM-044188,INS-005,1,0,3,0
DEM-044191,INS-005,1,0,3,0
DEM-044208,INS-005,1,0,16,0
DEM-044212,INS-005,1,0,4,0
DEM-044217,INS-005,1,0,2,0
DEM-044225,INS-005,1,0,1,0
DEM-044239,INS-005,1,0,30,0
DEM-044243,INS-005,1,0,60,0
DEM-044270,INS-005,1,0,3,0
DEM-044271,INS-005,1,0,0,0
DEM-044279,INS-005,1,1,90,22777
DEM-044281,INS-005,1,1,90,40000
DEM-044291,INS-005,1,1,90,5848
DEM-044296,INS-005,1,0,1,0
DEM-044305,INS-005,1,0,18,0
DEM-044311,INS-005,1,0,4,0
DEM-044320,INS-005,1,0,64,0
DEM-044333,INS-005,1,0,3,0
DEM-044338,INS-005,1,0,2,0
DEM-044339,INS-005,1,0,0,0
DEM-044343,INS-005,1,0,4,0
DEM-044346,INS-005,0,0,29,0
DEM-044357,INS-005,1,0,32,0
DEM-044365,INS-005,1,0,39,0
DEM-044370,INS-005,1,0,4,0
DEM-044373,INS-005,1,0,13,0
DEM-044379,INS-005,1,0,28,0
DEM-044380,INS-005,1,0,4,0
DEM-044382,INS-005,1,0,2,0
DEM-044390,INS-005,1,0,3,0
DEM-044397,INS-005,1,0,11,0
DEM-044400,INS-005,1,0,0,0
DEM-044404,INS-005,1,0,55,0
DEM-044405,INS-005,1,1,111,16666
DEM-044407,INS-005,1,0,24,0
DEM-044408,INS-005,1,0,34,0
DEM-044409,INS-005,1,1,90,80833
DEM-044420,INS-005,1,0,4,0
DEM-044439,INS-005,1,0,4,0
DEM-044440,INS-005,1,0,76,0
DEM-044441,INS-005,1,1,90,37500
DEM-044448,INS-005,1,0,0,0
DEM-044456,INS-005,1,0,33,0
DEM-044462,INS-005,1,0,4,0
DEM-044473,INS-005,1,0,3,0
DEM-044474,INS-005,1,0,1,0
DEM-044493,INS-005,1,0,0,0
DEM-044495,INS-005,1,0,28,0
DEM-044502,INS-005,1,0,4,0
DEM-044503,INS-005,1,0,2,0
DEM-044504,INS-005,1,0,3,0
DEM-044525,INS-005,1,0,4,0
DEM-044527,INS-005,1,0,3,0
DEM-044534,INS-005,1,0,2,0
DEM-044538,INS-005,0,0,32,0
DEM-044540,INS-005,0,0,33,0
DEM-044544,INS-005,1,0,2,0
DEM-044554,INS-005,1,0,3,0
DEM-044563,INS-005,1,0,4,0
DEM-044570,INS-005,1,0,34,0
DEM-044572,INS-005,1,0,42,0
DEM-044590,INS-005,1,0,12,0
DEM-044595,INS-005,1,1,90,15004
DEM-044605,INS-005,1,0,1,0
DEM-044622,INS-005,1,0,3,0
DEM-044623,INS-005,1,0,4,0
DEM-044624,INS-005,1,0,7,0
DEM-044648,INS-005,1,0,32,0
DEM-044650,INS-005,1,0,6,0
DEM-044658,INS-005,1,0,1,0
DEM-044666,INS-005,1,0,0,0
DEM-044678,INS-005,1,0,59,0
DEM-044685,INS-005,1,0,2,0
DEM-044700,INS-005,1,0,51,0
DEM-044709,INS-005,1,0,33,0
DEM-044716,INS-005,1,1,130,55554
DEM-044718,INS-005,1,0,28,0
DEM-044719,INS-005,1,0,28,0
DEM-044721,INS-005,1,0,4,0
DEM-044729,INS-005,1,0,33,0
DEM-044735,INS-005,1,0,1,0
DEM-044739,INS-005,1,0,4,0
DEM-044744,INS-005,1,0,2,0
DEM-044747,INS-005,1,0,0,0
DEM-044756,INS-005,1,1,90,83333
DEM-044761,INS-005,1,0,19,0
DEM-044767,INS-005,1,0,0,0
DEM-044771,INS-005,1,0,4,0
DEM-044785,INS-005,1,0,4,0
DEM-044790,INS-005,1,0,34,0
DEM-044799,INS-005,1,0,35,0
DEM-044802,INS-005,1,0,31,0
DEM-044803,INS-005,1,0,28,0
DEM-044804,INS-005,1,0,0,0
DEM-044809,INS-005,1,0,4,0
DEM-044814,INS-005,1,0,14,0
DEM-044827,INS-005,1,0,3,0
DEM-044836,INS-005,1,1,90,16666
DEM-044841,INS-005,1,0,4,0
DEM-044849,INS-005,1,0,60,0
DEM-044862,INS-005,1,1,90,8333
DEM-044884,INS-005,1,0,35,0
DEM-044886,INS-005,1,0,3,0
DEM-044892,INS-005,1,1,92,77988
DEM-044899,INS-005,1,0,33,0
DEM-044900,INS-005,1,0,0,0
DEM-044903,INS-005,1,0,4,0
DEM-044906,INS-005,1,0,34,0
DEM-044921,INS-005,1,0,13,0
DEM-044923,INS-005,1,1,90,12500
DEM-044933,INS-005,1,0,84,0
DEM-044935,INS-005,1,0,4,0
DEM-044937,INS-005,1,0,4,0
DEM-044956,INS-005,1,0,4,0
DEM-044993,INS-005,1,0,7,0
DEM-045014,INS-005,1,0,83,0
DEM-045015,INS-005,1,0,26,0
DEM-045024,INS-005,1,0,29,0
DEM-045038,INS-005,1,0,1,0
DEM-045041,INS-005,1,0,24,0
DEM-045045,INS-005,1,0,0,0
DEM-045048,INS-005,1,0,4,0
DEM-045057,INS-005,1,1,90,11437
DEM-045079,INS-005,1,0,4,0
DEM-045083,INS-005,0,1,90,17500
DEM-045091,INS-005,0,0,4,0
DEM-045104,INS-005,1,1,121,55554
DEM-045129,INS-005,1,0,30,0
DEM-045134,INS-005,1,0,1,0
DEM-045144,INS-005,1,0,4,0
DEM-045145,INS-005,1,0,4,0
DEM-045150,INS-005,1,0,32,0
DEM-045159,INS-005,1,0,75,0
DEM-045171,INS-005,1,0,28,0
DEM-045172,INS-005,1,1,90,41111
DEM-045175,INS-005,1,1,90,16666
DEM-045178,INS-005,1,0,112,0
DEM-045180,INS-005,1,0,34,0
DEM-045188,INS-005,1,0,4,0
DEM-045190,INS-005,1,0,4,0
DEM-045192,INS-005,1,0,21,0
DEM-045199,INS-005,0,1,120,15647
DEM-045215,INS-005,1,0,10,0
DEM-045216,INS-005,1,0,0,0
DEM-045257,INS-005,1,0,2,0
DEM-045258,INS-005,1,0,4,0
DEM-045259,INS-005,0,0,2,0
DEM-045265,INS-005,1,0,4,0
DEM-045267,INS-005,1,0,25,0
DEM-045269,INS-005,1,0,4,0
DEM-045271,INS-005,1,0,2,0
DEM-045300,INS-005,1,0,30,0
DEM-045304,INS-005,1,0,30,0
DEM-045305,INS-005,1,0,3,0
DEM-045316,INS-005,1,0,23,0
DEM-045322,INS-005,1,0,60,0
DEM-045326,INS-005,0,1,90,100000
DEM-045327,INS-005,0,1,104,24999
DEM-045341,INS-005,1,0,3,0
DEM-045346,INS-005,1,0,4,0
DEM-045358,INS-005,1,0,29,0
DEM-045359,INS-005,1,0,4,0
DEM-045370,INS-005,1,1,65,63336
DEM-045371,INS-005,1,0,4,0
DEM-045373,INS-005,1,0,4,0
DEM-045378,INS-005,1,0,28,0
DEM-045380,INS-005,1,0,34,0
DEM-045388,INS-005,1,0,27,0
DEM-045389,INS-005,1,0,8,0
DEM-045394,INS-005,1,0,4,0
DEM-045395,INS-005,1,0,3,0
DEM-045415,INS-005,1,0,32,0
DEM-045430,INS-005,1,0,3,0
DEM-045437,INS-005,1,0,20,0
DEM-045448,INS-005,1,0,2,0
DEM-045453,INS-005,1,1,101,12321
DEM-045459,INS-005,1,1,64,71812
DEM-045460,INS-005,1,0,83,0
DEM-045461,INS-005,1,0,2,0
DEM-045462,INS-005,1,0,4,0
DEM-045465,INS-005,1,0,3,0
DEM-045469,INS-005,1,0,51,0
DEM-045478,INS-005,1,0,4,0
DEM-045493,INS-005,1,0,4,0
DEM-045497,INS-005,1,0,4,0
DEM-045506,INS-005,1,0,31,0
DEM-045508,INS-005,1,0,0,0
DEM-045518,INS-005,1,0,31,0
DEM-045519,INS-005,1,0,0,0
DEM-045532,INS-005,1,0,0,0
DEM-045535,INS-005,1,1,90,44630
DEM-045542,INS-005,1,0,36,0
DEM-045546,INS-005,1,0,6,0
DEM-045550,INS-005,1,0,4,0
DEM-045554,INS-005,1,0,2,0
DEM-045559,INS-005,1,0,4,0
DEM-045565,INS-005,1,0,4,0
DEM-045568,INS-005,0,1,90,41666
DEM-045577,INS-005,1,0,2,0
DEM-045580,INS-005,1,0,4,0
DEM-045584,INS-005,0,0,1,0
DEM-045586,INS-005,1,0,3,0
DEM-045589,INS-005,1,0,3,0
DEM-045590,INS-005,1,0,3,0
DEM-045596,INS-005,1,0,3,0
DEM-045608,INS-005,1,0,62,0
DEM-045615,INS-005,1,0,27,0
DEM-045629,INS-005,1,0,22,0
DEM-045648,INS-005,1,0,35,0
DEM-045658,INS-005,1,0,4,0
DEM-045665,INS-005,0,0,32,0
DEM-045670,INS-005,1,0,1,0
DEM-045676,INS-005,1,0,84,0
DEM-045678,INS-005,1,0,35,0
DEM-045699,INS-005,1,0,33,0
DEM-045700,INS-005,1,0,35,0
DEM-045701,INS-005,1,0,37,0
DEM-045711,INS-005,1,1,169,150000
DEM-045715,INS-005,1,0,4,0
DEM-045716,INS-005,1,0,34,0
DEM-045717,INS-005,1,0,4,0
DEM-045718,INS-005,1,0,11,0
DEM-045720,INS-005,1,0,2,0
DEM-045722,INS-005,1,0,4,0
DEM-045724,INS-005,1,0,2,0
DEM-045725,INS-005,1,0,3,0
DEM-045729,INS-005,1,0,33,0
DEM-045745,INS-005,1,0,0,0
DEM-045763,INS-005,1,0,4,0
DEM-045780,INS-005,1,0,0,0
DEM-045791,INS-005,1,0,4,0
DEM-045793,INS-005,1,0,4,0
DEM-045799,INS-005,1,0,21,0
DEM-045803,INS-005,1,0,71,0
DEM-045805,INS-005,1,0,3,0
DEM-045806,INS-005,1,0,3,0
DEM-045812,INS-005,1,0,36,0
DEM-045817,INS-005,1,0,10,0
DEM-045830,INS-005,1,0,3,0
DEM-045838,INS-005,1,0,4,0
DEM-045843,INS-005,1,0,51,0
DEM-045855,INS-005,1,0,2,0
DEM-045859,INS-005,1,0,2,0
DEM-045860,INS-005,1,0,3,0
DEM-045865,INS-005,1,0,0,0
DEM-045873,INS-005,1,0,32,0
DEM-045880,INS-005,1,0,31,0
DEM-045881,INS-005,1,0,2,0
DEM-045882,INS-005,1,0,0,0
DEM-045887,INS-005,1,0,0,0
DEM-045888,INS-005,1,0,14,0
DEM-045897,INS-005,1,0,77,0
DEM-045901,INS-005,1,0,0,0
DEM-045917,INS-005,1,0,35,0
DEM-045926,INS-005,1,1,90,43334
DEM-045929,INS-005,1,0,12,0
DEM-045930,INS-005,0,0,4,0
DEM-045932,INS-005,1,0,0,0
DEM-045937,INS-005,0,0,0,0
DEM-045941,INS-005,1,0,32,0
DEM-045943,INS-005,1,0,4,0
DEM-045946,INS-005,1,0,81,0
DEM-045951,INS-005,1,0,3,0
DEM-045952,INS-005,1,0,24,0
DEM-045953,INS-005,1,0,51,0
DEM-045954,INS-005,1,0,4,0
DEM-045957,INS-005,1,0,2,0
DEM-045962,INS-005,1,0,4,0
DEM-045970,INS-005,1,0,48,0
DEM-045977,INS-005,1,0,29,0
DEM-045980,INS-005,1,0,2,0
DEM-045985,INS-005,1,0,1,0
DEM-045991,INS-005,1,0,0,0
DEM-045994,INS-005,1,0,73,0
DEM-045997,INS-005,1,0,3,0
DEM-045998,INS-005,1,0,26,0
DEM-046004,INS-005,1,0,38,0
DEM-046010,INS-005,1,0,3,0
DEM-046013,INS-005,1,0,4,0
DEM-046015,INS-005,1,0,4,0
DEM-046025,INS-005,1,0,31,0
DEM-046026,INS-005,1,0,4,0
DEM-046027,INS-005,1,0,0,0
DEM-046035,INS-005,1,0,0,0
DEM-046048,INS-005,1,0,2,0
DEM-046051,INS-005,1,0,3,0
DEM-046062,INS-005,0,0,4,0
DEM-046064,INS-005,1,0,2,0
DEM-046069,INS-005,1,0,14,0
DEM-046077,INS-005,1,0,65,0
DEM-046078,INS-005,1,0,4,0
DEM-046085,INS-005,1,0,3,0
DEM-046086,INS-005,1,0,31,0
DEM-046089,INS-005,0,0,7,0
DEM-046092,INS-005,1,0,51,0
DEM-046093,INS-005,1,0,71,0
DEM-046096,INS-005,1,0,4,0
DEM-046099,INS-005,1,0,4,0
DEM-046109,INS-005,1,0,3,0
DEM-046137,INS-005,1,0,17,0
DEM-046144,INS-005,1,0,3,0
DEM-046147,INS-005,0,0,3,0
DEM-046151,INS-005,1,0,20,0
DEM-046153,INS-005,1,0,2,0
DEM-046161,INS-005,1,0,11,0
DEM-046163,INS-005,1,0,2,0
DEM-046165,INS-005,1,0,28,0
DEM-046166,INS-005,1,0,4,0
DEM-046172,INS-005,1,0,3,0
DEM-046179,INS-005,1,0,61,0
DEM-046188,INS-005,1,0,2,0
DEM-046196,INS-005,1,0,21,0
DEM-046199,INS-005,1,0,58,0
DEM-046200,INS-005,1,0,4,0
DEM-046201,INS-005,1,0,28,0
DEM-046213,INS-005,1,0,1,0
DEM-046215,INS-005,1,0,46,0
DEM-046227,INS-005,1,0,34,0
DEM-046231,INS-005,1,0,3,0
DEM-046238,INS-005,1,0,24,0
DEM-046247,INS-005,1,0,2,0
DEM-046262,INS-005,1,0,1,0
DEM-046289,INS-005,0,0,3,0
DEM-046292,INS-005,1,0,0,0
DEM-046294,INS-005,1,0,0,0
DEM-046299,INS-005,1,0,38,0
DEM-046301,INS-005,0,0,3,0
DEM-046305,INS-005,1,0,4,0
DEM-046320,INS-005,1,0,7,0
DEM-046326,INS-005,1,0,13,0
DEM-046329,INS-005,0,0,2,0
DEM-046333,INS-005,1,0,27,0
DEM-046340,INS-005,1,0,0,0
DEM-046347,INS-005,1,0,4,0
DEM-046358,INS-005,1,0,4,0
DEM-046365,INS-005,1,0,17,0
DEM-046376,INS-005,1,0,33,0
DEM-046379,INS-005,1,0,0,0
DEM-046382,INS-005,1,0,3,0
DEM-046394,INS-005,1,0,4,0
DEM-046412,INS-005,1,0,33,0
